,병원이름,병원종류,전화번호,병원주소,월,화,수,목,금,토,일,영업시간,쉬는시간,접수마감,정기휴무
0,메디스치과의원 경성대,치과,0507-1315-7475,부산 남구 수영로 295 세웅빌딩 4층,,,"10:00 - 19:00
13:00 - 14:00 휴게시간","10:00 - 20:00
13:00 - 14:00 휴게시간","10:00 - 19:00
13:00 - 14:00 휴게시간",10:00 - 14:00,정기휴무 (매주 일요일),"

10:00 - 19:00
10:00 - 20:00
10:00 - 19:00
10:00 - 14:00
정기휴무 (매주 일요일)",,, 일요일
1,바른얼굴덕치과의원,치과,051-623-2080,부산 남구 수영로 261 제401동 208호~209호,"10:00 - 19:00
13:00 - 14:00 휴게시간",,10:00 - 14:00,"10:00 - 20:00
13:00 - 14:00 휴게시간","10:00 - 19:00
13:00 - 14:00 휴게시간",10:00 - 14:00,정기휴무 (매주 일요일),"10:00 - 19:00

10:00 - 14:00
10:00 - 20:00
10:00 - 19:00
10:00 - 14:00
정기휴무 (매주 일요일)",13:00 - 14:00 ,, 일요일
2,부산고려병원,정형외과,0507-1373-3005,부산 남구 수영로 238 고려병원,"09:00 - 18:00
12:30 - 13:30 휴게시간",,"09:00 - 18:00
12:30 - 13:30 휴게시간","09:00 - 18:00
12:30 - 13:30 휴게시간","09:00 - 18:00
12:30 - 13:30 휴게시간",09:00 - 13:00,정기휴무 (매주 일요일),"09:00 - 18:00

09:00 - 18:00
09:00 - 18:00
09:00 - 18:00
09:00 - 13:00
정기휴무 (매주 일요일)",12:30 - 13:30 ,, 일요일
3,블리비의원 부산경성대점,피부과,1833-9179,부산 남구 수영로 300 10층,"10:00 - 20:00
13:00 - 14:00 휴게시간",,"10:00 - 20:00
13:00 - 14:00 휴게시간","10:00 - 20:00
13:00 - 14:00 휴게시간","10:00 - 20:00
13:00 - 14:00 휴게시간",10:00 - 15:00,정기휴무 (매주 일요일),"10:00 - 20:00

10:00 - 20:00
10:00 - 20:00
10:00 - 20:00
10:00 - 15:00
정기휴무 (매주 일요일)",13:00 - 14:00 ,, 일요일
4,미래이비인후과의원,이비인후과,051-623-7535,부산 남구 분포로 115 힐탑탑플레이스 A동 302호,"09:00 - 18:00
12:15 - 14:00 휴게시간",,09:00 - 12:10,"09:00 - 18:00
12:15 - 14:00 휴게시간","09:00 - 18:00
12:15 - 14:00 휴게시간",09:00 - 13:00,정기휴무 (매주 일요일),"09:00 - 18:00

09:00 - 12:10
09:00 - 18:00
09:00 - 18:00
09:00 - 13:00
정기휴무 (매주 일요일)",12:15 - 14:00 ,, 일요일
5,다솜의원,내과,051-637-7855,부산 남구 전포대로91번길 47 이마트 3층,"10:00 - 20:30
13:00 - 14:30 휴게시간",,"10:00 - 20:30
13:00 - 14:30 휴게시간","10:00 - 20:30
13:00 - 14:30 휴게시간","10:00 - 20:30
13:00 - 14:30 휴게시간","10:00 - 20:30
13:00 - 14:30 휴게시간","10:00 - 20:30
13:00 - 14:30 휴게시간","10:00 - 20:30

10:00 - 20:30
10:00 - 20:30
10:00 - 20:30
10:00 - 20:30
10:00 - 20:30",13:00 - 14:30 ,,
6,부산성소병원,"병원,의원",051-633-1123,부산 남구 수영로 175 SMG빌딩 부산성소병원,09:00 - 18:00,09:00 - 18:00,09:00 - 18:00,"09:00 - 18:00
접기",09:00 - 18:00,09:00 - 13:00,정보없음,"09:00 - 18:00
09:00 - 18:00
09:00 - 18:00
09:00 - 18:00
09:00 - 18:00
09:00 - 13:00
정보없음",,,
7,더퍼스트피부과의원,피부과,0507-1309-7099,부산 남구 수영로 299 루미너스타워 3층,"10:00 - 19:00
13:00 - 14:00 휴게시간",,"10:00 - 19:00
13:00 - 14:00 휴게시간","10:00 - 19:00
13:00 - 14:00 휴게시간","10:00 - 20:00
13:00 - 14:00 휴게시간",09:00 - 14:00,정기휴무 (매주 일요일),"10:00 - 19:00

10:00 - 19:00
10:00 - 19:00
10:00 - 20:00
09:00 - 14:00
정기휴무 (매주 일요일)",13:00 - 14:00 ,, 일요일
8,아름다운피부과의원,피부과,051-863-0075,"부산 남구 분포로 115 A동 201-1호, 202호",10:00 - 18:30,,10:00 - 18:30,10:00 - 18:30,10:00 - 18:30,10:00 - 14:00,정기휴무 (매주 일요일),"10:00 - 18:30

10:00 - 18:30
10:00 - 18:30
10:00 - 18:30
10:00 - 14:00
정기휴무 (매주 일요일)",,, 일요일
9,신봉식이비인후과의원,이비인후과,051-623-7337,부산 남구 수영로 340 플러스빌딩 3층,"09:00 - 18:30
12:30 - 14:00 휴게시간",,"09:00 - 18:30
12:30 - 14:00 휴게시간","09:00 - 18:30
12:30 - 14:00 휴게시간","09:00 - 18:30
12:30 - 14:00 휴게시간","09:00 - 15:00
13:00 - 14:00 휴게시간",정기휴무 (매주 일요일),"09:00 - 18:30

09:00 - 18:30
09:00 - 18:30
09:00 - 18:30
09:00 - 15:00
정기휴무 (매주 일요일)",12:30 - 14:00 ,, 일요일
10,바른이비인후과의원,이비인후과,0507-1400-8558,부산 남구 수영로 323 태강프라자 6층,"09:00 - 18:40
12:40 - 14:00 휴게시간",,"09:00 - 18:40
12:40 - 14:00 휴게시간","09:00 - 18:40
12:40 - 14:00 휴게시간","09:00 - 18:40
12:40 - 14:00 휴게시간","09:00 - 15:00
12:40 - 14:00 휴게시간",정기휴무 (매주 일요일),"09:00 - 18:40

09:00 - 18:40
09:00 - 18:40
09:00 - 18:40
09:00 - 15:00
정기휴무 (매주 일요일)",12:40 - 14:00 ,, 일요일
11,W365메디컬의원,이비인후과,0507-1395-0365,부산 남구 분포로 145,09:00 - 20:00,,09:00 - 20:00,"09:00 - 20:00
접기",09:00 - 20:00,09:00 - 16:00,09:00 - 16:00,"09:00 - 20:00

09:00 - 20:00
09:00 - 20:00
09:00 - 20:00
09:00 - 16:00
09:00 - 16:00",,,
12,닥터안치과의원,치과,0507-1465-1067,부산 남구 용주로6번길 30 2층,"09:30 - 19:00
13:00 - 14:30 휴게시간
18:30 접수마감",,"09:30 - 19:00
13:00 - 14:30 휴게시간
18:30 접수마감","09:30 - 19:00
13:00 - 14:30 휴게시간
18:30 접수마감","09:30 - 19:00
13:00 - 14:30 휴게시간
18:30 접수마감","09:30 - 13:00
12:30 접수마감",정기휴무 (매주 일요일),"09:30 - 19:00

09:30 - 19:00
09:30 - 19:00
09:30 - 19:00
09:30 - 13:00
정기휴무 (매주 일요일)",13:00 - 14:30 ,12:30, 일요일
13,남구보건소,보건소,051-607-6460,부산 남구 못골로 23,09:00 - 18:00,,09:00 - 18:00,09:00 - 18:00,09:00 - 18:00,정보없음,정보없음,"09:00 - 18:00

09:00 - 18:00
09:00 - 18:00
09:00 - 18:00
정보없음
정보없음",,,
14,코끼리소아청소년과의원,소아청소년과,051-633-8200,부산 남구 진남로127번길 8,"09:00 - 18:00
12:30 - 14:00 휴게시간",,14:00 - 18:00,"09:00 - 18:00
12:30 - 14:00 휴게시간",,09:00 - 13:00,정기휴무 (매주 일요일),"09:00 - 18:00

14:00 - 18:00
09:00 - 18:00

09:00 - 13:00
정기휴무 (매주 일요일)",12:30 - 14:00 ,, 일요일
15,부산성모병원,종합병원,051-933-7114,부산 남구 용호로232번길 25-14 부산성모병원,"08:30 - 17:30
12:30 - 13:30 휴게시간",,"08:30 - 17:30
12:30 - 13:30 휴게시간","08:30 - 17:30
12:30 - 13:30 휴게시간","08:30 - 17:30
12:30 - 13:30 휴게시간",08:30 - 12:30,정기휴무 (매주 일요일),"08:30 - 17:30

08:30 - 17:30
08:30 - 17:30
08:30 - 17:30
08:30 - 12:30
정기휴무 (매주 일요일)",12:30 - 13:30 ,, 일요일
16,부산아동병원,소아청소년과,051-612-7582,부산 남구 수영로 228,"09:30 - 20:00
13:00 - 14:00 휴게시간",,"09:30 - 20:00
13:00 - 14:00 휴게시간","09:30 - 20:00
13:00 - 14:00 휴게시간","09:30 - 20:00
13:00 - 14:00 휴게시간",09:30 - 13:00,09:30 - 13:00,"09:30 - 20:00

09:30 - 20:00
09:30 - 20:00
09:30 - 20:00
09:30 - 13:00
09:30 - 13:00",13:00 - 14:00 ,,
17,진내과의원,내과,051-627-0360,부산 남구 수영로 340 2층,"09:00 - 18:00
13:00 - 14:00 휴게시간
12:45, 17:45 접수마감",,"09:00 - 18:00
13:00 - 14:00 휴게시간
12:45, 17:45 접수마감","09:00 - 18:00
13:00 - 14:00 휴게시간
12:45, 17:45 접수마감","09:00 - 18:00
13:00 - 14:00 휴게시간
12:45, 17:45 접수마감","09:00 - 13:00
12:45 접수마감",정기휴무 (매주 일요일),"09:00 - 18:00

09:00 - 18:00
09:00 - 18:00
09:00 - 18:00
09:00 - 13:00
정기휴무 (매주 일요일)",13:00 - 14:00 ,12:45, 일요일
18,클린앤뷰티의원,피부과,0507-1329-7746,부산 남구 수영로 304 대승타워 5층,10:00 - 20:00,,10:00 - 20:00,10:00 - 18:30,10:00 - 20:00,10:00 - 15:30,정기휴무 (매주 일요일),"10:00 - 20:00

10:00 - 20:00
10:00 - 18:30
10:00 - 20:00
10:00 - 15:30
정기휴무 (매주 일요일)",,, 일요일
19,세종의원,내과,051-642-9977,부산 남구 수영로 30-1,09:00 - 20:00,,09:00 - 20:00,"09:00 - 20:00
접기",09:00 - 20:00,09:00 - 16:00,09:00 - 13:00,"09:00 - 20:00

09:00 - 20:00
09:00 - 20:00
09:00 - 20:00
09:00 - 16:00
09:00 - 13:00",,,
20,김계영내과소아청소년과의원,소아청소년과,051-627-7000,부산 남구 수영로 252 김계영내과,"09:00 - 18:00
13:00 - 14:00 휴게시간",,"09:00 - 18:00
13:00 - 14:00 휴게시간","09:00 - 18:00
13:00 - 14:00 휴게시간","09:00 - 18:00
13:00 - 14:00 휴게시간",09:00 - 13:00,정기휴무 (매주 일요일),"09:00 - 18:00

09:00 - 18:00
09:00 - 18:00
09:00 - 18:00
09:00 - 13:00
정기휴무 (매주 일요일)",13:00 - 14:00 ,, 일요일
21,아산김의원,가정의학과,051-626-8835,부산 남구 황령대로319번가길 158-4,,,09:00 - 12:30,"09:00 - 18:30
12:30 - 13:30 휴게시간",,,,"

09:00 - 12:30
09:00 - 18:30


",,,
22,소생한의원,한의원,0507-1480-1041,부산 남구 용호로 127 서현빌딩 1층 소생한의원,09:00 - 19:00,,09:00 - 19:00,09:00 - 19:00,09:00 - 19:00,09:00 - 13:00,정기휴무 (매주 일요일),"09:00 - 19:00

09:00 - 19:00
09:00 - 19:00
09:00 - 19:00
09:00 - 13:00
정기휴무 (매주 일요일)",,, 일요일
23,편한숲 정신건강의학과 의원,정신건강의학과,0507-1321-0241,부산 남구 수영로 323 403호,"09:30 - 18:30
13:00 - 14:00 휴게시간",,14:00 - 20:00,"09:30 - 18:30
13:00 - 14:00 휴게시간","09:30 - 18:30
13:00 - 14:00 휴게시간",09:00 - 13:00,정기휴무 (매주 일요일),"09:30 - 18:30

14:00 - 20:00
09:30 - 18:30
09:30 - 18:30
09:00 - 13:00
정기휴무 (매주 일요일)",13:00 - 14:00 ,, 일요일
24,코앤핑이비인후과의원,이비인후과,0507-1394-1003,부산 남구 못골로 87 2층,"08:30 - 18:30
13:00 - 14:00 휴게시간",,"08:30 - 18:30
13:00 - 14:00 휴게시간","08:30 - 18:30
13:00 - 14:00 휴게시간","08:30 - 20:00
13:00 - 14:00 휴게시간",08:30 - 14:00,09:00 - 13:00,"08:30 - 18:30

08:30 - 18:30
08:30 - 18:30
08:30 - 20:00
08:30 - 14:00
09:00 - 13:00",13:00 - 14:00 ,,
25,명이비인후과의원,이비인후과,051-612-7119,부산 남구 못골로12번길 84,"09:00 - 17:30
12:30 - 14:00 휴게시간
12:00, 17:00 접수마감",,"09:00 - 17:30
12:30 - 14:00 휴게시간
12:00, 17:00 접수마감","14:00 - 17:30
17:00 접수마감","09:00 - 17:30
12:30 - 14:00 휴게시간
12:00, 17:00 접수마감","09:00 - 12:30
12:00 접수마감",정기휴무 (매주 일요일),"09:00 - 17:30

09:00 - 17:30
14:00 - 17:30
09:00 - 17:30
09:00 - 12:30
정기휴무 (매주 일요일)",12:30 - 14:00 ,17:00, 일요일
26,킴스피부과의원 대연,피부과,0507-1449-0041,부산 남구 수영로 297 대영BD 9층,"10:00 - 18:30
12:30 - 14:00 휴게시간
18:00 접수마감",,"14:00 - 18:30
18:00 접수마감","10:00 - 18:30
12:30 - 14:00 휴게시간
18:00 접수마감","10:00 - 18:30
12:30 - 14:00 휴게시간
18:00 접수마감","09:30 - 13:30
13:00 접수마감",정기휴무 (매주 일요일),"10:00 - 18:30

14:00 - 18:30
10:00 - 18:30
10:00 - 18:30
09:30 - 13:30
정기휴무 (매주 일요일)",12:30 - 14:00 ,18:00, 일요일
27,수미지이비인후과의원,이비인후과,0507-1412-8058,부산 남구 수영로 304 대승타워 8층,"09:00 - 18:30
12:30 - 14:00 휴게시간
18:20 접수마감",,"09:00 - 18:30
12:30 - 14:00 휴게시간
18:20 접수마감","09:00 - 18:30
12:30 - 14:00 휴게시간
18:20 접수마감","09:00 - 18:30
12:30 - 14:00 휴게시간
18:20 접수마감","09:00 - 13:00
12:50 접수마감",정기휴무 (매주 일요일),"09:00 - 18:30

09:00 - 18:30
09:00 - 18:30
09:00 - 18:30
09:00 - 13:00
정기휴무 (매주 일요일)",12:30 - 14:00 ,12:50, 일요일
28,최정화소아청소년과의원,소아청소년과,051-612-1275,부산 남구 분포로 111 분산 1상가 2층,"09:30 - 18:00
12:30 - 14:00 휴게시간","09:30 - 18:00
12:30 - 14:00 휴게시간",14:00 - 18:00,"09:30 - 18:00
12:30 - 14:00 휴게시간
접기","09:30 - 18:00
12:30 - 14:00 휴게시간",09:00 - 13:00,정기휴무 (매주 일요일),"09:30 - 18:00
09:30 - 18:00
14:00 - 18:00
09:30 - 18:00
09:30 - 18:00
09:00 - 13:00
정기휴무 (매주 일요일)",12:30 - 14:00 ,, 일요일
29,김성미소아청소년과의원,소아청소년과,0507-1442-2054,부산 남구 분포로 115 B동 2층,"09:00 - 18:00
13:00 - 14:00 휴게시간
17:00 접수마감",,"09:00 - 18:00
13:00 - 14:00 휴게시간
17:00 접수마감","09:00 - 18:00
13:00 - 14:00 휴게시간
17:00 접수마감","09:00 - 18:00
13:00 - 14:00 휴게시간
17:00 접수마감","09:00 - 14:00
13:00 접수마감",정기휴무 (매주 일요일),"09:00 - 18:00

09:00 - 18:00
09:00 - 18:00
09:00 - 18:00
09:00 - 14:00
정기휴무 (매주 일요일)",13:00 - 14:00 ,13:00, 일요일
30,굿모닝내과의원,내과,0507-1407-7581,부산 남구 분포로 111 엘지메트로시티아파트,08:30 - 18:00,,08:30 - 13:00,08:30 - 18:00,08:30 - 18:00,08:30 - 13:00,정기휴무 (매주 일요일),"08:30 - 18:00

08:30 - 13:00
08:30 - 18:00
08:30 - 18:00
08:30 - 13:00
정기휴무 (매주 일요일)",,, 일요일
31,맑은솔이비인후과의원,이비인후과,0507-1446-4789,부산 남구 수영로 260 남천메디컬 2층 맑은솔이비인후과,"09:00 - 18:40
13:00 - 14:00 휴게시간",,"09:00 - 18:40
13:00 - 14:00 휴게시간","09:00 - 18:40
13:00 - 14:00 휴게시간","09:00 - 18:40
13:00 - 14:00 휴게시간",09:00 - 13:00,정기휴무 (매주 일요일),"09:00 - 18:40

09:00 - 18:40
09:00 - 18:40
09:00 - 18:40
09:00 - 13:00
정기휴무 (매주 일요일)",13:00 - 14:00 ,, 일요일
32,조영이비인후과의원,이비인후과,051-612-3119,부산 남구 분포로 111 엘지메트로시티아파트,"09:00 - 18:00
13:00 - 14:00 휴게시간","09:00 - 18:00
13:00 - 14:00 휴게시간","09:00 - 18:00
13:00 - 14:00 휴게시간","09:00 - 18:00
13:00 - 14:00 휴게시간
접기","09:00 - 18:00
13:00 - 14:00 휴게시간",09:00 - 13:00,정기휴무 (매주 일요일),"09:00 - 18:00
09:00 - 18:00
09:00 - 18:00
09:00 - 18:00
09:00 - 18:00
09:00 - 13:00
정기휴무 (매주 일요일)",13:00 - 14:00 ,, 일요일
33,늘편한내과의원,내과,051-621-0119,부산 남구 진남로 4 3층,"09:00 - 18:00
13:00 - 14:00 휴게시간",,"09:00 - 18:00
13:00 - 14:00 휴게시간","09:00 - 18:00
13:00 - 14:00 휴게시간","09:00 - 18:00
13:00 - 14:00 휴게시간",09:00 - 13:00,정기휴무 (매주 일요일),"09:00 - 18:00

09:00 - 18:00
09:00 - 18:00
09:00 - 18:00
09:00 - 13:00
정기휴무 (매주 일요일)",13:00 - 14:00 ,, 일요일
34,대연 류 피부과 의원,피부과,0507-1354-0630,부산 남구 수영로 240-1 이지스퀘어빌딩 2층,,,"09:30 - 19:00
12:30 - 14:00 휴게시간","09:30 - 19:00
12:30 - 14:00 휴게시간","09:30 - 19:00
12:30 - 14:00 휴게시간",09:30 - 15:00,정기휴무 (매주 일요일),"

09:30 - 19:00
09:30 - 19:00
09:30 - 19:00
09:30 - 15:00
정기휴무 (매주 일요일)",,, 일요일
35,뷰에르의원,피부과,051-621-1300,부산 남구 분포로 145 제스퀘어동 2108호,14:00 - 19:00,,"10:00 - 19:00
13:00 - 14:00 휴게시간","10:00 - 19:00
13:00 - 14:00 휴게시간","10:00 - 21:00
13:00 - 14:00 휴게시간",10:00 - 15:00,정기휴무 (매주 일요일),"14:00 - 19:00

10:00 - 19:00
10:00 - 19:00
10:00 - 21:00
10:00 - 15:00
정기휴무 (매주 일요일)",,, 일요일
36,대한결핵협회부산광역시지부복십자의원,내과,051-611-3622,부산 남구 수영로 299 4층,"09:00 - 17:30
12:30 - 13:30 휴게시간
12:00, 17:00 접수마감",,"09:00 - 17:30
12:30 - 13:30 휴게시간
12:00, 17:00 접수마감","09:00 - 17:30
12:30 - 13:30 휴게시간
12:00, 17:00 접수마감","09:00 - 17:30
12:30 - 13:30 휴게시간
12:00, 17:00 접수마감",정기휴무 (매주 토요일),정기휴무 (매주 일요일),"09:00 - 17:30

09:00 - 17:30
09:00 - 17:30
09:00 - 17:30
정기휴무 (매주 토요일)
정기휴무 (매주 일요일)",12:30 - 13:30 ,, 토요일
37,박지훈정신건강의학과의원,정신건강의학과,0507-1329-2525,부산 남구 수영로 330 3층 박지훈 정신건강의학과의원,"09:00 - 18:30
13:00 - 14:00 휴게시간",,"09:00 - 18:30
13:00 - 14:00 휴게시간","09:00 - 18:30
13:00 - 14:00 휴게시간","09:00 - 18:30
13:00 - 14:00 휴게시간",09:00 - 13:00,정기휴무 (매주 일요일),"09:00 - 18:30

09:00 - 18:30
09:00 - 18:30
09:00 - 18:30
09:00 - 13:00
정기휴무 (매주 일요일)",13:00 - 14:00 ,, 일요일
38,바른눈안과,안과,051-611-4455,부산 남구 수영로 297,"09:00 - 16:00
15:30 접수마감",,"09:00 - 16:00
15:30 접수마감","09:00 - 16:00
15:30 접수마감",정기휴무 (매주 금요일),"09:00 - 11:00
10:30 접수마감",정기휴무 (매주 일요일),"09:00 - 16:00

09:00 - 16:00
09:00 - 16:00
정기휴무 (매주 금요일)
09:00 - 11:00
정기휴무 (매주 일요일)",15:30 접수마감,15:30, 금요일
39,이화산부인과의원,산부인과,051-628-9888,부산 남구 수영로 216-2,"09:00 - 18:00
13:00 - 14:00 휴게시간",,"09:00 - 18:00
13:00 - 14:00 휴게시간","09:00 - 18:00
13:00 - 14:00 휴게시간","09:00 - 18:00
13:00 - 14:00 휴게시간","09:00 - 15:00
13:00 - 14:00 휴게시간",정기휴무 (매주 일요일),"09:00 - 18:00

09:00 - 18:00
09:00 - 18:00
09:00 - 18:00
09:00 - 15:00
정기휴무 (매주 일요일)",13:00 - 14:00 ,, 일요일
40,큰나무정형외과의원,정형외과,051-625-6119,부산 남구 용호로 54 대영빌딩,"09:00 - 18:00
13:00 - 14:00 휴게시간",,"09:00 - 18:00
13:00 - 14:00 휴게시간",14:00 - 18:00,"09:00 - 18:00
13:00 - 14:00 휴게시간",09:00 - 12:00,정기휴무 (매주 일요일),"09:00 - 18:00

09:00 - 18:00
14:00 - 18:00
09:00 - 18:00
09:00 - 12:00
정기휴무 (매주 일요일)",13:00 - 14:00 ,, 일요일
41,메트로성모안과의원,안과,051-714-3652,부산 남구 분포로 113 엘지메트로시티 주2상가 503호,"09:30 - 18:00
12:30 - 14:00 휴게시간",,14:00 - 18:00,"09:30 - 18:00
12:30 - 14:00 휴게시간","09:30 - 18:00
12:30 - 14:00 휴게시간",09:30 - 13:30,정기휴무 (매주 일요일),"09:30 - 18:00

14:00 - 18:00
09:30 - 18:00
09:30 - 18:00
09:30 - 13:30
정기휴무 (매주 일요일)",12:30 - 14:00 ,, 일요일
42,클라쎄피부과의원,피부과,0507-1418-7502,부산 남구 용호로 50,,,,"09:30 - 18:30
12:30 - 14:00 휴게시간
18:00 접수마감","09:30 - 18:30
12:30 - 14:00 휴게시간
18:00 접수마감","09:30 - 13:00
12:30 접수마감",정기휴무 (매주 일요일),"


09:30 - 18:30
09:30 - 18:30
09:30 - 13:00
정기휴무 (매주 일요일)",,12:30, 일요일
43,이의원,내과,051-633-2544,부산 남구 유엔로 10 뉴서울아파트,09:00 - 18:00,,09:00 - 18:00,09:00 - 18:00,09:00 - 18:00,09:00 - 12:30,정기휴무 (매주 일요일),"09:00 - 18:00

09:00 - 18:00
09:00 - 18:00
09:00 - 18:00
09:00 - 12:30
정기휴무 (매주 일요일)",,, 일요일
44,미래의원,"병원,의원",051-622-6100,부산 남구 수영로266번길 36,09:30 - 18:00,,09:30 - 18:00,09:30 - 18:00,09:30 - 18:00,09:30 - 13:00,정기휴무 (매주 일요일),"09:30 - 18:00

09:30 - 18:00
09:30 - 18:00
09:30 - 18:00
09:30 - 13:00
정기휴무 (매주 일요일)",,, 일요일
45,남경한의원,한의원,051-621-1135,부산 남구 수영로 312 21세기센츄리시티건물,"09:30 - 18:00
12:30 - 13:30 휴게시간",,"09:30 - 18:00
12:30 - 13:30 휴게시간","09:30 - 18:00
12:30 - 13:30 휴게시간","09:30 - 18:00
12:30 - 13:30 휴게시간",09:30 - 14:00,정기휴무 (매주 일요일),"09:30 - 18:00

09:30 - 18:00
09:30 - 18:00
09:30 - 18:00
09:30 - 14:00
정기휴무 (매주 일요일)",12:30 - 13:30 ,, 일요일
46,대연성모안과,안과,051-628-0700,부산 남구 수영로 198-1,09:00 - 18:00,,09:00 - 18:00,09:00 - 18:00,09:00 - 18:00,09:00 - 12:00,정기휴무 (매주 일요일),"09:00 - 18:00

09:00 - 18:00
09:00 - 18:00
09:00 - 18:00
09:00 - 12:00
정기휴무 (매주 일요일)",,, 일요일
47,박현용내과의원,내과,051-621-7105,부산 남구 용호로 141 부산은행 5층,"09:00 - 18:00
13:00 - 14:00 휴게시간",,"09:00 - 18:00
13:00 - 14:00 휴게시간","09:00 - 18:00
13:00 - 14:00 휴게시간","09:00 - 18:00
13:00 - 14:00 휴게시간",09:00 - 14:00,정기휴무 (매주 일요일),"09:00 - 18:00

09:00 - 18:00
09:00 - 18:00
09:00 - 18:00
09:00 - 14:00
정기휴무 (매주 일요일)",13:00 - 14:00 ,, 일요일
48,당봄한의원 부산점,한의원,051-637-1075,부산 남구 문현금융로 40 BIFC몰 230호,정기휴무 (매주 월요일),정기휴무 (매주 화요일),"10:00 - 19:00
14:00 - 15:00 휴게시간","10:00 - 19:00
14:00 - 15:00 휴게시간","10:00 - 19:00
14:00 - 15:00 휴게시간",10:00 - 15:00,정기휴무 (매주 일요일),"정기휴무 (매주 월요일)
정기휴무 (매주 화요일)
10:00 - 19:00
10:00 - 19:00
10:00 - 19:00
10:00 - 15:00
정기휴무 (매주 일요일)",,, 월요일
49,길민경산부인과의원,산부인과,051-621-2616,부산 남구 수영로 340,"09:30 - 17:30
13:00 - 14:00 휴게시간
12:20, 16:50 접수마감",,"14:00 - 17:30
16:50 접수마감","09:30 - 17:30
13:00 - 14:00 휴게시간
12:20, 16:50 접수마감","09:30 - 17:30
13:00 - 14:00 휴게시간
12:20, 16:50 접수마감",정기휴무 (매주 토요일),정기휴무 (매주 일요일),"09:30 - 17:30

14:00 - 17:30
09:30 - 17:30
09:30 - 17:30
정기휴무 (매주 토요일)
정기휴무 (매주 일요일)",13:00 - 14:00 ,16:50, 토요일
50,리본마취통증의학과의원,정형외과,0507-1434-7578,부산 남구 수영로 323 2층 202호,"09:00 - 19:00
13:00 - 14:00 휴게시간",,"09:00 - 19:00
13:00 - 14:00 휴게시간","09:00 - 19:00
13:00 - 14:00 휴게시간","09:00 - 19:00
13:00 - 14:00 휴게시간",09:00 - 14:00,정기휴무 (매주 일요일),"09:00 - 19:00

09:00 - 19:00
09:00 - 19:00
09:00 - 19:00
09:00 - 14:00
정기휴무 (매주 일요일)",13:00 - 14:00 ,, 일요일
51,용호메트로마취통증의학과의원,정형외과,051-923-9988,부산 남구 용호로 48,"09:00 - 19:00
12:30 - 14:00 휴게시간",,"09:00 - 19:00
12:30 - 14:00 휴게시간","09:00 - 20:00
12:30 - 14:00 휴게시간","09:00 - 19:00
12:30 - 14:00 휴게시간",09:00 - 14:00,09:00 - 14:00,"09:00 - 19:00

09:00 - 19:00
09:00 - 20:00
09:00 - 19:00
09:00 - 14:00
09:00 - 14:00",12:30 - 14:00 ,,
52,우재곤내과의원,내과,051-633-7740,부산 남구 수영로 21,"09:00 - 18:30
12:30 - 14:00 휴게시간",,09:00 - 13:00,"09:00 - 18:30
12:30 - 14:00 휴게시간","09:00 - 18:30
12:30 - 14:00 휴게시간",09:00 - 13:00,정기휴무 (매주 일요일),"09:00 - 18:30

09:00 - 13:00
09:00 - 18:30
09:00 - 18:30
09:00 - 13:00
정기휴무 (매주 일요일)",12:30 - 14:00 ,, 일요일
53,우재곤내과의원,내과,051-633-7740,부산 남구 수영로 21,"09:00 - 18:30
12:30 - 14:00 휴게시간",,09:00 - 13:00,"09:00 - 18:30
12:30 - 14:00 휴게시간","09:00 - 18:30
12:30 - 14:00 휴게시간",09:00 - 13:00,정기휴무 (매주 일요일),"09:00 - 18:30

09:00 - 13:00
09:00 - 18:30
09:00 - 18:30
09:00 - 13:00
정기휴무 (매주 일요일)",12:30 - 14:00 ,, 일요일
54,참조은안과의원,안과,051-717-0375,부산 남구 수영로 246,"09:00 - 18:00
13:00 - 14:30 휴게시간",,09:00 - 13:00,"09:00 - 18:00
13:00 - 14:30 휴게시간","09:00 - 18:00
13:00 - 14:30 휴게시간",09:00 - 13:00,정기휴무 (매주 일요일),"09:00 - 18:00

09:00 - 13:00
09:00 - 18:00
09:00 - 18:00
09:00 - 13:00
정기휴무 (매주 일요일)",13:00 - 14:30 ,, 일요일
55,부산더존한방병원,한방병원,051-791-0870,부산 남구 수영로 305 스파크빌딩 4층,"09:30 - 21:00
13:00 - 14:00 휴게시간",,"09:30 - 21:00
13:00 - 14:00 휴게시간","09:30 - 21:00
13:00 - 14:00 휴게시간","09:30 - 21:00
13:00 - 14:00 휴게시간","09:30 - 17:00
13:00 - 14:00 휴게시간","10:00 - 17:00
13:00 - 14:00 휴게시간","09:30 - 21:00

09:30 - 21:00
09:30 - 21:00
09:30 - 21:00
09:30 - 17:00
10:00 - 17:00",13:00 - 14:00 ,,
56,더조은의원,"병원,의원",051-865-9393,부산 남구 수영로 233 민석빌딩,09:00 - 19:00,,09:00 - 19:00,09:00 - 19:00,09:00 - 19:00,09:00 - 13:00,정기휴무 (매주 일요일),"09:00 - 19:00

09:00 - 19:00
09:00 - 19:00
09:00 - 19:00
09:00 - 13:00
정기휴무 (매주 일요일)",,, 일요일
57,진도순이비인후과의원,이비인후과,051-646-4321,부산 남구 수영로 25,"09:00 - 18:30
12:30 - 14:00 휴게시간",,"09:00 - 18:30
12:30 - 14:00 휴게시간","09:00 - 18:30
12:30 - 14:00 휴게시간","09:00 - 18:30
12:30 - 14:00 휴게시간",09:00 - 13:00,정기휴무 (매주 일요일),"09:00 - 18:30

09:00 - 18:30
09:00 - 18:30
09:00 - 18:30
09:00 - 13:00
정기휴무 (매주 일요일)",12:30 - 14:00 ,, 일요일
58,365자연안에한의원 대연,한의원,051-611-9800,부산 남구 수영로 306 농협건물 4층,"10:00 - 21:00
13:00 - 14:00 휴게시간",,"10:00 - 21:00
13:00 - 14:00 휴게시간","10:00 - 21:00
13:00 - 14:00 휴게시간
접기","10:00 - 21:00
13:00 - 14:00 휴게시간",10:00 - 15:00,"10:00 - 17:00
13:00 - 14:00 휴게시간","10:00 - 21:00

10:00 - 21:00
10:00 - 21:00
10:00 - 21:00
10:00 - 15:00
10:00 - 17:00",13:00 - 14:00 ,,
59,대연으뜸내과의원,내과,051-710-3710,부산 남구 못골로 87 3층 대연으뜸내과의원,"09:00 - 18:00
13:00 - 14:00 휴게시간",,"09:00 - 18:00
13:00 - 14:00 휴게시간","09:00 - 18:00
13:00 - 14:00 휴게시간","09:00 - 18:00
13:00 - 14:00 휴게시간",09:00 - 13:00,정기휴무 (매주 일요일),"09:00 - 18:00

09:00 - 18:00
09:00 - 18:00
09:00 - 18:00
09:00 - 13:00
정기휴무 (매주 일요일)",13:00 - 14:00 ,, 일요일
60,드라마피부과의원,피부과,051-623-8900,부산 남구 분포로 113 엘지메트로시티아파트,"09:30 - 18:30
12:30 - 14:00 휴게시간",,"09:30 - 18:30
12:30 - 14:00 휴게시간","09:30 - 21:00
12:30 - 14:00 휴게시간","09:30 - 18:30
12:30 - 14:00 휴게시간",09:10 - 13:50,정기휴무 (매주 일요일),"09:30 - 18:30

09:30 - 18:30
09:30 - 21:00
09:30 - 18:30
09:10 - 13:50
정기휴무 (매주 일요일)",12:30 - 14:00 ,, 일요일
61,온누리메디칼의원,내과,051-624-7979,부산 남구 용호로 64 중앙해수랜드 3.4층,"09:00 - 18:00
13:00 - 14:00 휴게시간",,09:00 - 13:00,"09:00 - 20:00
13:00 - 14:00 휴게시간","09:00 - 18:00
13:00 - 14:00 휴게시간",09:00 - 13:00,정기휴무 (매주 일요일),"09:00 - 18:00

09:00 - 13:00
09:00 - 20:00
09:00 - 18:00
09:00 - 13:00
정기휴무 (매주 일요일)",13:00 - 14:00 ,, 일요일
62,오아시스의원,"병원,의원",051-711-8400,부산 남구 진남로 4 5층,"10:00 - 19:00
13:00 - 14:00 휴게시간",,"10:00 - 19:00
13:00 - 14:00 휴게시간","10:00 - 19:00
13:00 - 14:00 휴게시간","10:00 - 20:00
13:00 - 14:00 휴게시간",10:00 - 15:00,정기휴무 (매주 일요일),"10:00 - 19:00

10:00 - 19:00
10:00 - 19:00
10:00 - 20:00
10:00 - 15:00
정기휴무 (매주 일요일)",13:00 - 14:00 ,, 일요일
63,편한숲 정신건강의학과 의원,정신건강의학과,0507-1321-0241,부산 남구 수영로 323 403호,"09:30 - 18:30
13:00 - 14:00 휴게시간",,14:00 - 20:00,"09:30 - 18:30
13:00 - 14:00 휴게시간","09:30 - 18:30
13:00 - 14:00 휴게시간",09:00 - 13:00,정기휴무 (매주 일요일),"09:30 - 18:30

14:00 - 20:00
09:30 - 18:30
09:30 - 18:30
09:00 - 13:00
정기휴무 (매주 일요일)",13:00 - 14:00 ,, 일요일
64,나은소아청소년과의원,소아청소년과,051-623-9944,부산 남구 용호로198번길 2,"09:30 - 18:30
12:30 - 14:00 휴게시간
18:10 접수마감",,"09:30 - 18:30
12:30 - 14:00 휴게시간
18:10 접수마감","14:30 - 18:30
18:10 접수마감","09:30 - 18:30
12:30 - 14:00 휴게시간
18:10 접수마감","09:30 - 13:00
12:40 접수마감",정기휴무 (매주 일요일),"09:30 - 18:30

09:30 - 18:30
14:30 - 18:30
09:30 - 18:30
09:30 - 13:00
정기휴무 (매주 일요일)",12:30 - 14:00 ,18:10, 일요일
65,성모밝은안과의원,안과,0507-1407-1083,부산 남구 수영로 27 부산은행 5층,"09:30 - 17:30
13:00 - 14:00 휴게시간",,"09:30 - 17:30
13:00 - 14:00 휴게시간",14:00 - 17:30,"09:30 - 17:30
13:00 - 14:00 휴게시간",09:30 - 12:00,정기휴무 (매주 일요일),"09:30 - 17:30

09:30 - 17:30
14:00 - 17:30
09:30 - 17:30
09:30 - 12:00
정기휴무 (매주 일요일)",13:00 - 14:00 ,, 일요일
66,도레미의원,피부과,0507-1488-9876,부산 남구 수영로 298 6층,"10:00 - 19:00
13:00 - 14:00 휴게시간",,14:00 - 21:00,"10:00 - 19:00
13:00 - 14:00 휴게시간","10:00 - 21:00
13:00 - 14:00 휴게시간",10:00 - 16:00,정기휴무 (매주 일요일),"10:00 - 19:00

14:00 - 21:00
10:00 - 19:00
10:00 - 21:00
10:00 - 16:00
정기휴무 (매주 일요일)",13:00 - 14:00 ,, 일요일
67,늘편안 하내과 의원,내과,051-711-8270,부산 남구 분포로 113 엘지메트로주2상가 4층,"09:00 - 18:00
12:30 - 14:00 휴게시간",09:00 - 13:00,09:00 - 18:00,"09:00 - 18:00
접기",09:00 - 18:00,09:00 - 13:00,정보없음,"09:00 - 18:00
09:00 - 13:00
09:00 - 18:00
09:00 - 18:00
09:00 - 18:00
09:00 - 13:00
정보없음",12:30 - 14:00 ,,
68,장원석치과의원,치과,051-612-0012,부산 남구 수영로 233 민석빌딩 2층,"09:30 - 18:30
13:00 - 14:30 휴게시간",,"09:30 - 18:30
13:00 - 14:30 휴게시간","09:30 - 18:30
13:00 - 14:30 휴게시간","09:30 - 18:30
13:00 - 14:30 휴게시간",,정기휴무 (매주 일요일),"09:30 - 18:30

09:30 - 18:30
09:30 - 18:30
09:30 - 18:30

정기휴무 (매주 일요일)",13:00 - 14:30 ,, 일요일
69,이금랑어린이치과의원,치과,051-611-1275,부산 남구 용호로 54 대영빌딩,"10:00 - 18:30
13:00 - 14:00 휴게시간",,"10:00 - 18:30
13:00 - 14:00 휴게시간","10:00 - 18:30
13:00 - 14:00 휴게시간","10:00 - 18:30
13:00 - 14:00 휴게시간",10:00 - 14:00,정기휴무 (매주 일요일),"10:00 - 18:30

10:00 - 18:30
10:00 - 18:30
10:00 - 18:30
10:00 - 14:00
정기휴무 (매주 일요일)",13:00 - 14:00 ,, 일요일
70,한길내과의원,내과,051-633-1332,부산 남구 유엔로 14 우암 센텀 메디컬,09:00 - 18:00,,09:00 - 18:00,09:00 - 12:30,09:00 - 18:00,09:00 - 12:30,정기휴무 (매주 일요일),"09:00 - 18:00

09:00 - 18:00
09:00 - 12:30
09:00 - 18:00
09:00 - 12:30
정기휴무 (매주 일요일)",,, 일요일
71,삼성스마트내과의원,내과,051-623-7003,"부산 남구 용호로 207 KPM메티컬빌딩 2~5, 8층",,,,,,,,"





",,,
72,로덴치과의원 경성대부경대점,치과,0507-1380-2875,부산 남구 용소로 7 5층 로덴치과,10:00 - 19:00,,10:00 - 19:00,10:00 - 20:00,10:00 - 19:00,10:00 - 14:00,정기휴무 (매주 일요일),"10:00 - 19:00

10:00 - 19:00
10:00 - 20:00
10:00 - 19:00
10:00 - 14:00
정기휴무 (매주 일요일)",,, 일요일
73,류상효신경과의원,신경과,051-710-8881,부산 남구 수영로 240 2층,"09:00 - 18:00
13:00 - 14:00 휴게시간",,09:00 - 13:00,"09:00 - 18:00
13:00 - 14:00 휴게시간","09:00 - 18:00
13:00 - 14:00 휴게시간",09:00 - 12:30,정기휴무 (매주 일요일),"09:00 - 18:00

09:00 - 13:00
09:00 - 18:00
09:00 - 18:00
09:00 - 12:30
정기휴무 (매주 일요일)",13:00 - 14:00 ,, 일요일
74,윤현기정형외과의원,정형외과,051-644-8275,부산 남구 고동골로 16,"09:00 - 19:00
13:00 - 14:00 휴게시간",,"09:00 - 15:00
13:00 - 14:00 휴게시간","09:00 - 19:00
13:00 - 14:00 휴게시간
접기","09:00 - 19:00
13:00 - 14:00 휴게시간",09:00 - 15:00,정기휴무 (매주 일요일),"09:00 - 19:00

09:00 - 15:00
09:00 - 19:00
09:00 - 19:00
09:00 - 15:00
정기휴무 (매주 일요일)",13:00 - 14:00 ,, 일요일
75,서울스카이재활의학과의원,재활의학과,051-626-9111,부산 남구 수영로 324 2층,"09:00 - 19:00
12:30 - 14:00 휴게시간",,"09:00 - 19:00
12:30 - 14:00 휴게시간",14:00 - 18:30,"09:00 - 19:00
12:30 - 14:00 휴게시간",09:30 - 14:00,정기휴무 (매주 일요일),"09:00 - 19:00

09:00 - 19:00
14:00 - 18:30
09:00 - 19:00
09:30 - 14:00
정기휴무 (매주 일요일)",12:30 - 14:00 ,, 일요일
76,청담포유의원,피부과,0507-1404-2899,"부산 남구 용소로 4 (대연동, 7층)",정기휴무 (매주 월요일),,"10:00 - 19:00
13:00 - 14:00 휴게시간","10:00 - 21:00
13:00 - 14:00 휴게시간","10:00 - 19:00
13:00 - 14:00 휴게시간",10:00 - 15:00,정기휴무 (매주 일요일),"정기휴무 (매주 월요일)

10:00 - 19:00
10:00 - 21:00
10:00 - 19:00
10:00 - 15:00
정기휴무 (매주 일요일)",,, 월요일
77,우리가족치과의원,치과,051-791-2822,부산 남구 용호로 207 6층,"09:30 - 19:00
13:00 - 14:30 휴게시간
18:30 접수마감",,"09:30 - 19:00
13:00 - 14:30 휴게시간
18:30 접수마감","09:30 - 19:00
13:00 - 14:30 휴게시간
18:30 접수마감","09:30 - 19:00
13:00 - 14:30 휴게시간
18:30 접수마감","09:30 - 14:00
13:30 접수마감",정기휴무 (매주 일요일),"09:30 - 19:00

09:30 - 19:00
09:30 - 19:00
09:30 - 19:00
09:30 - 14:00
정기휴무 (매주 일요일)",13:00 - 14:30 ,13:30, 일요일
78,여우한의원,한의원,0507-1445-1075,부산 남구 신선로 566 GS하이츠자이,09:30 - 18:30,,09:30 - 18:30,09:30 - 20:00,09:30 - 18:30,09:30 - 13:30,정기휴무 (매주 일요일),"09:30 - 18:30

09:30 - 18:30
09:30 - 20:00
09:30 - 18:30
09:30 - 13:30
정기휴무 (매주 일요일)",,, 일요일
79,메디아트의원,피부과,051-628-7582,부산 남구 수영로 304 대승타워 4층,"10:00 - 20:00
13:30 - 14:30 휴게시간
19:30 접수마감",,"10:00 - 20:00
13:30 - 14:30 휴게시간
19:30 접수마감","10:00 - 20:00
13:30 - 14:30 휴게시간
19:30 접수마감","10:00 - 20:00
13:30 - 14:30 휴게시간
19:30 접수마감","10:00 - 17:00
16:30 접수마감",정기휴무 (매주 일요일),"10:00 - 20:00

10:00 - 20:00
10:00 - 20:00
10:00 - 20:00
10:00 - 17:00
정기휴무 (매주 일요일)",13:30 - 14:30 ,16:30, 일요일
80,박언비뇨의학과의원,비뇨의학과,051-622-5474,부산 남구 수영로 260 대연백리명가 5층,"09:30 - 19:00
13:00 - 14:30 휴게시간",,"09:30 - 19:00
13:00 - 14:30 휴게시간",14:00 - 19:00,"09:30 - 19:00
13:00 - 14:30 휴게시간",09:30 - 14:00,정기휴무 (매주 일요일),"09:30 - 19:00

09:30 - 19:00
14:00 - 19:00
09:30 - 19:00
09:30 - 14:00
정기휴무 (매주 일요일)",13:00 - 14:30 ,, 일요일
81,대연88마취통증의학과의원,정형외과,051-625-0088,부산 남구 진남로 4 대연베델메디컬빌딩 4층,"09:00 - 19:00
13:00 - 14:00 휴게시간",,"09:00 - 19:00
13:00 - 14:00 휴게시간","09:00 - 19:00
13:00 - 14:00 휴게시간","09:00 - 19:00
13:00 - 14:00 휴게시간",09:00 - 13:00,정기휴무 (매주 일요일),"09:00 - 19:00

09:00 - 19:00
09:00 - 19:00
09:00 - 19:00
09:00 - 13:00
정기휴무 (매주 일요일)",13:00 - 14:00 ,, 일요일
82,한정욱이비인후과의원,이비인후과,051-636-9419,부산 남구 수영로 27,"09:00 - 18:10
12:30 - 14:00 휴게시간
18:00 접수마감",,"09:00 - 18:10
12:30 - 14:00 휴게시간
18:00 접수마감","09:00 - 18:10
12:30 - 14:00 휴게시간
18:00 접수마감","09:00 - 18:10
12:30 - 14:00 휴게시간
18:00 접수마감","09:00 - 12:50
12:40 접수마감",정기휴무 (매주 일요일),"09:00 - 18:10

09:00 - 18:10
09:00 - 18:10
09:00 - 18:10
09:00 - 12:50
정기휴무 (매주 일요일)",12:30 - 14:00 ,12:40, 일요일
83,위대항병원,외과,0507-1489-9023,부산 남구 수영로 241,"09:00 - 17:30
12:00 - 13:30 휴게시간",,"09:00 - 17:30
12:00 - 13:30 휴게시간","09:00 - 17:30
12:00 - 13:30 휴게시간","09:00 - 17:30
12:00 - 13:30 휴게시간",09:00 - 12:30,정기휴무 (매주 일요일),"09:00 - 17:30

09:00 - 17:30
09:00 - 17:30
09:00 - 17:30
09:00 - 12:30
정기휴무 (매주 일요일)",12:00 - 13:30 ,, 일요일
84,민현주여성의원,산부인과,051-638-8275,부산 남구 수영로 27 201호 민현주여성의원,"09:30 - 18:30
13:00 - 14:00 휴게시간",,09:30 - 13:00,"09:30 - 18:30
13:00 - 14:00 휴게시간","09:30 - 21:00
13:00 - 14:00 휴게시간
18:30 - 19:00 휴게시간",09:30 - 13:00,정기휴무 (매주 일요일),"09:30 - 18:30

09:30 - 13:00
09:30 - 18:30
09:30 - 21:00
09:30 - 13:00
정기휴무 (매주 일요일)",13:00 - 14:00 ,, 일요일
85,조이정형외과의원,정형외과,051-611-7285,부산 남구 수영로 277 라온빌딩 3층 조이정형외과의원,"09:00 - 18:00
13:00 - 14:00 휴게시간",,"09:00 - 18:00
13:00 - 14:00 휴게시간","09:00 - 18:00
13:00 - 14:00 휴게시간","09:00 - 18:00
13:00 - 14:00 휴게시간",09:00 - 13:00,정기휴무 (매주 일요일),"09:00 - 18:00

09:00 - 18:00
09:00 - 18:00
09:00 - 18:00
09:00 - 13:00
정기휴무 (매주 일요일)",13:00 - 14:00 ,, 일요일
86,김효준내과,내과,051-628-6422,부산 남구 석포로 76 유엔메디컬빌딩 3층,09:00 - 18:00,,09:00 - 18:00,"09:00 - 18:00
접기",09:00 - 18:00,09:00 - 13:00,정기휴무 (매주 일요일),"09:00 - 18:00

09:00 - 18:00
09:00 - 18:00
09:00 - 18:00
09:00 - 13:00
정기휴무 (매주 일요일)",,, 일요일
87,헬로소아청소년과의원,소아청소년과,051-612-0677,부산 남구 수영로 345 대연힐스테이트푸르지오 상가309호,"09:00 - 18:00
12:30 - 14:00 휴게시간",,"09:00 - 18:00
12:30 - 14:00 휴게시간",09:00 - 13:00,"09:00 - 18:00
12:30 - 14:00 휴게시간",09:00 - 13:00,정기휴무 (매주 일요일),"09:00 - 18:00

09:00 - 18:00
09:00 - 13:00
09:00 - 18:00
09:00 - 13:00
정기휴무 (매주 일요일)",12:30 - 14:00 ,, 일요일
88,도시치과의원,치과,051-643-2030,부산 남구 수영로 26 대림문현시티프라자,09:30 - 18:30,,09:30 - 18:00,09:30 - 18:30,09:30 - 18:00,09:30 - 13:00,정기휴무 (매주 일요일),"09:30 - 18:30

09:30 - 18:00
09:30 - 18:30
09:30 - 18:00
09:30 - 13:00
정기휴무 (매주 일요일)",,, 일요일
89,오륙도신경외과의원,신경외과,051-611-2621,부산 남구 용호로 141 4층 오륙도신경외과,"08:30 - 18:30
12:30 - 14:00 휴게시간",,"08:30 - 18:30
12:30 - 14:00 휴게시간","08:30 - 20:00
12:30 - 14:00 휴게시간","08:30 - 18:30
12:30 - 14:00 휴게시간",08:30 - 14:00,정기휴무 (매주 일요일),"08:30 - 18:30

08:30 - 18:30
08:30 - 20:00
08:30 - 18:30
08:30 - 14:00
정기휴무 (매주 일요일)",12:30 - 14:00 ,, 일요일
90,이정형외과의원,정형외과,051-622-2727,부산 남구 용호로 173 신협,,,,,,,,"





",,,
91,대연탑비뇨의학과의원,비뇨의학과,051-612-1141,부산 남구 수영로 240 3층,"09:00 - 19:00
13:00 - 14:00 휴게시간",,"09:00 - 19:00
13:00 - 14:00 휴게시간","09:00 - 19:00
13:00 - 14:00 휴게시간","09:00 - 19:00
13:00 - 14:00 휴게시간",09:00 - 14:00,정기휴무 (매주 일요일),"09:00 - 19:00

09:00 - 19:00
09:00 - 19:00
09:00 - 19:00
09:00 - 14:00
정기휴무 (매주 일요일)",13:00 - 14:00 ,, 일요일
92,현명기피부과의원,피부과,051-627-6677,부산 남구 수영로 206 정학기정형외과 3층,"09:00 - 18:30
13:00 - 14:00 휴게시간",,"09:00 - 18:30
13:00 - 14:00 휴게시간",14:00 - 19:00,"09:00 - 18:30
13:00 - 14:00 휴게시간",09:00 - 13:00,정기휴무 (매주 일요일),"09:00 - 18:30

09:00 - 18:30
14:00 - 19:00
09:00 - 18:30
09:00 - 13:00
정기휴무 (매주 일요일)",13:00 - 14:00 ,, 일요일
93,미소플란트치과의원,치과,1644-9928,부산 남구 수영로 304 3층,10:00 - 19:00,10:00 - 19:00,10:00 - 21:00,10:00 - 21:00,10:00 - 19:00,10:00 - 16:00,정기휴무 (매주 일요일),"10:00 - 19:00
10:00 - 19:00
10:00 - 21:00
10:00 - 21:00
10:00 - 19:00
10:00 - 16:00
정기휴무 (매주 일요일)",,, 일요일
94,강한정형외과의원,정형외과,051-542-8840,부산 남구 석포로 74,09:00 - 18:00,,09:00 - 18:00,09:00 - 18:00,09:00 - 18:00,09:00 - 15:00,09:00 - 15:00,"09:00 - 18:00

09:00 - 18:00
09:00 - 18:00
09:00 - 18:00
09:00 - 15:00
09:00 - 15:00",,,
95,대연봄정신건강의학과의원,정신건강의학과,0507-1322-1335,부산 남구 수영로 233 민석빌딩 8층 대연봄정신건강의학과의원,"09:30 - 18:00
12:30 - 14:00 휴게시간
17:45 접수마감",,"09:30 - 18:00
12:30 - 14:00 휴게시간
17:45 접수마감","09:30 - 18:00
12:30 - 14:00 휴게시간
17:45 접수마감","09:30 - 18:00
12:30 - 14:00 휴게시간
17:45 접수마감","09:30 - 13:00
12:45 접수마감",정기휴무 (매주 일요일),"09:30 - 18:00

09:30 - 18:00
09:30 - 18:00
09:30 - 18:00
09:30 - 13:00
정기휴무 (매주 일요일)",12:30 - 14:00 ,12:45, 일요일
96,더바른이치과의원,치과,0507-1408-7527,부산 남구 수영로 297 대영빌딩 2층,"10:30 - 19:00
13:00 - 14:30 휴게시간",,,"10:30 - 19:00
13:00 - 14:30 휴게시간","10:30 - 19:00
13:00 - 14:30 휴게시간","09:30 - 16:00
13:00 - 14:00 휴게시간",정기휴무 (매주 일요일),"10:30 - 19:00


10:30 - 19:00
10:30 - 19:00
09:30 - 16:00
정기휴무 (매주 일요일)",13:00 - 14:30 ,, 일요일
97,태진의원,"병원,의원",051-637-1106,부산 남구 우암로 166 선한교회,"09:00 - 17:30
12:30 - 14:00 휴게시간",,09:00 - 12:30,"09:00 - 17:30
12:30 - 14:00 휴게시간","09:00 - 17:30
12:30 - 14:00 휴게시간",09:00 - 12:30,정기휴무 (매주 일요일),"09:00 - 17:30

09:00 - 12:30
09:00 - 17:30
09:00 - 17:30
09:00 - 12:30
정기휴무 (매주 일요일)",12:30 - 14:00 ,, 일요일
98,더하얀의원,피부과,051-626-5599,부산 남구 수영로 345 대연힐스테이트푸르지오 주상복합상가 115동 306호,"10:00 - 19:00
12:30 - 14:00 휴게시간","10:00 - 19:00
12:30 - 14:00 휴게시간","10:00 - 19:00
12:30 - 14:00 휴게시간","14:00 - 19:00
접기","10:00 - 21:00
12:30 - 14:00 휴게시간",10:00 - 15:00,정기휴무 (매주 일요일),"10:00 - 19:00
10:00 - 19:00
10:00 - 19:00
14:00 - 19:00
10:00 - 21:00
10:00 - 15:00
정기휴무 (매주 일요일)",12:30 - 14:00 ,, 일요일
99,목화산부인과의원,산부인과,051-628-1230,부산 남구 수영로 225-1 목화산부인과,"09:00 - 19:30
12:30 - 14:00 휴게시간
19:00 접수마감",,"09:00 - 17:30
12:30 - 14:00 휴게시간
17:00 접수마감","09:00 - 19:30
12:30 - 14:00 휴게시간
19:00 접수마감","09:00 - 17:30
12:30 - 14:00 휴게시간
17:00 접수마감","09:00 - 12:30
12:00 접수마감","09:00 - 11:00
10:30 접수마감","09:00 - 19:30

09:00 - 17:30
09:00 - 19:30
09:00 - 17:30
09:00 - 12:30
09:00 - 11:00",12:30 - 14:00 ,12:00,
100,부산샬롬치과의원,치과,051-637-7528,부산 남구 수영로 27,"09:30 - 18:00
13:00 - 14:00 휴게시간",,"09:30 - 18:00
13:00 - 14:00 휴게시간","09:30 - 18:00
13:00 - 14:00 휴게시간","09:30 - 18:00
13:00 - 14:00 휴게시간",09:00 - 15:00,정기휴무 (매주 일요일),"09:30 - 18:00

09:30 - 18:00
09:30 - 18:00
09:30 - 18:00
09:00 - 15:00
정기휴무 (매주 일요일)",13:00 - 14:00 ,, 일요일
101,더편한마취통증의학과의원,정형외과,0507-1383-7575,부산 남구 못골로 87,,,"09:00 - 18:30
13:00 - 14:00 휴게시간
18:00 접수마감","09:00 - 18:30
13:00 - 14:00 휴게시간
18:00 접수마감","09:00 - 18:30
13:00 - 14:00 휴게시간
18:00 접수마감","09:00 - 14:00
13:30 접수마감",정기휴무 (매주 일요일),"

09:00 - 18:30
09:00 - 18:30
09:00 - 18:30
09:00 - 14:00
정기휴무 (매주 일요일)",,13:30, 일요일
102,아이앤맘정신건강의학과의원,정신건강의학과,0507-1496-9601,부산 남구 수영로 216 7층 아이앤맘 소아정신과,"09:30 - 18:00
12:30 - 14:00 휴게시간
17:45 접수마감",,"09:30 - 18:00
12:30 - 14:00 휴게시간
17:45 접수마감","14:00 - 18:00
17:45 접수마감","09:30 - 18:00
12:30 - 14:00 휴게시간
17:45 접수마감","09:30 - 13:00
12:45 접수마감",정기휴무 (매주 일요일),"09:30 - 18:00

09:30 - 18:00
14:00 - 18:00
09:30 - 18:00
09:30 - 13:00
정기휴무 (매주 일요일)",12:30 - 14:00 ,17:45, 일요일
103,류마참내과의원,내과,051-365-8275,부산 남구 수영로 240-1,"09:00 - 18:00
13:00 - 14:00 휴게시간
12:30, 17:30 접수마감",,"09:00 - 13:00
12:30 접수마감","09:00 - 18:00
13:00 - 14:00 휴게시간
12:30, 17:30 접수마감","09:00 - 18:00
13:00 - 14:00 휴게시간
12:30, 17:30 접수마감","09:00 - 13:00
12:30 접수마감",정기휴무 (매주 일요일),"09:00 - 18:00

09:00 - 13:00
09:00 - 18:00
09:00 - 18:00
09:00 - 13:00
정기휴무 (매주 일요일)",13:00 - 14:00 ,12:30, 일요일
104,THE밝은안과의원,안과,051-612-1116,부산 남구 수영로 209 일동 지에닌,"09:00 - 17:55
12:50 - 14:20 휴게시간",,09:00 - 12:55,"09:00 - 17:55
12:50 - 14:20 휴게시간","09:00 - 17:55
12:50 - 14:20 휴게시간",09:00 - 12:55,정기휴무 (매주 일요일),"09:00 - 17:55

09:00 - 12:55
09:00 - 17:55
09:00 - 17:55
09:00 - 12:55
정기휴무 (매주 일요일)",12:50 - 14:20 ,, 일요일
105,도마스이비인후과의원,이비인후과,051-627-9117,부산 남구 용호로 189-2,"09:00 - 18:00
12:30 - 14:00 휴게시간",,"09:00 - 18:00
12:30 - 14:00 휴게시간","09:00 - 18:00
12:30 - 14:00 휴게시간","09:00 - 18:00
12:30 - 14:00 휴게시간",정기휴무 (매주 토요일),정기휴무 (매주 일요일),"09:00 - 18:00

09:00 - 18:00
09:00 - 18:00
09:00 - 18:00
정기휴무 (매주 토요일)
정기휴무 (매주 일요일)",12:30 - 14:00 ,, 토요일
106,크리스탈치과의원,치과,0507-1375-7522,부산 남구 수영로 258 2층 크리스탈치과의원,"09:30 - 18:30
13:00 - 14:30 휴게시간",,"09:30 - 18:30
13:00 - 14:30 휴게시간","09:30 - 18:30
13:00 - 14:30 휴게시간","09:30 - 18:30
13:00 - 14:30 휴게시간",09:30 - 13:30,정기휴무 (매주 일요일),"09:30 - 18:30

09:30 - 18:30
09:30 - 18:30
09:30 - 18:30
09:30 - 13:30
정기휴무 (매주 일요일)",13:00 - 14:30 ,, 일요일
107,하이치과의원,치과,051-627-7528,부산 남구 용호로 91 휴렉스 3층 하이치과의원,,,"09:30 - 19:00
12:30 - 14:00 휴게시간","09:30 - 19:00
12:30 - 14:00 휴게시간","09:30 - 19:00
12:30 - 14:00 휴게시간",09:30 - 14:00,정기휴무 (매주 일요일),"

09:30 - 19:00
09:30 - 19:00
09:30 - 19:00
09:30 - 14:00
정기휴무 (매주 일요일)",,, 일요일
108,맑고고운의원,피부과,0507-1389-7277,부산 남구 용호로 207 7층,"10:00 - 20:00
13:00 - 14:00 휴게시간",,,"10:00 - 20:00
13:00 - 14:00 휴게시간","10:00 - 20:00
13:00 - 14:00 휴게시간",10:00 - 14:00,정기휴무 (매주 일요일),"10:00 - 20:00


10:00 - 20:00
10:00 - 20:00
10:00 - 14:00
정기휴무 (매주 일요일)",13:00 - 14:00 ,, 일요일
109,이기대정형외과의원,정형외과,051-627-8875,부산 남구 용호로 154 용호메디칼센타,"09:00 - 18:30
13:00 - 14:00 휴게시간",,"09:00 - 18:30
13:00 - 14:00 휴게시간","09:00 - 18:30
13:00 - 14:00 휴게시간","09:00 - 18:30
13:00 - 14:00 휴게시간",09:00 - 13:00,정기휴무 (매주 일요일),"09:00 - 18:30

09:00 - 18:30
09:00 - 18:30
09:00 - 18:30
09:00 - 13:00
정기휴무 (매주 일요일)",13:00 - 14:00 ,, 일요일
110,김현지키움소아청소년과의원,소아청소년과,051-711-6241,"부산 남구 수영로 260 대연백리명가에덴 3층 311, 312호","09:30 - 17:30
12:30 - 14:00 휴게시간",,"09:30 - 17:30
12:30 - 14:00 휴게시간",09:30 - 13:00,"09:30 - 17:30
12:30 - 14:00 휴게시간",09:30 - 13:00,정기휴무 (매주 일요일),"09:30 - 17:30

09:30 - 17:30
09:30 - 13:00
09:30 - 17:30
09:30 - 13:00
정기휴무 (매주 일요일)",12:30 - 14:00 ,, 일요일
111,윤성식이비인후과의원,이비인후과,051-621-4271,부산 남구 용호로 147 종합검진센타,"09:00 - 18:30
12:30 - 14:00 휴게시간",,"09:00 - 18:30
12:30 - 14:00 휴게시간","09:00 - 18:30
12:30 - 14:00 휴게시간","09:00 - 18:30
12:30 - 14:00 휴게시간",09:00 - 13:00,정기휴무 (매주 일요일),"09:00 - 18:30

09:00 - 18:30
09:00 - 18:30
09:00 - 18:30
09:00 - 13:00
정기휴무 (매주 일요일)",12:30 - 14:00 ,, 일요일
112,예뻐지는의원,피부과,051-628-7212,부산 남구 수영로 300 비젼프라자 4층,,,"11:00 - 19:00
13:00 - 14:00 휴게시간","11:00 - 19:00
13:00 - 14:00 휴게시간","11:00 - 19:00
13:00 - 14:00 휴게시간",11:00 - 15:00,정기휴무 (매주 일요일),"

11:00 - 19:00
11:00 - 19:00
11:00 - 19:00
11:00 - 15:00
정기휴무 (매주 일요일)",,, 일요일
113,몸맘소생한의원,한의원,051-636-3160,부산 남구 우암로 148 1층,09:30 - 19:00,,09:30 - 19:00,09:00 - 14:00,09:30 - 19:00,09:00 - 14:00,정기휴무 (매주 일요일),"09:30 - 19:00

09:30 - 19:00
09:00 - 14:00
09:30 - 19:00
09:00 - 14:00
정기휴무 (매주 일요일)",,, 일요일
114,경희한결한의원,한의원,0507-1424-7588,부산 남구 수영로 233 민석빌딩 4층,"09:30 - 19:00
13:00 - 14:00 휴게시간",,"09:30 - 19:00
13:00 - 14:00 휴게시간","09:30 - 19:00
13:00 - 14:00 휴게시간","09:30 - 19:00
13:00 - 14:00 휴게시간",09:30 - 15:00,정기휴무 (매주 일요일),"09:30 - 19:00

09:30 - 19:00
09:30 - 19:00
09:30 - 19:00
09:30 - 15:00
정기휴무 (매주 일요일)",13:00 - 14:00 ,, 일요일
115,메디칼안과의원,안과,051-621-3434,부산 남구 동명로 137 원진찜질방,"09:30 - 18:00
13:00 - 14:00 휴게시간",,"09:30 - 18:00
13:00 - 14:00 휴게시간","09:30 - 18:00
13:00 - 14:00 휴게시간
접기","09:30 - 18:00
13:00 - 14:00 휴게시간",09:30 - 13:00,정기휴무 (매주 일요일),"09:30 - 18:00

09:30 - 18:00
09:30 - 18:00
09:30 - 18:00
09:30 - 13:00
정기휴무 (매주 일요일)",13:00 - 14:00 ,, 일요일
116,오즈어린이치과의원 대연점,치과,051-611-2875,부산 남구 수영로 286 유일프라자4층,"10:00 - 18:00
13:00 - 14:20 휴게시간
17:30 접수마감",,"10:00 - 18:00
13:00 - 14:20 휴게시간
17:30 접수마감",정기휴무 (매주 목요일),"10:00 - 18:00
13:00 - 14:20 휴게시간
17:30 접수마감","09:00 - 13:00
12:30 접수마감",정기휴무 (매주 일요일),"10:00 - 18:00

10:00 - 18:00
정기휴무 (매주 목요일)
10:00 - 18:00
09:00 - 13:00
정기휴무 (매주 일요일)",13:00 - 14:20 ,12:30, 목요일
117,문현사랑의원,내과,0507-1390-9310,부산 남구 수영로 43 2층 문현사랑의원,"09:30 - 18:30
13:00 - 14:00 휴게시간
18:15 접수마감",,"09:30 - 18:30
13:00 - 14:00 휴게시간
18:15 접수마감","09:30 - 18:30
13:00 - 14:00 휴게시간
18:15 접수마감","09:30 - 18:30
13:00 - 14:00 휴게시간
18:15 접수마감","09:30 - 13:30
13:15 접수마감",정기휴무 (매주 일요일),"09:30 - 18:30

09:30 - 18:30
09:30 - 18:30
09:30 - 18:30
09:30 - 13:30
정기휴무 (매주 일요일)",13:00 - 14:00 ,13:15, 일요일
118,바른자세재활의학과의원,재활의학과,0507-1402-0075,"부산 남구 분포로 115 힐탑탑플레이스 B동 503, 504호",10:00 - 19:00,,10:00 - 18:00,14:00 - 20:00,10:00 - 19:00,09:00 - 13:00,정기휴무 (매주 일요일),"10:00 - 19:00

10:00 - 18:00
14:00 - 20:00
10:00 - 19:00
09:00 - 13:00
정기휴무 (매주 일요일)",,, 일요일
119,우리들40플란트치과병원,치과,051-633-2875,부산 남구 전포대로 90 강진융프라우 2차 4층,,,,,,,,"





",,,
120,오아시스치과의원,치과,051-710-5277,부산 남구 분포로 115 힐탑탑플레이스 A동 203호,"09:30 - 19:00
13:00 - 14:30 휴게시간",,"09:30 - 19:00
13:00 - 14:30 휴게시간","09:30 - 19:00
13:00 - 14:30 휴게시간","09:30 - 19:00
13:00 - 14:30 휴게시간",09:30 - 13:00,정기휴무 (매주 일요일),"09:30 - 19:00

09:30 - 19:00
09:30 - 19:00
09:30 - 19:00
09:30 - 13:00
정기휴무 (매주 일요일)",13:00 - 14:30 ,, 일요일
121,나란이 치과교정과 치과의원,치과,051-625-2885,부산 남구 용호로 50 범양빌딩 2층,"11:00 - 18:30
13:00 - 14:00 휴게시간",,"11:00 - 18:30
13:00 - 14:00 휴게시간","11:00 - 18:00
13:00 - 14:00 휴게시간","11:00 - 18:00
13:00 - 14:00 휴게시간",10:00 - 13:00,정기휴무 (매주 일요일),"11:00 - 18:30

11:00 - 18:30
11:00 - 18:00
11:00 - 18:00
10:00 - 13:00
정기휴무 (매주 일요일)",13:00 - 14:00 ,, 일요일
122,우리가정의학과의원,가정의학과,051-622-5690,부산 남구 오륙도로 85 상가 2동 210호,"10:00 - 19:00
13:00 - 14:00 휴게시간",,"10:00 - 19:00
13:00 - 14:00 휴게시간","10:00 - 19:00
13:00 - 14:00 휴게시간","10:00 - 19:00
13:00 - 14:00 휴게시간",정기휴무 (매주 토요일),정기휴무 (매주 일요일),"10:00 - 19:00

10:00 - 19:00
10:00 - 19:00
10:00 - 19:00
정기휴무 (매주 토요일)
정기휴무 (매주 일요일)",13:00 - 14:00 ,, 토요일
123,양성연내과의원,내과,051-624-7582,부산 남구 분포로 115 힐탑 탑플레이스 A동 303호,"08:30 - 18:00
12:30 - 14:00 휴게시간
17:30 접수마감",,"08:30 - 16:00
15:30 접수마감","08:30 - 18:00
12:30 - 14:00 휴게시간
17:30 접수마감","08:30 - 18:00
12:30 - 14:00 휴게시간
17:30 접수마감","08:30 - 12:30
12:00 접수마감",정기휴무 (매주 일요일),"08:30 - 18:00

08:30 - 16:00
08:30 - 18:00
08:30 - 18:00
08:30 - 12:30
정기휴무 (매주 일요일)",12:30 - 14:00 ,15:30, 일요일
124,고구려한의원,한의원,0507-1356-2727,부산 남구 수영로325번길 11 마로니에타운 403호,"09:30 - 19:00
13:00 - 14:00 휴게시간","09:30 - 20:00
13:00 - 14:00 휴게시간",정기휴무 (매주 수요일),"09:30 - 19:00
13:00 - 14:00 휴게시간
접기","09:30 - 19:00
13:00 - 14:00 휴게시간",09:30 - 14:00,정기휴무 (매주 일요일),"09:30 - 19:00
09:30 - 20:00
정기휴무 (매주 수요일)
09:30 - 19:00
09:30 - 19:00
09:30 - 14:00
정기휴무 (매주 일요일)",13:00 - 14:00 ,, 수요일
125,다나아마취통증의학과의원,마취통증의학과,051-625-5005,부산 남구 수영로 240-1 4층,"09:00 - 18:00
13:00 - 14:00 휴게시간
17:50 접수마감",,"09:00 - 13:00
12:50 접수마감","09:00 - 18:00
13:00 - 14:00 휴게시간
17:50 접수마감","09:00 - 18:00
13:00 - 14:00 휴게시간
17:50 접수마감","09:00 - 13:00
12:50 접수마감",정기휴무 (매주 일요일),"09:00 - 18:00

09:00 - 13:00
09:00 - 18:00
09:00 - 18:00
09:00 - 13:00
정기휴무 (매주 일요일)",13:00 - 14:00 ,12:50, 일요일
126,해바라기치과의원,치과,051-642-2804,부산 남구 전포대로 16,"09:30 - 18:30
13:00 - 14:00 휴게시간","09:30 - 18:30
13:00 - 14:00 휴게시간","09:30 - 18:30
13:00 - 14:00 휴게시간","09:30 - 19:30
13:00 - 14:00 휴게시간","09:30 - 18:30
13:00 - 14:00 휴게시간",09:30 - 14:00,정기휴무 (매주 일요일),"09:30 - 18:30
09:30 - 18:30
09:30 - 18:30
09:30 - 19:30
09:30 - 18:30
09:30 - 14:00
정기휴무 (매주 일요일)",13:00 - 14:00 ,, 일요일
127,해미인치과교정과치과의원,치과,051-623-7552,부산 남구 수영로 306,"10:00 - 19:00
13:00 - 14:00 휴게시간",,,"10:00 - 19:00
13:00 - 14:00 휴게시간","10:00 - 19:00
13:00 - 14:00 휴게시간",09:30 - 13:30,정기휴무 (매주 일요일),"10:00 - 19:00


10:00 - 19:00
10:00 - 19:00
09:30 - 13:30
정기휴무 (매주 일요일)",13:00 - 14:00 ,, 일요일
128,정상신한의원,한의원,051-631-0210,부산 남구 우암로 168 2층,"09:30 - 18:30
13:00 - 14:00 휴게시간",,"09:30 - 18:30
13:00 - 14:00 휴게시간","09:30 - 18:30
13:00 - 14:00 휴게시간
접기","09:30 - 18:30
13:00 - 14:00 휴게시간",09:30 - 13:30,정기휴무 (매주 일요일),"09:30 - 18:30

09:30 - 18:30
09:30 - 18:30
09:30 - 18:30
09:30 - 13:30
정기휴무 (매주 일요일)",13:00 - 14:00 ,, 일요일
129,메디스치과의원 경성대,치과,0507-1315-7475,부산 남구 수영로 295 세웅빌딩 4층,,,"10:00 - 19:00
13:00 - 14:00 휴게시간","10:00 - 20:00
13:00 - 14:00 휴게시간","10:00 - 19:00
13:00 - 14:00 휴게시간",10:00 - 14:00,정기휴무 (매주 일요일),"

10:00 - 19:00
10:00 - 20:00
10:00 - 19:00
10:00 - 14:00
정기휴무 (매주 일요일)",,, 일요일
130,대한한의원,한의원,051-633-7582,부산 남구 수영로 177 이양희산부인과의원,"09:00 - 18:00
12:00 - 13:00 휴게시간",,"09:00 - 18:00
12:00 - 13:00 휴게시간","09:00 - 18:00
12:00 - 13:00 휴게시간","09:00 - 18:00
12:00 - 13:00 휴게시간",09:00 - 13:00,정기휴무 (매주 일요일),"09:00 - 18:00

09:00 - 18:00
09:00 - 18:00
09:00 - 18:00
09:00 - 13:00
정기휴무 (매주 일요일)",12:00 - 13:00 ,, 일요일
131,디올이비인후과의원,이비인후과,051-791-1100,"부산 남구 수영로 216 1층, 9층",,,"09:00 - 18:30
12:50 - 14:00 휴게시간
18:25 접수마감","09:00 - 18:30
12:50 - 14:00 휴게시간
18:25 접수마감","09:00 - 18:30
12:50 - 14:00 휴게시간
18:25 접수마감","09:00 - 13:00
12:55 접수마감",정기휴무 (매주 일요일),"

09:00 - 18:30
09:00 - 18:30
09:00 - 18:30
09:00 - 13:00
정기휴무 (매주 일요일)",,12:55, 일요일
132,마리여성의원,산부인과,051-626-1009,부산 남구 수영로 297 동남CATV 4층,"09:30 - 18:30
13:00 - 14:00 휴게시간",,"09:30 - 18:30
13:00 - 14:00 휴게시간","09:30 - 18:30
13:00 - 14:00 휴게시간","09:30 - 18:30
13:00 - 14:00 휴게시간",09:30 - 13:00,정기휴무 (매주 일요일),"09:30 - 18:30

09:30 - 18:30
09:30 - 18:30
09:30 - 18:30
09:30 - 13:00
정기휴무 (매주 일요일)",13:00 - 14:00 ,, 일요일
133,미듬치과의원,치과,0507-1393-2879,부산 남구 용호로 141 리우메디컬빌딩 3층,"09:30 - 18:30
12:30 - 14:00 휴게시간",,"09:30 - 18:30
12:30 - 14:00 휴게시간","09:30 - 20:00
12:30 - 14:00 휴게시간","09:30 - 18:30
12:30 - 14:00 휴게시간",09:30 - 13:00,정기휴무 (매주 일요일),"09:30 - 18:30

09:30 - 18:30
09:30 - 20:00
09:30 - 18:30
09:30 - 13:00
정기휴무 (매주 일요일)",12:30 - 14:00 ,, 일요일
134,라인정형외과의원,정형외과,0507-1397-5114,부산 남구 유엔로 14 우암 센텀 메디컬,"09:00 - 19:30
12:30 - 14:00 휴게시간",,"09:00 - 19:30
12:30 - 14:00 휴게시간",09:00 - 13:00,"09:00 - 19:30
12:30 - 14:00 휴게시간",09:00 - 13:00,정기휴무 (매주 일요일),"09:00 - 19:30

09:00 - 19:30
09:00 - 13:00
09:00 - 19:30
09:00 - 13:00
정기휴무 (매주 일요일)",12:30 - 14:00 ,, 일요일
135,일신소아청소년과의원,소아청소년과,051-611-6181,부산 남구 분포로 113 LG메트로시티 주2상가 3층,"09:00 - 18:00
12:30 - 14:00 휴게시간
12:20, 17:50 접수마감",,"09:00 - 13:00
12:50 접수마감","09:00 - 18:00
12:30 - 14:00 휴게시간
12:20, 17:50 접수마감","09:00 - 18:00
12:30 - 14:00 휴게시간
12:20, 17:50 접수마감","09:00 - 13:00
12:50 접수마감",정기휴무 (매주 일요일),"09:00 - 18:00

09:00 - 13:00
09:00 - 18:00
09:00 - 18:00
09:00 - 13:00
정기휴무 (매주 일요일)",12:30 - 14:00 ,12:50, 일요일
136,정우창성형외과의원,성형외과,051-624-6611,부산 남구 수영로 300 6층,,,,,,,,"





",,,
137,뷰리안의원,피부과,0507-1433-7823,부산 남구 용호로 141 리우메디컬센터 3층,"15:00 - 20:30
20:15 접수마감",,"10:30 - 19:00
13:30 - 14:30 휴게시간
18:45 접수마감","10:30 - 20:30
13:30 - 14:30 휴게시간
20:15 접수마감","10:30 - 19:00
13:30 - 14:30 휴게시간
18:45 접수마감","10:30 - 15:30
15:15 접수마감",정기휴무 (매주 일요일),"15:00 - 20:30

10:30 - 19:00
10:30 - 20:30
10:30 - 19:00
10:30 - 15:30
정기휴무 (매주 일요일)",20:15 접수마감,15:15, 일요일
138,디지털닥터정치과의원,치과,0507-1477-2278,부산 남구 분포로 145 2077호,"09:30 - 18:00
12:30 - 14:00 휴게시간
12:00, 17:30 접수마감",,"09:30 - 18:00
12:30 - 14:00 휴게시간
12:00, 17:30 접수마감",정기휴무 (매주 목요일),"09:30 - 18:00
12:30 - 14:00 휴게시간
12:00, 17:30 접수마감","09:30 - 13:00
12:30 접수마감",정기휴무 (매주 일요일),"09:30 - 18:00

09:30 - 18:00
정기휴무 (매주 목요일)
09:30 - 18:00
09:30 - 13:00
정기휴무 (매주 일요일)",12:30 - 14:00 ,12:30, 목요일
139,선한이웃치과의원,치과,051-643-2875,부산 남구 수영로 47,"09:00 - 18:00
12:00 - 13:00 휴게시간",,"09:00 - 18:00
12:00 - 13:00 휴게시간","09:00 - 18:00
12:00 - 13:00 휴게시간","09:00 - 18:00
12:00 - 13:00 휴게시간",09:00 - 16:30,정기휴무 (매주 일요일),"09:00 - 18:00

09:00 - 18:00
09:00 - 18:00
09:00 - 18:00
09:00 - 16:30
정기휴무 (매주 일요일)",12:00 - 13:00 ,, 일요일
140,박소양산부인과의원,산부인과,051-612-0004,부산 남구 분포로 111 LG메트로시티 상가 1003-305호,"09:30 - 18:30
12:30 - 14:00 휴게시간",,"09:30 - 18:30
12:30 - 14:00 휴게시간","09:30 - 18:30
12:30 - 14:00 휴게시간","09:30 - 18:30
12:30 - 14:00 휴게시간",09:30 - 13:00,정기휴무 (매주 일요일),"09:30 - 18:30

09:30 - 18:30
09:30 - 18:30
09:30 - 18:30
09:30 - 13:00
정기휴무 (매주 일요일)",12:30 - 14:00 ,, 일요일
141,서울최유라정신건강의학과의원,정신건강의학과,0507-1390-3234,부산 남구 수영로 252 김계영내과건물 4층,"09:30 - 17:30
13:00 - 14:00 휴게시간",,14:00 - 19:30,"09:30 - 17:30
13:00 - 14:00 휴게시간","09:30 - 17:30
13:00 - 14:00 휴게시간",09:30 - 13:30,정기휴무 (매주 일요일),"09:30 - 17:30

14:00 - 19:30
09:30 - 17:30
09:30 - 17:30
09:30 - 13:30
정기휴무 (매주 일요일)",13:00 - 14:00 ,, 일요일
142,파크사이드재활의학병원,재활의학과,051-629-8000,부산 남구 유엔평화로125번길 11-10,,,,,,,,"





",,,
143,에스산부인과의원,산부인과,051-715-7977,부산 남구 용호로 141 대현메디칼 2층 용호사거리 부산은행2층,"09:30 - 18:00
13:00 - 14:00 휴게시간",,09:30 - 14:00,"09:30 - 18:00
13:00 - 14:00 휴게시간","09:30 - 18:00
13:00 - 14:00 휴게시간",09:30 - 14:00,정기휴무 (매주 일요일),"09:30 - 18:00

09:30 - 14:00
09:30 - 18:00
09:30 - 18:00
09:30 - 14:00
정기휴무 (매주 일요일)",13:00 - 14:00 ,, 일요일
144,김문석피부과의원,피부과,051-624-1612,부산 남구 용호로 134 글로리아안경,09:00 - 17:00,,09:00 - 17:00,09:00 - 17:00,09:00 - 17:00,09:00 - 12:30,정기휴무 (매주 일요일),"09:00 - 17:00

09:00 - 17:00
09:00 - 17:00
09:00 - 17:00
09:00 - 12:30
정기휴무 (매주 일요일)",,, 일요일
145,위대한의원,내과,051-711-6688,부산 남구 용호로 91 휴렉스,08:00 - 18:00,,08:00 - 18:00,08:00 - 18:00,08:00 - 18:00,08:00 - 15:00,정기휴무 (매주 일요일),"08:00 - 18:00

08:00 - 18:00
08:00 - 18:00
08:00 - 18:00
08:00 - 15:00
정기휴무 (매주 일요일)",,, 일요일
146,부산대연 리아한의원,한의원,0507-1359-4975,부산 남구 수영로 244 남천빌딩 3층,"10:00 - 21:00
13:00 - 14:00 휴게시간",,"10:00 - 21:00
13:00 - 14:00 휴게시간","10:00 - 21:00
13:00 - 14:00 휴게시간","10:00 - 21:00
13:00 - 14:00 휴게시간",10:00 - 15:00,정기휴무 (매주 일요일),"10:00 - 21:00

10:00 - 21:00
10:00 - 21:00
10:00 - 21:00
10:00 - 15:00
정기휴무 (매주 일요일)",13:00 - 14:00 ,, 일요일
147,강남비뇨기과의원,비뇨의학과,051-646-6464,부산 남구 수영로 31,"09:00 - 18:00
13:00 - 14:00 휴게시간","09:00 - 18:00
13:00 - 14:00 휴게시간","09:00 - 18:00
13:00 - 14:00 휴게시간","09:00 - 18:00
13:00 - 14:00 휴게시간
접기","09:00 - 18:00
13:00 - 14:00 휴게시간",09:00 - 12:30,정보없음,"09:00 - 18:00
09:00 - 18:00
09:00 - 18:00
09:00 - 18:00
09:00 - 18:00
09:00 - 12:30
정보없음",13:00 - 14:00 ,,
148,천지인한의원,한의원,051-791-1075,부산 남구 수영로 213 천지인 한의원,"09:00 - 18:00
13:00 - 14:00 휴게시간
17:30 접수마감","09:00 - 14:00
13:30 접수마감","09:00 - 18:00
13:00 - 14:00 휴게시간
17:30 접수마감","09:00 - 14:00
13:30 접수마감","09:00 - 18:00
13:00 - 14:00 휴게시간
17:30 접수마감","09:00 - 14:00
13:30 접수마감",정기휴무 (매주 일요일),"09:00 - 18:00
09:00 - 14:00
09:00 - 18:00
09:00 - 14:00
09:00 - 18:00
09:00 - 14:00
정기휴무 (매주 일요일)",13:00 - 14:00 ,13:30, 일요일
149,유솜마취통증의학과의원,마취통증의학과,0507-1330-4114,부산 남구 수영로 260 백리명가 (남천메디컬) 7층,"09:30 - 18:00
13:00 - 14:00 휴게시간
17:30 접수마감",,"14:00 - 21:00
20:30 접수마감","09:30 - 18:00
13:00 - 14:00 휴게시간
17:30 접수마감","09:30 - 18:00
13:00 - 14:00 휴게시간
17:30 접수마감","09:30 - 13:00
12:30 접수마감",정기휴무 (매주 일요일),"09:30 - 18:00

14:00 - 21:00
09:30 - 18:00
09:30 - 18:00
09:30 - 13:00
정기휴무 (매주 일요일)",13:00 - 14:00 ,20:30, 일요일
150,대연정형외과의원,정형외과,051-914-1234,부산 남구 수영로 225-1,"09:00 - 18:30
13:00 - 14:30 휴게시간","09:00 - 18:30
13:00 - 14:30 휴게시간","09:00 - 18:30
13:00 - 14:30 휴게시간","09:00 - 18:30
13:00 - 14:30 휴게시간
접기","09:00 - 18:30
13:00 - 14:30 휴게시간",09:00 - 13:00,정기휴무 (매주 일요일),"09:00 - 18:30
09:00 - 18:30
09:00 - 18:30
09:00 - 18:30
09:00 - 18:30
09:00 - 13:00
정기휴무 (매주 일요일)",13:00 - 14:30 ,, 일요일
151,시온치과의원 대연점,치과,0507-1419-2822,부산 남구 수영로 230,"09:30 - 18:30
13:00 - 14:30 휴게시간",,"09:30 - 18:30
13:00 - 14:30 휴게시간","09:30 - 18:30
13:00 - 14:30 휴게시간","09:30 - 18:30
13:00 - 14:30 휴게시간",09:30 - 14:00,정기휴무 (매주 일요일),"09:30 - 18:30

09:30 - 18:30
09:30 - 18:30
09:30 - 18:30
09:30 - 14:00
정기휴무 (매주 일요일)",13:00 - 14:30 ,, 일요일
152,리즈정신건강의학과의원,정신건강의학과,051-639-3399,부산 남구 수영로 182-1 리즈메디컬 4층,"09:30 - 18:30
12:30 - 14:00 휴게시간",,14:00 - 18:30,"09:30 - 18:30
12:30 - 14:00 휴게시간","09:30 - 18:30
12:30 - 14:00 휴게시간",09:30 - 13:00,정기휴무 (매주 일요일),"09:30 - 18:30

14:00 - 18:30
09:30 - 18:30
09:30 - 18:30
09:30 - 13:00
정기휴무 (매주 일요일)",12:30 - 14:00 ,, 일요일
153,김소아청소년과의원,소아청소년과,051-645-8988,부산 남구 우암로 67-2 김소아과의원,"09:30 - 18:00
13:00 - 14:30 휴게시간","09:30 - 18:00
13:00 - 14:30 휴게시간","09:30 - 18:00
13:00 - 14:30 휴게시간","14:00 - 18:00
접기","09:30 - 18:00
13:00 - 14:30 휴게시간",09:30 - 13:00,정기휴무 (매주 일요일),"09:30 - 18:00
09:30 - 18:00
09:30 - 18:00
14:00 - 18:00
09:30 - 18:00
09:30 - 13:00
정기휴무 (매주 일요일)",13:00 - 14:30 ,, 일요일
154,조진수소아청소년과의원,소아청소년과,051-625-9933,부산 남구 용호로 200 신홍규정형외과,"09:00 - 18:00
12:30 - 14:00 휴게시간",,"09:00 - 18:00
12:30 - 14:00 휴게시간","09:00 - 18:00
12:30 - 14:00 휴게시간","09:00 - 18:00
12:30 - 14:00 휴게시간",정기휴무 (매주 토요일),정기휴무 (매주 일요일),"09:00 - 18:00

09:00 - 18:00
09:00 - 18:00
09:00 - 18:00
정기휴무 (매주 토요일)
정기휴무 (매주 일요일)",12:30 - 14:00 ,, 토요일
155,고마워한의원,한의원,0507-1474-0302,부산 남구 수영로 295 5층,"10:00 - 21:00
13:00 - 14:00 휴게시간
17:30 - 18:00 휴게시간",,"10:00 - 21:00
13:00 - 14:00 휴게시간
17:30 - 18:00 휴게시간",정기휴무 (매주 목요일),"10:00 - 21:00
13:00 - 14:00 휴게시간
17:30 - 18:00 휴게시간","10:00 - 17:30
13:00 - 14:00 휴게시간",정기휴무 (매주 일요일),"10:00 - 21:00

10:00 - 21:00
정기휴무 (매주 목요일)
10:00 - 21:00
10:00 - 17:30
정기휴무 (매주 일요일)",13:00 - 14:00 ,, 목요일
156,심플치과의원,치과,0507-1490-0161,부산 남구 수영로 299 루미너스타워 6층,"09:30 - 18:30
13:00 - 14:30 휴게시간",,"09:30 - 18:30
13:00 - 14:30 휴게시간","09:30 - 18:30
13:00 - 14:30 휴게시간","09:30 - 18:30
13:00 - 14:30 휴게시간",09:30 - 14:00,정기휴무 (매주 일요일),"09:30 - 18:30

09:30 - 18:30
09:30 - 18:30
09:30 - 18:30
09:30 - 14:00
정기휴무 (매주 일요일)",13:00 - 14:30 ,, 일요일
157,손내과의원,내과,051-627-2626,부산 남구 석포로 123,"09:30 - 18:30
12:30 - 14:00 휴게시간",,"09:30 - 18:30
12:30 - 14:00 휴게시간","09:30 - 18:30
12:30 - 14:00 휴게시간
접기","09:30 - 18:30
12:30 - 14:00 휴게시간",09:30 - 13:00,정기휴무 (매주 일요일),"09:30 - 18:30

09:30 - 18:30
09:30 - 18:30
09:30 - 18:30
09:30 - 13:00
정기휴무 (매주 일요일)",12:30 - 14:00 ,, 일요일
158,구자현비뇨기과의원,비뇨의학과,051-625-2288,부산 남구 수영로 298 대연동 산암빌딩 3층,"09:30 - 18:00
13:00 - 14:00 휴게시간",,"09:30 - 18:00
13:00 - 14:00 휴게시간","09:30 - 18:00
13:00 - 14:00 휴게시간","09:30 - 18:00
13:00 - 14:00 휴게시간",09:30 - 13:00,정기휴무 (매주 일요일),"09:30 - 18:00

09:30 - 18:00
09:30 - 18:00
09:30 - 18:00
09:30 - 13:00
정기휴무 (매주 일요일)",13:00 - 14:00 ,, 일요일
159,이강룡내과의원,내과,051-627-7474,부산 남구 용호로 213,"09:00 - 18:00
12:30 - 14:00 휴게시간",,"09:00 - 18:00
12:30 - 14:00 휴게시간","09:00 - 18:00
12:30 - 14:00 휴게시간","09:00 - 18:00
12:30 - 14:00 휴게시간",09:00 - 13:00,정기휴무 (매주 일요일),"09:00 - 18:00

09:00 - 18:00
09:00 - 18:00
09:00 - 18:00
09:00 - 13:00
정기휴무 (매주 일요일)",12:30 - 14:00 ,, 일요일
160,올바른신경외과의원,신경외과,051-715-8212,부산 남구 수영로 184,"09:30 - 19:00
13:00 - 14:00 휴게시간",,"09:30 - 19:00
13:00 - 14:00 휴게시간","09:30 - 19:00
13:00 - 14:00 휴게시간","09:30 - 19:00
13:00 - 14:00 휴게시간",09:30 - 13:30,정기휴무 (매주 일요일),"09:30 - 19:00

09:30 - 19:00
09:30 - 19:00
09:30 - 19:00
09:30 - 13:30
정기휴무 (매주 일요일)",13:00 - 14:00 ,, 일요일
161,천용준정신건강의학과의원,정신건강의학과,0507-1312-1155,부산 남구 용호로 50 범양빌딩 4층,"09:30 - 18:30
13:00 - 14:30 휴게시간",,"09:30 - 18:30
13:00 - 14:30 휴게시간","09:30 - 18:30
13:00 - 14:30 휴게시간","09:30 - 18:30
13:00 - 14:30 휴게시간",09:00 - 14:00,정기휴무 (매주 일요일),"09:30 - 18:30

09:30 - 18:30
09:30 - 18:30
09:30 - 18:30
09:00 - 14:00
정기휴무 (매주 일요일)",13:00 - 14:30 ,, 일요일
162,대연어린이치과의원,치과,051-791-1275,부산 남구 수영로 324 리마크빌대연 2층 205호,,,,,"10:00 - 18:30
12:30 - 14:00 휴게시간
11:30, 17:30 접수마감","09:00 - 13:30
12:30 접수마감",정기휴무 (매주 일요일),"



10:00 - 18:30
09:00 - 13:30
정기휴무 (매주 일요일)",,12:30, 일요일
163,드림패밀리치과의원,치과,051-622-2875,부산 남구 용호로 54,"09:30 - 18:00
13:00 - 14:30 휴게시간
17:30 접수마감",,"09:30 - 18:00
13:00 - 14:30 휴게시간
17:30 접수마감","09:30 - 18:00
13:00 - 14:30 휴게시간
17:30 접수마감","09:30 - 18:00
13:00 - 14:30 휴게시간
17:30 접수마감","09:30 - 14:00
13:30 접수마감",정기휴무 (매주 일요일),"09:30 - 18:00

09:30 - 18:00
09:30 - 18:00
09:30 - 18:00
09:30 - 14:00
정기휴무 (매주 일요일)",13:00 - 14:30 ,13:30, 일요일
164,봉생힐링병원,"병원,의원",051-668-6000,부산 남구 양지골로 241,"08:30 - 17:30
12:30 - 13:30 휴게시간
17:00 접수마감",,"08:30 - 17:00
12:30 - 13:30 휴게시간
16:30 접수마감","08:30 - 17:00
12:30 - 13:30 휴게시간
16:30 접수마감","08:30 - 17:00
12:30 - 13:30 휴게시간
16:30 접수마감","08:30 - 12:30
12:00 접수마감",정기휴무 (매주 일요일),"08:30 - 17:30

08:30 - 17:00
08:30 - 17:00
08:30 - 17:00
08:30 - 12:30
정기휴무 (매주 일요일)",12:30 - 13:30 ,12:00, 일요일
165,이외과의원,외과,051-628-8176,부산 남구 용호로 227,"09:00 - 18:00
13:00 - 14:00 휴게시간",,"09:00 - 18:00
13:00 - 14:00 휴게시간","09:00 - 18:00
13:00 - 14:00 휴게시간","09:00 - 18:00
13:00 - 14:00 휴게시간",09:00 - 12:30,정기휴무 (매주 일요일),"09:00 - 18:00

09:00 - 18:00
09:00 - 18:00
09:00 - 18:00
09:00 - 12:30
정기휴무 (매주 일요일)",13:00 - 14:00 ,, 일요일
166,대명치과의원,치과,0507-1443-2506,"부산 남구 못골로 87 대연스퀘어 A동 3층 301, 302호",10:00 - 19:00,,10:00 - 19:00,10:00 - 21:00,10:00 - 19:00,09:30 - 13:30,정기휴무 (매주 일요일),"10:00 - 19:00

10:00 - 19:00
10:00 - 21:00
10:00 - 19:00
09:30 - 13:30
정기휴무 (매주 일요일)",,, 일요일
167,성소치과의원,치과,0507-1373-0275,부산 남구 수영로 175 SMG빌딩,"09:30 - 18:30
12:30 - 14:00 휴게시간",,"09:30 - 18:30
12:30 - 14:00 휴게시간","09:30 - 18:30
12:30 - 14:00 휴게시간","09:30 - 18:30
12:30 - 14:00 휴게시간",09:30 - 13:00,정기휴무 (매주 일요일),"09:30 - 18:30

09:30 - 18:30
09:30 - 18:30
09:30 - 18:30
09:30 - 13:00
정기휴무 (매주 일요일)",12:30 - 14:00 ,, 일요일
168,대연균형한의원,한의원,0507-1430-1075,부산 남구 진남로 4 대연베델메디컬빌딩 2층,"09:00 - 21:00
12:30 - 14:00 휴게시간
12:00, 20:30 접수마감",,"09:00 - 21:00
12:30 - 14:00 휴게시간
12:00, 20:30 접수마감","09:00 - 21:00
12:30 - 14:00 휴게시간
12:00, 20:30 접수마감
접기","09:00 - 21:00
12:30 - 14:00 휴게시간
12:00, 20:30 접수마감","09:00 - 17:00
12:30 - 14:00 휴게시간
12:00, 16:30 접수마감","09:00 - 17:00
12:30 - 14:00 휴게시간
12:00, 16:30 접수마감","09:00 - 21:00

09:00 - 21:00
09:00 - 21:00
09:00 - 21:00
09:00 - 17:00
09:00 - 17:00",12:30 - 14:00 ,,
169,이든정신건강의학과의원,정신건강의학과,0507-1426-1077,부산 남구 수영로 260 백리명가에덴 상가 6층 612호,정기휴무 (매주 월요일),,"09:30 - 18:30
12:30 - 14:00 휴게시간
17:30 접수마감","09:30 - 18:30
12:30 - 14:00 휴게시간
17:30 접수마감","09:30 - 18:30
12:30 - 14:00 휴게시간
17:30 접수마감","09:00 - 13:30
12:30 접수마감",정기휴무 (매주 일요일),"정기휴무 (매주 월요일)

09:30 - 18:30
09:30 - 18:30
09:30 - 18:30
09:00 - 13:30
정기휴무 (매주 일요일)",,12:30, 월요일
170,서울프라임치과의원,치과,051-642-1876,부산 남구 수영로 228,"09:30 - 18:30
12:30 - 14:00 휴게시간",,"09:30 - 18:30
12:30 - 14:00 휴게시간",09:30 - 12:30,"09:30 - 18:30
12:30 - 14:00 휴게시간",09:30 - 13:00,정기휴무 (매주 일요일),"09:30 - 18:30

09:30 - 18:30
09:30 - 12:30
09:30 - 18:30
09:30 - 13:00
정기휴무 (매주 일요일)",12:30 - 14:00 ,, 일요일
171,뷰티스마일치과의원,치과,0507-1406-2804,부산 남구 수영로325번길 11 마로니에타운 3층 뷰티스마일치과의원,,,"10:00 - 18:30
13:00 - 14:30 휴게시간
18:00 접수마감",,"10:00 - 18:30
13:00 - 14:30 휴게시간
18:00 접수마감","10:00 - 14:00
13:30 접수마감",정기휴무 (매주 일요일),"

10:00 - 18:30

10:00 - 18:30
10:00 - 14:00
정기휴무 (매주 일요일)",,13:30, 일요일
172,심은희내과의원,내과,051-928-3301,부산 남구 수영로 241 위대항병원 건물 3층,"09:00 - 18:00
13:00 - 14:00 휴게시간",,"09:00 - 18:00
13:00 - 14:00 휴게시간","09:00 - 18:00
13:00 - 14:00 휴게시간","09:00 - 18:00
13:00 - 14:00 휴게시간",09:00 - 13:00,정기휴무 (매주 일요일),"09:00 - 18:00

09:00 - 18:00
09:00 - 18:00
09:00 - 18:00
09:00 - 13:00
정기휴무 (매주 일요일)",13:00 - 14:00 ,, 일요일
173,레진치과의원,치과,051-959-1000,부산 남구 용호로 48 2층,"12:00 - 21:00
17:00 - 18:00 휴게시간
16:30, 20:30 접수마감",,"10:00 - 19:00
13:00 - 14:00 휴게시간
12:30, 18:30 접수마감","12:00 - 21:00
17:00 - 18:00 휴게시간
16:30, 20:30 접수마감","10:00 - 19:00
13:00 - 14:00 휴게시간
12:30, 18:30 접수마감",정기휴무 (매주 토요일),정기휴무 (매주 일요일),"12:00 - 21:00

10:00 - 19:00
12:00 - 21:00
10:00 - 19:00
정기휴무 (매주 토요일)
정기휴무 (매주 일요일)",17:00 - 18:00 ,, 토요일
174,약손한의원,한의원,0507-1471-7503,부산 남구 분포로 61 빌리브센트로 A동 215호,"09:30 - 19:00
12:30 - 14:00 휴게시간
18:30 접수마감",,"09:30 - 19:00
12:30 - 14:00 휴게시간
18:30 접수마감","14:00 - 19:00
18:30 접수마감","09:30 - 19:00
12:30 - 14:00 휴게시간
18:30 접수마감","09:30 - 14:00
13:30 접수마감",정기휴무 (매주 일요일),"09:30 - 19:00

09:30 - 19:00
14:00 - 19:00
09:30 - 19:00
09:30 - 14:00
정기휴무 (매주 일요일)",12:30 - 14:00 ,18:30, 일요일
175,인창대연요양병원,요양병원,051-774-1004,부산 남구 수영로 164,"08:30 - 17:30
12:30 - 13:30 휴게시간",,"08:30 - 17:30
12:30 - 13:30 휴게시간","08:30 - 17:30
12:30 - 13:30 휴게시간","08:30 - 17:30
12:30 - 13:30 휴게시간",정기휴무 (매주 토요일),정기휴무 (매주 일요일),"08:30 - 17:30

08:30 - 17:30
08:30 - 17:30
08:30 - 17:30
정기휴무 (매주 토요일)
정기휴무 (매주 일요일)",12:30 - 13:30 ,, 토요일
176,로덴치과의원,치과,0507-1310-1928,부산 남구 분포로 113 엘지메트로시티주상가 1005동 302호,"09:40 - 18:30
12:30 - 14:00 휴게시간",,"09:40 - 18:30
12:30 - 14:00 휴게시간","09:40 - 18:30
12:30 - 14:00 휴게시간","09:40 - 18:30
12:30 - 14:00 휴게시간",09:40 - 13:00,정기휴무 (매주 일요일),"09:40 - 18:30

09:40 - 18:30
09:40 - 18:30
09:40 - 18:30
09:40 - 13:00
정기휴무 (매주 일요일)",12:30 - 14:00 ,, 일요일
177,최원복소아청소년과의원,소아청소년과,051-628-7711,부산 남구 수영로 323 태강프라자 2층 201호 최원복소아청소년과,정기휴무 (매주 월요일),,09:00 - 18:00,09:00 - 18:00,09:00 - 18:00,"09:00 - 17:00
12:30 - 13:30 휴게시간",정기휴무 (매주 일요일),"정기휴무 (매주 월요일)

09:00 - 18:00
09:00 - 18:00
09:00 - 18:00
09:00 - 17:00
정기휴무 (매주 일요일)",,, 월요일
178,조용현안과,안과,No phone number available,부산 남구 수영로 198-1,,,,,,,,"





",,,
179,명인이플란트치과의원,치과,0507-1359-2870,부산 남구 수영로 223 1층,"09:30 - 21:00
13:00 - 14:30 휴게시간",,"09:30 - 19:00
13:00 - 14:30 휴게시간","09:30 - 21:00
13:00 - 14:30 휴게시간","09:30 - 19:00
13:00 - 14:30 휴게시간",09:30 - 14:00,정기휴무 (매주 일요일),"09:30 - 21:00

09:30 - 19:00
09:30 - 21:00
09:30 - 19:00
09:30 - 14:00
정기휴무 (매주 일요일)",13:00 - 14:30 ,, 일요일
180,부산성모병원 응급실,응급실,051-933-7119,부산 남구 용호로232번길 25-14 부산성모병원,,,,,,,,"





",,,
181,안무경가정의학과의원,가정의학과,051-626-3030,부산 남구 유엔평화로 152-2 한신문화타운상가 208~209호,"09:00 - 17:40
12:30 - 14:00 휴게시간",,"09:00 - 16:00
12:30 - 14:00 휴게시간","09:00 - 17:40
12:30 - 14:00 휴게시간","09:00 - 17:40
12:30 - 14:00 휴게시간",09:00 - 12:30,정기휴무 (매주 일요일),"09:00 - 17:40

09:00 - 16:00
09:00 - 17:40
09:00 - 17:40
09:00 - 12:30
정기휴무 (매주 일요일)",12:30 - 14:00 ,, 일요일
182,슬기로운내과의원,내과,051-645-3388,부산 남구 고동골로 16 2층,"08:30 - 18:00
13:00 - 14:00 휴게시간",,"08:30 - 18:00
13:00 - 14:00 휴게시간","08:30 - 18:00
13:00 - 14:00 휴게시간","08:30 - 18:00
13:00 - 14:00 휴게시간",08:30 - 14:00,정기휴무 (매주 일요일),"08:30 - 18:00

08:30 - 18:00
08:30 - 18:00
08:30 - 18:00
08:30 - 14:00
정기휴무 (매주 일요일)",13:00 - 14:00 ,, 일요일
183,부산성모병원 장례식장,장례식장,051-933-7480,부산 남구 고동골로 16 2층,,,,,,,,"





",,,
184,장주경치과의원,치과,051-626-7972,부산 남구 수영로 330 신화빌딩,"09:30 - 18:30
12:30 - 14:00 휴게시간",,"09:30 - 18:30
12:30 - 14:00 휴게시간","09:30 - 18:30
12:30 - 14:00 휴게시간","09:30 - 18:30
12:30 - 14:00 휴게시간",09:30 - 13:30,정기휴무 (매주 일요일),"09:30 - 18:30

09:30 - 18:30
09:30 - 18:30
09:30 - 18:30
09:30 - 13:30
정기휴무 (매주 일요일)",12:30 - 14:00 ,, 일요일
185,더블유한의원,한의원,051-711-8575,부산 남구 분포로 145 W스퀘어 1113호,"10:00 - 19:00
13:00 - 14:00 휴게시간",,10:00 - 15:00,"10:00 - 19:00
13:00 - 14:00 휴게시간","10:00 - 19:00
13:00 - 14:00 휴게시간",10:00 - 15:00,정기휴무 (매주 일요일),"10:00 - 19:00

10:00 - 15:00
10:00 - 19:00
10:00 - 19:00
10:00 - 15:00
정기휴무 (매주 일요일)",13:00 - 14:00 ,, 일요일
186,광덕안정한의원 부산대연점,한의원,051-714-2475,"부산 남구 용소로 5 2, 5, 6층","08:00 - 21:00
13:00 - 14:00 휴게시간
20:20 접수마감",,"08:00 - 21:00
13:00 - 14:00 휴게시간
20:20 접수마감","08:00 - 21:00
13:00 - 14:00 휴게시간
20:20 접수마감","08:00 - 21:00
13:00 - 14:00 휴게시간
20:20 접수마감","08:00 - 17:00
13:00 - 14:00 휴게시간
16:20 접수마감","08:00 - 17:00
13:00 - 14:00 휴게시간
16:20 접수마감","08:00 - 21:00

08:00 - 21:00
08:00 - 21:00
08:00 - 21:00
08:00 - 17:00
08:00 - 17:00",13:00 - 14:00 ,,
187,새롬이비인후과의원,이비인후과,0507-1433-7576,부산 남구 수영로 230 이상원정형외과,"09:00 - 18:30
12:30 - 14:00 휴게시간",,"09:00 - 18:30
12:30 - 14:00 휴게시간","09:00 - 18:30
12:30 - 14:00 휴게시간","09:00 - 18:30
12:30 - 14:00 휴게시간",09:00 - 13:00,정기휴무 (매주 일요일),"09:00 - 18:30

09:00 - 18:30
09:00 - 18:30
09:00 - 18:30
09:00 - 13:00
정기휴무 (매주 일요일)",12:30 - 14:00 ,, 일요일
188,그랜드치과의원,치과,051-264-2875,부산 남구 동명로 139,"09:30 - 18:30
13:00 - 14:00 휴게시간",,"09:30 - 18:30
13:00 - 14:00 휴게시간","09:30 - 18:30
13:00 - 14:00 휴게시간","09:30 - 18:30
13:00 - 14:00 휴게시간",09:30 - 13:30,정기휴무 (매주 일요일),"09:30 - 18:30

09:30 - 18:30
09:30 - 18:30
09:30 - 18:30
09:30 - 13:30
정기휴무 (매주 일요일)",13:00 - 14:00 ,, 일요일
189,본드림한의원,한의원,051-741-7588,부산 남구 수영로 345 3층,,,"10:00 - 20:00
12:30 - 14:00 휴게시간","10:00 - 18:00
12:30 - 14:00 휴게시간","10:00 - 18:00
12:30 - 14:00 휴게시간",10:00 - 14:00,정기휴무 (매주 일요일),"

10:00 - 20:00
10:00 - 18:00
10:00 - 18:00
10:00 - 14:00
정기휴무 (매주 일요일)",,, 일요일
190,신세종피부비뇨기과의원,비뇨의학과,051-628-8017,부산 남구 수영로 203 대연 메디칼센터,"09:00 - 18:30
12:30 - 14:00 휴게시간",,"09:00 - 18:30
12:30 - 14:00 휴게시간","09:00 - 18:30
12:30 - 14:00 휴게시간","09:00 - 18:30
12:30 - 14:00 휴게시간",09:00 - 13:00,정기휴무 (매주 일요일),"09:00 - 18:30

09:00 - 18:30
09:00 - 18:30
09:00 - 18:30
09:00 - 13:00
정기휴무 (매주 일요일)",12:30 - 14:00 ,, 일요일
191,서울리더스치과의원,치과,051-637-2879,부산 남구 문현금융로 40 부산국제금융센터 BIFC몰상가 302호,"09:30 - 19:00
13:00 - 14:30 휴게시간",,"09:30 - 19:00
13:00 - 14:30 휴게시간","09:30 - 19:00
13:00 - 14:30 휴게시간","09:30 - 19:00
13:00 - 14:30 휴게시간",09:30 - 13:00,정기휴무 (매주 일요일),"09:30 - 19:00

09:30 - 19:00
09:30 - 19:00
09:30 - 19:00
09:30 - 13:00
정기휴무 (매주 일요일)",13:00 - 14:30 ,, 일요일
192,김영수내과의원,내과,051-611-6151,부산 남구 수영로 209 일동 지에닌 상가2층,"09:00 - 18:30
13:00 - 14:00 휴게시간",,"09:00 - 18:30
13:00 - 14:00 휴게시간","09:00 - 18:30
13:00 - 14:00 휴게시간","09:00 - 18:30
13:00 - 14:00 휴게시간",09:00 - 14:00,정기휴무 (매주 일요일),"09:00 - 18:30

09:00 - 18:30
09:00 - 18:30
09:00 - 18:30
09:00 - 14:00
정기휴무 (매주 일요일)",13:00 - 14:00 ,, 일요일
193,산삼한의원,한의원,0507-1470-1077,부산 남구 수영로 260 남천메디컬 대연백리명가 6층,"09:10 - 20:30
13:00 - 14:00 휴게시간
20:00 접수마감",,"09:10 - 20:30
13:00 - 14:00 휴게시간
20:00 접수마감","09:10 - 20:30
13:00 - 14:00 휴게시간
20:00 접수마감","09:10 - 20:30
13:00 - 14:00 휴게시간
20:00 접수마감","09:10 - 15:00
14:30 접수마감","09:10 - 15:00
14:30 접수마감","09:10 - 20:30

09:10 - 20:30
09:10 - 20:30
09:10 - 20:30
09:10 - 15:00
09:10 - 15:00",13:00 - 14:00 ,14:30,
194,박창수한의원,한의원,051-636-1059,부산 남구 고동골로 8,"09:00 - 18:00
13:00 - 14:30 휴게시간","09:00 - 18:00
13:00 - 14:30 휴게시간","09:00 - 20:30
13:00 - 14:30 휴게시간
18:30 - 19:30 휴게시간","정기휴무 (매주 목요일)
접기","09:00 - 18:00
13:00 - 14:30 휴게시간","09:00 - 16:30
13:00 - 14:30 휴게시간",정기휴무 (매주 일요일),"09:00 - 18:00
09:00 - 18:00
09:00 - 20:30
정기휴무 (매주 목요일)
09:00 - 18:00
09:00 - 16:30
정기휴무 (매주 일요일)",13:00 - 14:30 ,, 목요일
195,이좋은45치과의원,치과,051-711-2845,부산 남구 수영로 163 삼화메디컬타워 6층,"09:30 - 18:30
13:00 - 14:30 휴게시간",,"09:30 - 21:00
13:00 - 14:30 휴게시간",정기휴무 (매주 목요일),"09:30 - 18:30
13:00 - 14:30 휴게시간",09:30 - 13:00,정기휴무 (매주 일요일),"09:30 - 18:30

09:30 - 21:00
정기휴무 (매주 목요일)
09:30 - 18:30
09:30 - 13:00
정기휴무 (매주 일요일)",13:00 - 14:30 ,, 목요일
196,e라인치과의원,치과,051-612-2885,부산 남구 수영로 299 대한결핵협회 남부지회 7층,"10:30 - 19:00
13:00 - 14:30 휴게시간
18:00 접수마감",,정기휴무 (매주 수요일),"10:30 - 19:00
13:00 - 14:30 휴게시간
18:00 접수마감","10:30 - 19:00
13:00 - 14:30 휴게시간
18:00 접수마감","10:00 - 14:00
13:00 접수마감",정기휴무 (매주 일요일),"10:30 - 19:00

정기휴무 (매주 수요일)
10:30 - 19:00
10:30 - 19:00
10:00 - 14:00
정기휴무 (매주 일요일)",13:00 - 14:30 ,13:00, 수요일
197,김정태정형외과의원,정형외과,051-628-1997,부산 남구 수영로 230,"09:00 - 18:00
13:00 - 14:00 휴게시간
17:15 접수마감",,"09:00 - 18:00
13:00 - 14:00 휴게시간
17:15 접수마감","09:00 - 18:00
13:00 - 14:00 휴게시간
17:15 접수마감","09:00 - 18:00
13:00 - 14:00 휴게시간
17:15 접수마감","09:00 - 13:00
12:15 접수마감",정기휴무 (매주 일요일),"09:00 - 18:00

09:00 - 18:00
09:00 - 18:00
09:00 - 18:00
09:00 - 13:00
정기휴무 (매주 일요일)",13:00 - 14:00 ,12:15, 일요일
198,신진근이비인후과의원,이비인후과,051-612-5075,부산 남구 분포로 113 엘지메트로시티 주2상가 3층 303호,"09:00 - 18:30
12:30 - 14:00 휴게시간",,14:00 - 18:30,"09:00 - 18:30
12:30 - 14:00 휴게시간","09:00 - 18:30
12:30 - 14:00 휴게시간",09:00 - 13:00,정기휴무 (매주 일요일),"09:00 - 18:30

14:00 - 18:30
09:00 - 18:30
09:00 - 18:30
09:00 - 13:00
정기휴무 (매주 일요일)",12:30 - 14:00 ,, 일요일
199,새로운치과의원,치과,051-633-2804,부산 남구 수영로 195-5,"09:30 - 21:00
13:00 - 14:30 휴게시간",,"09:30 - 21:00
13:00 - 14:30 휴게시간","09:30 - 19:00
13:00 - 14:30 휴게시간","09:30 - 19:00
13:00 - 14:30 휴게시간",09:30 - 13:00,정기휴무 (매주 일요일),"09:30 - 21:00

09:30 - 21:00
09:30 - 19:00
09:30 - 19:00
09:30 - 13:00
정기휴무 (매주 일요일)",13:00 - 14:30 ,, 일요일
200,새이치과의원,치과,0507-1331-2825,부산 남구 석포로 76,"09:30 - 18:30
13:00 - 14:00 휴게시간",,"09:30 - 18:30
13:00 - 14:00 휴게시간","09:30 - 18:30
13:00 - 14:00 휴게시간","09:30 - 18:30
13:00 - 14:00 휴게시간",09:30 - 13:30,정기휴무 (매주 일요일),"09:30 - 18:30

09:30 - 18:30
09:30 - 18:30
09:30 - 18:30
09:30 - 13:30
정기휴무 (매주 일요일)",13:00 - 14:00 ,, 일요일
201,경희서울한의원,한의원,051-710-7525,부산 남구 용호로 173 1층,"09:00 - 20:00
12:30 - 14:00 휴게시간",,"09:00 - 20:00
12:30 - 14:00 휴게시간","09:00 - 20:00
12:30 - 14:00 휴게시간
접기","09:00 - 20:00
12:30 - 14:00 휴게시간",09:00 - 15:00,09:00 - 15:00,"09:00 - 20:00

09:00 - 20:00
09:00 - 20:00
09:00 - 20:00
09:00 - 15:00
09:00 - 15:00",12:30 - 14:00 ,,
202,참사랑의원,내과,051-527-3331,부산 남구 전포대로92번길 6 세일의원,09:00 - 18:30,,09:00 - 18:30,09:00 - 18:30,09:00 - 18:30,09:00 - 14:00,정기휴무 (매주 일요일),"09:00 - 18:30

09:00 - 18:30
09:00 - 18:30
09:00 - 18:30
09:00 - 14:00
정기휴무 (매주 일요일)",,, 일요일
203,온부부치과의원,치과,051-611-2825,부산 남구 용호로 159 청솔학원,"09:30 - 19:30
12:30 - 14:00 휴게시간",,"09:30 - 18:00
12:30 - 14:00 휴게시간","09:30 - 18:00
12:30 - 14:00 휴게시간","09:30 - 18:00
12:30 - 14:00 휴게시간",09:30 - 13:00,정기휴무 (매주 일요일),"09:30 - 19:30

09:30 - 18:00
09:30 - 18:00
09:30 - 18:00
09:30 - 13:00
정기휴무 (매주 일요일)",12:30 - 14:00 ,, 일요일
204,서민정형외과의원,정형외과,051-621-7890,부산 남구 용호로 132-1 서민외과의원,"09:00 - 18:00
12:30 - 14:00 휴게시간",,09:00 - 12:30,"09:00 - 18:00
12:30 - 14:00 휴게시간","09:00 - 18:00
12:30 - 14:00 휴게시간",09:00 - 12:30,정기휴무 (매주 일요일),"09:00 - 18:00

09:00 - 12:30
09:00 - 18:00
09:00 - 18:00
09:00 - 12:30
정기휴무 (매주 일요일)",12:30 - 14:00 ,, 일요일
205,그린마취통증의학과의원,마취통증의학과,051-611-8998,부산 남구 용호로 189-2 2층 그린마취통증의학과의원,"09:00 - 17:00
12:00 - 14:00 휴게시간",,"09:00 - 17:00
12:00 - 14:00 휴게시간",09:00 - 12:00,"09:00 - 17:00
12:00 - 14:00 휴게시간",09:00 - 12:00,정기휴무 (매주 일요일),"09:00 - 17:00

09:00 - 17:00
09:00 - 12:00
09:00 - 17:00
09:00 - 12:00
정기휴무 (매주 일요일)",12:00 - 14:00 ,, 일요일
206,그랜드자연요양병원,요양병원,051-612-0075,부산 남구 황령대로 355-14,09:30 - 18:00,,09:30 - 18:00,09:30 - 18:00,09:30 - 18:00,정기휴무 (매주 토요일),정기휴무 (매주 일요일),"09:30 - 18:00

09:30 - 18:00
09:30 - 18:00
09:30 - 18:00
정기휴무 (매주 토요일)
정기휴무 (매주 일요일)",,, 토요일
207,대연혁신치과의원,치과,051-627-5657,부산 남구 수영로 345 대연힐스테이트푸르지오,"09:30 - 18:00
12:30 - 14:00 휴게시간",,"09:30 - 18:00
12:30 - 14:00 휴게시간","09:30 - 18:00
12:30 - 14:00 휴게시간","09:30 - 18:00
12:30 - 14:00 휴게시간",09:30 - 13:00,정기휴무 (매주 일요일),"09:30 - 18:00

09:30 - 18:00
09:30 - 18:00
09:30 - 18:00
09:30 - 13:00
정기휴무 (매주 일요일)",12:30 - 14:00 ,, 일요일
208,삐뚤한이바르게치과 교정과치과의원,치과,0507-1313-2833,부산 남구 용소로 4 동아서적빌딩 8층 삐뚤한이바르게치과교정과치과의원,,,"10:30 - 19:00
13:00 - 14:30 휴게시간
18:30 접수마감",,"10:30 - 19:00
13:00 - 14:30 휴게시간
18:30 접수마감","09:30 - 14:00
13:30 접수마감",정기휴무 (매주 일요일),"

10:30 - 19:00

10:30 - 19:00
09:30 - 14:00
정기휴무 (매주 일요일)",,13:30, 일요일
209,이곳치과의원,치과,051-942-2875,부산 남구 수영로 157,"10:00 - 19:00
13:00 - 14:30 휴게시간",,"10:00 - 19:00
13:00 - 14:30 휴게시간","10:00 - 19:00
13:00 - 14:30 휴게시간","10:00 - 19:00
13:00 - 14:30 휴게시간",10:00 - 14:00,정기휴무 (매주 일요일),"10:00 - 19:00

10:00 - 19:00
10:00 - 19:00
10:00 - 19:00
10:00 - 14:00
정기휴무 (매주 일요일)",13:00 - 14:30 ,, 일요일
210,혜인한의원,한의원,051-628-5213,부산 남구 수영로 256 혜인한의원,"10:00 - 20:00
13:00 - 14:30 휴게시간",,10:00 - 13:00,"10:00 - 20:00
13:00 - 14:30 휴게시간
접기","10:00 - 19:00
13:00 - 14:30 휴게시간",10:00 - 16:00,정기휴무 (매주 일요일),"10:00 - 20:00

10:00 - 13:00
10:00 - 20:00
10:00 - 19:00
10:00 - 16:00
정기휴무 (매주 일요일)",13:00 - 14:30 ,, 일요일
211,대연마취통증의학과의원,마취통증의학과,051-628-8280,부산 남구 수영로 223 삼창빌딩 3층,09:00 - 18:00,,09:00 - 18:00,09:00 - 13:00,09:00 - 18:00,09:00 - 14:00,정기휴무 (매주 일요일),"09:00 - 18:00

09:00 - 18:00
09:00 - 13:00
09:00 - 18:00
09:00 - 14:00
정기휴무 (매주 일요일)",,, 일요일
212,전치과의원,치과,051-635-0018,부산 남구 고동골로 16,"09:30 - 18:00
13:00 - 14:30 휴게시간",,"09:30 - 18:00
13:00 - 14:30 휴게시간",14:30 - 18:00,"09:30 - 18:00
13:00 - 14:30 휴게시간",09:30 - 12:00,정기휴무 (매주 일요일),"09:30 - 18:00

09:30 - 18:00
14:30 - 18:00
09:30 - 18:00
09:30 - 12:00
정기휴무 (매주 일요일)",13:00 - 14:30 ,, 일요일
213,수부부치과의원,치과,051-628-8020,부산 남구 수영로 298 산암빌딩,"09:30 - 18:00
13:00 - 14:00 휴게시간",,"09:30 - 18:00
13:00 - 14:00 휴게시간","09:30 - 18:00
13:00 - 14:00 휴게시간","09:30 - 18:00
13:00 - 14:00 휴게시간",09:30 - 13:00,정기휴무 (매주 일요일),"09:30 - 18:00

09:30 - 18:00
09:30 - 18:00
09:30 - 18:00
09:30 - 13:00
정기휴무 (매주 일요일)",13:00 - 14:00 ,, 일요일
214,이만재내과의원,내과,051-622-2233,부산 남구 황령대로 488 이만재내과의원,"09:00 - 18:00
12:30 - 14:00 휴게시간",,"09:00 - 18:00
12:30 - 14:00 휴게시간","09:00 - 18:00
12:30 - 14:00 휴게시간","09:00 - 18:00
12:30 - 14:00 휴게시간",09:00 - 13:00,정기휴무 (매주 일요일),"09:00 - 18:00

09:00 - 18:00
09:00 - 18:00
09:00 - 18:00
09:00 - 13:00
정기휴무 (매주 일요일)",12:30 - 14:00 ,, 일요일
215,구자영내과의원,내과,051-646-3345,부산 남구 수영로 182-1 3층,"09:00 - 18:00
13:00 - 14:00 휴게시간
17:30 접수마감",,"09:00 - 18:00
13:00 - 14:00 휴게시간
17:30 접수마감","09:00 - 18:00
13:00 - 14:00 휴게시간
17:30 접수마감","09:00 - 18:00
13:00 - 14:00 휴게시간
17:30 접수마감","09:00 - 13:00
12:30 접수마감",정기휴무 (매주 일요일),"09:00 - 18:00

09:00 - 18:00
09:00 - 18:00
09:00 - 18:00
09:00 - 13:00
정기휴무 (매주 일요일)",13:00 - 14:00 ,12:30, 일요일
216,대연성모병원,"병원,의원",051-622-2525,부산 남구 황령대로353번길 66 대연성모병원,09:00 - 18:00,,09:00 - 18:00,09:00 - 18:00,09:00 - 18:00,정기휴무 (매주 토요일),정기휴무 (매주 일요일),"09:00 - 18:00

09:00 - 18:00
09:00 - 18:00
09:00 - 18:00
정기휴무 (매주 토요일)
정기휴무 (매주 일요일)",,, 토요일
217,BH병원,정신건강의학과,051-633-6665,부산 남구 수영로 165 BH병원,"09:00 - 17:30
12:30 - 13:00 휴게시간
17:00 접수마감",,"09:00 - 17:30
12:30 - 13:00 휴게시간
17:00 접수마감","09:00 - 17:30
12:30 - 13:00 휴게시간
17:00 접수마감","09:00 - 17:30
12:30 - 13:00 휴게시간
17:00 접수마감",정기휴무 (매주 토요일),정기휴무 (매주 일요일),"09:00 - 17:30

09:00 - 17:30
09:00 - 17:30
09:00 - 17:30
정기휴무 (매주 토요일)
정기휴무 (매주 일요일)",12:30 - 13:00 ,, 토요일
218,유앤아이치과의원,치과,051-635-0035,부산 남구 수영로 33 203호,"09:30 - 18:30
13:00 - 14:30 휴게시간",,"09:30 - 18:30
13:00 - 14:30 휴게시간",14:30 - 20:30,"09:30 - 18:30
13:00 - 14:30 휴게시간",09:30 - 13:30,정기휴무 (매주 일요일),"09:30 - 18:30

09:30 - 18:30
14:30 - 20:30
09:30 - 18:30
09:30 - 13:30
정기휴무 (매주 일요일)",13:00 - 14:30 ,, 일요일
219,경희자강한의원,한의원,051-929-0030,부산 남구 용호로160번길 4 1층 경희자강한의원,"09:00 - 18:00
12:30 - 14:00 휴게시간",,"09:00 - 18:00
12:30 - 14:00 휴게시간","09:00 - 18:00
12:30 - 14:00 휴게시간","09:00 - 18:00
12:30 - 14:00 휴게시간",09:00 - 13:00,정기휴무 (매주 일요일),"09:00 - 18:00

09:00 - 18:00
09:00 - 18:00
09:00 - 18:00
09:00 - 13:00
정기휴무 (매주 일요일)",12:30 - 14:00 ,, 일요일
220,세화의원,"병원,의원",051-632-4392,부산 남구 석포로 64,09:00 - 18:30,,09:00 - 18:30,"09:00 - 18:30
접기",09:00 - 18:30,09:00 - 13:30,정기휴무 (매주 일요일),"09:00 - 18:30

09:00 - 18:30
09:00 - 18:30
09:00 - 18:30
09:00 - 13:30
정기휴무 (매주 일요일)",,, 일요일
221,하이미소치과의원,치과,051-802-1007,부산 남구 분포로 115 A동 204호,정기휴무 (매주 월요일),,정기휴무 (매주 수요일),"09:30 - 19:00
13:00 - 14:20 휴게시간
18:30 접수마감","09:30 - 19:00
13:00 - 14:20 휴게시간
18:30 접수마감","09:30 - 15:30
15:00 접수마감",정기휴무 (매주 일요일),"정기휴무 (매주 월요일)

정기휴무 (매주 수요일)
09:30 - 19:00
09:30 - 19:00
09:30 - 15:30
정기휴무 (매주 일요일)",,15:00, 월요일
222,참좋은치과의원,치과,051-622-7575,"부산 남구 수영로 204 1층, 2층","09:30 - 18:30
12:30 - 14:00 휴게시간
17:30 접수마감",,"09:30 - 18:30
12:30 - 14:00 휴게시간
17:30 접수마감","09:30 - 21:00
12:30 - 14:00 휴게시간
20:00 접수마감","09:30 - 18:30
12:30 - 14:00 휴게시간
17:30 접수마감","09:30 - 14:00
13:00 접수마감",정기휴무 (매주 일요일),"09:30 - 18:30

09:30 - 18:30
09:30 - 21:00
09:30 - 18:30
09:30 - 14:00
정기휴무 (매주 일요일)",12:30 - 14:00 ,13:00, 일요일
223,박홍석이비인후과의원,이비인후과,0507-1309-9517,부산 남구 수영로 203,"09:00 - 18:00
13:00 - 14:00 휴게시간",,"09:00 - 18:00
13:00 - 14:00 휴게시간","09:00 - 18:00
13:00 - 14:00 휴게시간","09:00 - 18:00
13:00 - 14:00 휴게시간",09:00 - 13:00,정기휴무 (매주 일요일),"09:00 - 18:00

09:00 - 18:00
09:00 - 18:00
09:00 - 18:00
09:00 - 13:00
정기휴무 (매주 일요일)",13:00 - 14:00 ,, 일요일
224,뷰티플란트치과의원,치과,051-715-2879,부산 남구 수영로 169 션샤인DR시티 501호,,,,"09:30 - 18:30
13:00 - 14:00 휴게시간","09:30 - 18:30
13:00 - 14:00 휴게시간",,정기휴무 (매주 일요일),"


09:30 - 18:30
09:30 - 18:30

정기휴무 (매주 일요일)",,, 일요일
225,윌리스요양병원,요양병원,051-638-7575,부산 남구 수영로 185-7 원곡빌딩,"09:00 - 18:00
12:30 - 13:30 휴게시간","09:00 - 18:00
12:30 - 13:30 휴게시간","09:00 - 18:00
12:30 - 13:30 휴게시간","09:00 - 18:00
12:30 - 13:30 휴게시간
접기","09:00 - 18:00
12:30 - 13:30 휴게시간",09:00 - 12:00,정보없음,"09:00 - 18:00
09:00 - 18:00
09:00 - 18:00
09:00 - 18:00
09:00 - 18:00
09:00 - 12:00
정보없음",12:30 - 13:30 ,,
226,W치과의원,치과,0507-1407-2842,부산 남구 수영로 323 4층 402호 더블유치과,13:00 - 20:00,,13:00 - 20:00,13:00 - 20:00,13:00 - 20:00,정기휴무 (매주 토요일),정기휴무 (매주 일요일),"13:00 - 20:00

13:00 - 20:00
13:00 - 20:00
13:00 - 20:00
정기휴무 (매주 토요일)
정기휴무 (매주 일요일)",,, 토요일
227,강동섭소아과의원,소아청소년과,051-634-9305,부산 남구 수영로 37,"09:00 - 18:00
13:00 - 14:00 휴게시간",,"09:00 - 18:00
13:00 - 14:00 휴게시간","09:00 - 18:00
13:00 - 14:00 휴게시간","09:00 - 18:00
13:00 - 14:00 휴게시간",정기휴무 (매주 토요일),정기휴무 (매주 일요일),"09:00 - 18:00

09:00 - 18:00
09:00 - 18:00
09:00 - 18:00
정기휴무 (매주 토요일)
정기휴무 (매주 일요일)",13:00 - 14:00 ,, 토요일
228,다솜부부치과의원,치과,051-626-2879,부산 남구 용호로 50,"09:30 - 18:00
12:30 - 14:00 휴게시간",,정기휴무 (매주 수요일),"09:30 - 18:00
12:30 - 14:00 휴게시간","09:30 - 18:00
12:30 - 14:00 휴게시간",09:30 - 13:00,정기휴무 (매주 일요일),"09:30 - 18:00

정기휴무 (매주 수요일)
09:30 - 18:00
09:30 - 18:00
09:30 - 13:00
정기휴무 (매주 일요일)",12:30 - 14:00 ,, 수요일
229,김진규내과의원,내과,0507-1314-7666,부산 남구 고동골로78번길 12 동일약국,09:00 - 18:30,,09:00 - 18:30,"09:00 - 18:30
접기",09:00 - 18:30,09:00 - 14:00,정기휴무 (매주 일요일),"09:00 - 18:30

09:00 - 18:30
09:00 - 18:30
09:00 - 18:30
09:00 - 14:00
정기휴무 (매주 일요일)",,, 일요일
230,새라새요양병원,요양병원,051-628-6005,부산 남구 석포로26번길 17,09:00 - 17:00,,09:00 - 17:00,09:00 - 17:00,09:00 - 17:00,09:00 - 12:00,정보없음,"09:00 - 17:00

09:00 - 17:00
09:00 - 17:00
09:00 - 17:00
09:00 - 12:00
정보없음",,,
231,정다운치과의원,치과,051-626-2882,부산 남구 황령대로319번가길 194 부산은행,"09:30 - 18:30
13:00 - 14:30 휴게시간",,"09:30 - 18:30
13:00 - 14:30 휴게시간","09:30 - 18:30
13:00 - 14:30 휴게시간","09:30 - 18:30
13:00 - 14:30 휴게시간",09:30 - 13:00,정기휴무 (매주 일요일),"09:30 - 18:30

09:30 - 18:30
09:30 - 18:30
09:30 - 18:30
09:30 - 13:00
정기휴무 (매주 일요일)",13:00 - 14:30 ,, 일요일
232,바른얼굴덕치과의원,치과,051-623-2080,부산 남구 수영로 261 제401동 208호~209호,"10:00 - 19:00
13:00 - 14:00 휴게시간",,10:00 - 14:00,"10:00 - 20:00
13:00 - 14:00 휴게시간","10:00 - 19:00
13:00 - 14:00 휴게시간",10:00 - 14:00,정기휴무 (매주 일요일),"10:00 - 19:00

10:00 - 14:00
10:00 - 20:00
10:00 - 19:00
10:00 - 14:00
정기휴무 (매주 일요일)",13:00 - 14:00 ,, 일요일
233,대연의원,"병원,의원",051-624-0607,부산 남구 수영로 256 혜인한의원 빌딩 2층 대연의원,"09:30 - 17:30
12:30 - 13:30 휴게시간",,"09:30 - 17:30
12:30 - 13:30 휴게시간","09:30 - 17:30
12:30 - 13:30 휴게시간","09:30 - 17:30
12:30 - 13:30 휴게시간",09:00 - 12:00,정기휴무 (매주 일요일),"09:30 - 17:30

09:30 - 17:30
09:30 - 17:30
09:30 - 17:30
09:00 - 12:00
정기휴무 (매주 일요일)",12:30 - 13:30 ,, 일요일
234,가나병원,"병원,의원",051-624-6666,부산 남구 유엔평화로 156,09:00 - 17:30,,09:00 - 17:30,09:00 - 17:30,09:00 - 17:30,정기휴무 (매주 토요일),정기휴무 (매주 일요일),"09:00 - 17:30

09:00 - 17:30
09:00 - 17:30
09:00 - 17:30
정기휴무 (매주 토요일)
정기휴무 (매주 일요일)",,, 토요일
235,동재비뇨기과의원,비뇨의학과,051-627-8825,부산 남구 용호로 144 정효경치과,"09:30 - 18:00
12:30 - 14:00 휴게시간",,"09:30 - 18:00
12:30 - 14:00 휴게시간","09:30 - 18:00
12:30 - 14:00 휴게시간","09:30 - 18:00
12:30 - 14:00 휴게시간",09:30 - 13:00,정기휴무 (매주 일요일),"09:30 - 18:00

09:30 - 18:00
09:30 - 18:00
09:30 - 18:00
09:30 - 13:00
정기휴무 (매주 일요일)",12:30 - 14:00 ,, 일요일
236,스마일365한의원,한의원,051-715-7585,부산 남구 수영로 201 2층,"09:00 - 20:00
13:00 - 14:00 휴게시간",,"09:00 - 20:00
13:00 - 14:00 휴게시간","09:00 - 20:00
13:00 - 14:00 휴게시간
접기","09:00 - 20:00
13:00 - 14:00 휴게시간",09:00 - 14:00,09:00 - 14:00,"09:00 - 20:00

09:00 - 20:00
09:00 - 20:00
09:00 - 20:00
09:00 - 14:00
09:00 - 14:00",13:00 - 14:00 ,,
237,성찬의원,내과,051-625-8575,부산 남구 용호로 129 두산빌딩,"09:00 - 18:00
12:40 - 14:00 휴게시간",,"09:00 - 18:00
12:40 - 14:00 휴게시간",09:00 - 12:00,"09:00 - 18:00
12:40 - 14:00 휴게시간",09:00 - 12:00,정기휴무 (매주 일요일),"09:00 - 18:00

09:00 - 18:00
09:00 - 12:00
09:00 - 18:00
09:00 - 12:00
정기휴무 (매주 일요일)",12:40 - 14:00 ,, 일요일
238,용당요양병원,요양병원,051-625-3001,부산 남구 신선로 429,09:00 - 18:00,,09:00 - 18:00,09:00 - 18:00,09:00 - 18:00,09:00 - 13:00,정기휴무 (매주 일요일),"09:00 - 18:00

09:00 - 18:00
09:00 - 18:00
09:00 - 18:00
09:00 - 13:00
정기휴무 (매주 일요일)",,, 일요일
239,장수촌한의원,한의원,051-612-5353,부산 남구 분포로 113 엘지메트로시티,"09:00 - 18:30
12:30 - 14:00 휴게시간",,"09:00 - 18:30
12:30 - 14:00 휴게시간","09:00 - 18:30
12:30 - 14:00 휴게시간","09:00 - 18:30
12:30 - 14:00 휴게시간",09:00 - 13:00,정기휴무 (매주 일요일),"09:00 - 18:30

09:00 - 18:30
09:00 - 18:30
09:00 - 18:30
09:00 - 13:00
정기휴무 (매주 일요일)",12:30 - 14:00 ,, 일요일
240,레전드이비인후과의원,이비인후과,051-635-5075,부산 남구 수영로 151-1 3층,,,"09:00 - 18:30
12:30 - 14:00 휴게시간",14:00 - 18:30,"09:00 - 18:30
12:30 - 14:00 휴게시간",09:00 - 13:00,정기휴무 (매주 일요일),"

09:00 - 18:30
14:00 - 18:30
09:00 - 18:30
09:00 - 13:00
정기휴무 (매주 일요일)",,, 일요일
241,최계두내과의원,내과,051-621-0603,부산 남구 수영로 203 대연메디컬센터,"09:00 - 18:00
17:30 접수마감",,"09:00 - 18:00
17:30 접수마감","09:00 - 18:00
17:30 접수마감","09:00 - 18:00
17:30 접수마감","09:00 - 12:00
11:30 접수마감",정기휴무 (매주 일요일),"09:00 - 18:00

09:00 - 18:00
09:00 - 18:00
09:00 - 18:00
09:00 - 12:00
정기휴무 (매주 일요일)",17:30 접수마감,17:30, 일요일
242,대연맑은내과의원,내과,051-715-8277,부산 남구 수영로 233 11층,"09:00 - 18:30
12:30 - 13:30 휴게시간
18:20 접수마감",,"09:00 - 18:30
12:30 - 13:30 휴게시간
18:20 접수마감","09:00 - 18:30
12:30 - 13:30 휴게시간
18:20 접수마감
접기","09:00 - 18:30
12:30 - 13:30 휴게시간
18:20 접수마감","09:00 - 14:00
12:30 - 13:30 휴게시간
13:50 접수마감",정기휴무 (매주 일요일),"09:00 - 18:30

09:00 - 18:30
09:00 - 18:30
09:00 - 18:30
09:00 - 14:00
정기휴무 (매주 일요일)",12:30 - 13:30 ,, 일요일
243,고려치과의원,치과,0507-1407-0142,부산 남구 유엔평화로3번길 5 1층,"09:00 - 17:40
12:00 - 13:30 휴게시간",,"09:00 - 17:40
12:00 - 13:30 휴게시간","09:00 - 17:40
12:00 - 13:30 휴게시간","09:00 - 17:40
12:00 - 13:30 휴게시간",09:00 - 12:40,정기휴무 (매주 일요일),"09:00 - 17:40

09:00 - 17:40
09:00 - 17:40
09:00 - 17:40
09:00 - 12:40
정기휴무 (매주 일요일)",12:00 - 13:30 ,, 일요일
244,미치과,치과,051-628-6111,부산 남구 수영로 323,10:00 - 18:30,,14:00 - 17:00,10:00 - 18:30,10:00 - 18:30,10:00 - 13:00,정기휴무 (매주 일요일),"10:00 - 18:30

14:00 - 17:00
10:00 - 18:30
10:00 - 18:30
10:00 - 13:00
정기휴무 (매주 일요일)",,, 일요일
245,우암치과의원,치과,051-637-2875,부산 남구 우암로 148 부산은행,"09:00 - 18:00
13:00 - 14:00 휴게시간",,"09:00 - 18:00
13:00 - 14:00 휴게시간",14:00 - 20:00,"09:00 - 18:00
13:00 - 14:00 휴게시간",09:00 - 13:00,정기휴무 (매주 일요일),"09:00 - 18:00

09:00 - 18:00
14:00 - 20:00
09:00 - 18:00
09:00 - 13:00
정기휴무 (매주 일요일)",13:00 - 14:00 ,, 일요일
246,대연힐정신건강의학과의원,정신건강의학과,0507-1357-9030,부산 남구 수영로 295 503호,"09:30 - 18:30
12:30 - 14:00 휴게시간",,14:00 - 18:30,"09:30 - 18:30
12:30 - 14:00 휴게시간","09:30 - 18:30
12:30 - 14:00 휴게시간",09:30 - 13:00,정기휴무 (매주 일요일),"09:30 - 18:30

14:00 - 18:30
09:30 - 18:30
09:30 - 18:30
09:30 - 13:00
정기휴무 (매주 일요일)",12:30 - 14:00 ,, 일요일
247,못골이비인후과의원,이비인후과,0507-1460-0936,부산 남구 수영로 206 2층,09:00 - 18:30,,09:00 - 18:30,09:00 - 18:30,09:00 - 18:30,"09:00 - 13:00
13:00 - 14:00 휴게시간",정기휴무 (매주 일요일),"09:00 - 18:30

09:00 - 18:30
09:00 - 18:30
09:00 - 18:30
09:00 - 13:00
정기휴무 (매주 일요일)",,, 일요일
248,청담한의원,한의원,051-627-7514,부산 남구 용호로 54 대영빌딩 4층 청담 한의원,"09:00 - 19:00
13:00 - 14:00 휴게시간
12:00, 18:00 접수마감",,"09:00 - 20:00
13:00 - 14:00 휴게시간
12:00, 19:00 접수마감","09:00 - 19:00
13:00 - 14:00 휴게시간
12:00, 18:00 접수마감","09:00 - 19:00
13:00 - 14:00 휴게시간
12:00, 18:00 접수마감","09:00 - 13:00
12:00 접수마감",정기휴무 (매주 일요일),"09:00 - 19:00

09:00 - 20:00
09:00 - 19:00
09:00 - 19:00
09:00 - 13:00
정기휴무 (매주 일요일)",13:00 - 14:00 ,12:00, 일요일
249,마디튼튼프롤러의원,"병원,의원",051-638-7582,부산 남구 수영로 182-1,"09:00 - 18:00
13:00 - 14:00 휴게시간
17:30 접수마감",,"09:00 - 18:00
13:00 - 14:00 휴게시간
17:30 접수마감","09:00 - 18:00
13:00 - 14:00 휴게시간
17:30 접수마감","09:00 - 18:00
13:00 - 14:00 휴게시간
17:30 접수마감","09:00 - 13:00
12:30 접수마감",정기휴무 (매주 일요일),"09:00 - 18:00

09:00 - 18:00
09:00 - 18:00
09:00 - 18:00
09:00 - 13:00
정기휴무 (매주 일요일)",13:00 - 14:00 ,12:30, 일요일
250,이수근정신건강의학과의원,정신건강의학과,051-611-5878,부산 남구 수영로 203 대연 메디칼센터,"09:30 - 18:30
13:00 - 14:00 휴게시간",,"09:30 - 18:30
13:00 - 14:00 휴게시간",14:00 - 18:30,"09:30 - 18:30
13:00 - 14:00 휴게시간",09:30 - 14:00,정기휴무 (매주 일요일),"09:30 - 18:30

09:30 - 18:30
14:00 - 18:30
09:30 - 18:30
09:30 - 14:00
정기휴무 (매주 일요일)",13:00 - 14:00 ,, 일요일
251,생기한의원,한의원,051-635-6352,부산 남구 지게골로 46 2층 생기한의원,"09:00 - 19:00
13:00 - 14:00 휴게시간",,"09:00 - 19:00
13:00 - 14:00 휴게시간","09:00 - 19:00
13:00 - 14:00 휴게시간","09:00 - 19:00
13:00 - 14:00 휴게시간","09:00 - 17:00
13:00 - 14:00 휴게시간",정기휴무 (매주 일요일),"09:00 - 19:00

09:00 - 19:00
09:00 - 19:00
09:00 - 19:00
09:00 - 17:00
정기휴무 (매주 일요일)",13:00 - 14:00 ,, 일요일
252,샤론의꽃의원,성형외과,051-611-7400,부산 남구 수영로 298 산암빌딩,,,,,,,,"





",,,
253,현창한의원,한의원,051-638-7900,부산 남구 수영로 21,"09:30 - 20:00
13:00 - 14:00 휴게시간",,09:30 - 13:00,"09:30 - 20:00
13:00 - 14:00 휴게시간
접기","09:30 - 18:30
13:00 - 14:00 휴게시간",09:30 - 13:00,정기휴무 (매주 일요일),"09:30 - 20:00

09:30 - 13:00
09:30 - 20:00
09:30 - 18:30
09:30 - 13:00
정기휴무 (매주 일요일)",13:00 - 14:00 ,, 일요일
254,배성범정형외과의원,정형외과,051-637-8275,부산 남구 우암로 100,"09:00 - 19:00
13:00 - 14:00 휴게시간",,09:00 - 13:00,"09:00 - 19:00
13:00 - 14:00 휴게시간","09:00 - 19:00
13:00 - 14:00 휴게시간",09:00 - 13:00,정기휴무 (매주 일요일),"09:00 - 19:00

09:00 - 13:00
09:00 - 19:00
09:00 - 19:00
09:00 - 13:00
정기휴무 (매주 일요일)",13:00 - 14:00 ,, 일요일
255,미래치과의원,치과,051-621-2804,부산 남구 용호로198번길 2,"09:30 - 18:00
13:00 - 14:30 휴게시간
17:00 접수마감","09:30 - 18:00
13:00 - 14:30 휴게시간
17:00 접수마감","09:30 - 18:00
13:00 - 14:30 휴게시간
17:00 접수마감","09:30 - 18:00
13:00 - 14:30 휴게시간
17:00 접수마감","09:30 - 18:00
13:00 - 14:30 휴게시간
17:00 접수마감","09:30 - 12:00
11:00 접수마감",정보없음,"09:30 - 18:00
09:30 - 18:00
09:30 - 18:00
09:30 - 18:00
09:30 - 18:00
09:30 - 12:00
정보없음",13:00 - 14:30 ,11:00,
256,정학기정형외과의원,정형외과,051-627-5900,부산 남구 수영로 206 정학기정형외과,"10:00 - 18:00
13:00 - 15:00 휴게시간",,정기휴무 (매주 수요일),"10:00 - 18:00
13:00 - 15:00 휴게시간","10:00 - 18:00
13:00 - 15:00 휴게시간",10:00 - 13:00,정기휴무 (매주 일요일),"10:00 - 18:00

정기휴무 (매주 수요일)
10:00 - 18:00
10:00 - 18:00
10:00 - 13:00
정기휴무 (매주 일요일)",13:00 - 15:00 ,, 수요일
257,오동준한의원,한의원,051-627-7577,부산 남구 못골로 49 2층,"09:00 - 19:00
13:00 - 14:00 휴게시간",,"09:00 - 19:00
13:00 - 14:00 휴게시간","09:00 - 19:00
13:00 - 14:00 휴게시간","09:00 - 19:00
13:00 - 14:00 휴게시간",09:00 - 14:00,정기휴무 (매주 일요일),"09:00 - 19:00

09:00 - 19:00
09:00 - 19:00
09:00 - 19:00
09:00 - 14:00
정기휴무 (매주 일요일)",13:00 - 14:00 ,, 일요일
258,정한호내과의원,내과,051-611-7677,부산 남구 수영로 196 우정약국,09:00 - 18:00,,09:00 - 18:00,09:00 - 18:00,09:00 - 18:00,09:00 - 13:00,정기휴무 (매주 일요일),"09:00 - 18:00

09:00 - 18:00
09:00 - 18:00
09:00 - 18:00
09:00 - 13:00
정기휴무 (매주 일요일)",,, 일요일
259,모든이치과의원,치과,051-621-2080,부산 남구 수영로 209 일동 지에닌,"09:30 - 18:30
12:30 - 14:00 휴게시간",,"09:30 - 18:30
12:30 - 14:00 휴게시간","09:30 - 18:30
12:30 - 14:00 휴게시간","09:30 - 18:30
12:30 - 14:00 휴게시간",09:30 - 12:30,정기휴무 (매주 일요일),"09:30 - 18:30

09:30 - 18:30
09:30 - 18:30
09:30 - 18:30
09:30 - 12:30
정기휴무 (매주 일요일)",12:30 - 14:00 ,, 일요일
260,소생한의원,한의원,0507-1480-1041,부산 남구 용호로 127 서현빌딩 1층 소생한의원,09:00 - 19:00,,09:00 - 19:00,09:00 - 19:00,09:00 - 19:00,09:00 - 13:00,정기휴무 (매주 일요일),"09:00 - 19:00

09:00 - 19:00
09:00 - 19:00
09:00 - 19:00
09:00 - 13:00
정기휴무 (매주 일요일)",,, 일요일
261,로덴치과의원,치과,0507-1381-2875,부산 남구 수영로 241 10층,"09:30 - 18:30
13:00 - 14:00 휴게시간",,"09:30 - 18:30
13:00 - 14:00 휴게시간",09:30 - 13:00,"09:30 - 18:30
13:00 - 14:00 휴게시간",09:30 - 13:00,정기휴무 (매주 일요일),"09:30 - 18:30

09:30 - 18:30
09:30 - 13:00
09:30 - 18:30
09:30 - 13:00
정기휴무 (매주 일요일)",13:00 - 14:00 ,, 일요일
262,부산미래IFC 검진센터,건강검진,051-710-2000,부산 남구 전포대로 133 국제금융단지 IFC몰 3층~4층,07:30 - 16:30,,07:30 - 16:30,07:30 - 16:30,07:30 - 16:30,07:30 - 12:30,정기휴무 (매주 일요일),"07:30 - 16:30

07:30 - 16:30
07:30 - 16:30
07:30 - 16:30
07:30 - 12:30
정기휴무 (매주 일요일)",,, 일요일
263,성민치과의원,치과,051-627-1809,부산 남구 홍곡로 360 401동 2층 206-9,"09:30 - 18:00
12:30 - 14:00 휴게시간",,"09:30 - 18:00
12:30 - 14:00 휴게시간","09:30 - 18:00
12:30 - 14:00 휴게시간","09:30 - 18:00
12:30 - 14:00 휴게시간",09:30 - 13:00,정기휴무 (매주 일요일),"09:30 - 18:00

09:30 - 18:00
09:30 - 18:00
09:30 - 18:00
09:30 - 13:00
정기휴무 (매주 일요일)",12:30 - 14:00 ,, 일요일
264,비타민내과의원,내과,0507-1305-8273,부산 남구 용호로 152 2층,"09:30 - 18:00
13:00 - 14:00 휴게시간",,"09:30 - 18:00
13:00 - 14:00 휴게시간","09:30 - 18:00
13:00 - 14:00 휴게시간","09:30 - 18:00
13:00 - 14:00 휴게시간",09:30 - 13:00,정보없음,"09:30 - 18:00

09:30 - 18:00
09:30 - 18:00
09:30 - 18:00
09:30 - 13:00
정보없음",13:00 - 14:00 ,,
265,대연건치과의원,치과,0507-1319-2803,부산 남구 못골로12번길 35 대동레미안센트럴시티 4층 401호~404호 (대연동),"09:30 - 18:30
13:00 - 14:00 휴게시간",,"09:30 - 18:30
13:00 - 14:00 휴게시간","09:30 - 20:30
13:00 - 14:00 휴게시간","09:30 - 18:30
13:00 - 14:00 휴게시간",09:30 - 13:30,정기휴무 (매주 일요일),"09:30 - 18:30

09:30 - 18:30
09:30 - 20:30
09:30 - 18:30
09:30 - 13:30
정기휴무 (매주 일요일)",13:00 - 14:00 ,, 일요일
266,이균태내과의원,내과,051-625-3100,부산 남구 용호로 147 종합검진센타,09:00 - 18:30,,09:00 - 18:30,09:00 - 18:30,09:00 - 18:30,09:00 - 13:00,정기휴무 (매주 일요일),"09:00 - 18:30

09:00 - 18:30
09:00 - 18:30
09:00 - 18:30
09:00 - 13:00
정기휴무 (매주 일요일)",,, 일요일
267,아이비치과의원,치과,051-506-2875,부산 남구 석포로 128 문화약국 2층,,,09:30 - 18:00,09:30 - 18:00,09:30 - 12:30,09:30 - 13:00,정기휴무 (매주 일요일),"

09:30 - 18:00
09:30 - 18:00
09:30 - 12:30
09:30 - 13:00
정기휴무 (매주 일요일)",,, 일요일
268,편안한민치과의원,치과,0507-1485-2828,부산 남구 수영로 184 3층,"10:00 - 19:00
13:00 - 14:30 휴게시간",,"10:30 - 21:00
13:00 - 14:30 휴게시간","10:00 - 19:00
13:00 - 14:30 휴게시간","10:00 - 19:00
13:00 - 14:30 휴게시간",10:00 - 14:00,정기휴무 (매주 일요일),"10:00 - 19:00

10:30 - 21:00
10:00 - 19:00
10:00 - 19:00
10:00 - 14:00
정기휴무 (매주 일요일)",13:00 - 14:30 ,, 일요일
269,영진의원,"병원,의원",051-628-1600,부산 남구 못골로 71,"09:00 - 18:00
13:00 - 14:00 휴게시간",,09:00 - 13:00,"09:00 - 18:00
13:00 - 14:00 휴게시간","09:00 - 18:00
13:00 - 14:00 휴게시간",09:00 - 13:00,정기휴무 (매주 일요일),"09:00 - 18:00

09:00 - 13:00
09:00 - 18:00
09:00 - 18:00
09:00 - 13:00
정기휴무 (매주 일요일)",13:00 - 14:00 ,, 일요일
270,정문호내과의원,내과,051-642-1847,부산 남구 석포로 67,09:00 - 18:00,,09:00 - 18:00,"09:00 - 18:00
접기",09:00 - 18:00,09:00 - 13:00,정기휴무 (매주 일요일),"09:00 - 18:00

09:00 - 18:00
09:00 - 18:00
09:00 - 18:00
09:00 - 13:00
정기휴무 (매주 일요일)",,, 일요일
271,나원섭치과,치과,051-625-8102,부산 남구 수영로 237,"10:00 - 18:30
13:00 - 14:20 휴게시간",,"10:00 - 18:30
13:00 - 14:20 휴게시간","10:00 - 18:30
13:00 - 14:20 휴게시간","10:00 - 18:30
13:00 - 14:20 휴게시간",10:00 - 13:00,정기휴무 (매주 일요일),"10:00 - 18:30

10:00 - 18:30
10:00 - 18:30
10:00 - 18:30
10:00 - 13:00
정기휴무 (매주 일요일)",13:00 - 14:20 ,, 일요일
272,자윤수한의원,한의원,051-626-3834,부산 남구 오륙도로 85 오륙도에스케이뷰아파트,"10:00 - 18:00
13:00 - 14:00 휴게시간",,"10:00 - 18:00
13:00 - 14:00 휴게시간",정기휴무 (매주 목요일),"10:00 - 18:00
13:00 - 14:00 휴게시간",10:00 - 13:00,정기휴무 (매주 일요일),"10:00 - 18:00

10:00 - 18:00
정기휴무 (매주 목요일)
10:00 - 18:00
10:00 - 13:00
정기휴무 (매주 일요일)",13:00 - 14:00 ,, 목요일
273,부산미래IFC치과의원,치과,051-717-7045,부산 남구 전포대로 133 IFC 4층 402호,,,,,,,,"





",,,
274,명가한의원,한의원,051-327-1075,부산 남구 수영로 220,"09:00 - 18:00
12:00 - 14:00 휴게시간",,"09:00 - 18:00
12:00 - 14:00 휴게시간","09:00 - 18:00
12:00 - 14:00 휴게시간","09:00 - 18:00
12:00 - 14:00 휴게시간",09:00 - 13:00,정기휴무 (매주 일요일),"09:00 - 18:00

09:00 - 18:00
09:00 - 18:00
09:00 - 18:00
09:00 - 13:00
정기휴무 (매주 일요일)",12:00 - 14:00 ,, 일요일
275,효메디요양병원,요양병원,051-624-6600,부산 남구 용호로 95 휴메디,,,,,,,,"





",,,
276,한빛내과의원,내과,051-645-6566,부산 남구 전포대로 69 동주빌딩,09:00 - 18:00,,09:00 - 18:00,09:00 - 18:00,09:00 - 18:00,09:00 - 13:00,정기휴무 (매주 일요일),"09:00 - 18:00

09:00 - 18:00
09:00 - 18:00
09:00 - 18:00
09:00 - 13:00
정기휴무 (매주 일요일)",,, 일요일
277,디엘치과의원,치과,051-636-7528,부산 남구 유엔로 14 우암 센텀 메디컬,"09:30 - 19:00
12:30 - 14:00 휴게시간",,"09:30 - 19:00
12:30 - 14:00 휴게시간","09:30 - 21:00
12:30 - 14:00 휴게시간","09:30 - 19:00
12:30 - 14:00 휴게시간",09:30 - 15:00,정기휴무 (매주 일요일),"09:30 - 19:00

09:30 - 19:00
09:30 - 21:00
09:30 - 19:00
09:30 - 15:00
정기휴무 (매주 일요일)",12:30 - 14:00 ,, 일요일
278,김종성한의원,한의원,051-625-8275,부산 남구 못골로 74,"09:00 - 19:00
13:00 - 14:00 휴게시간",,"09:00 - 19:00
13:00 - 14:00 휴게시간","정기휴무 (매주 목요일)
접기","09:00 - 19:00
13:00 - 14:00 휴게시간",09:00 - 14:00,정기휴무 (매주 일요일),"09:00 - 19:00

09:00 - 19:00
정기휴무 (매주 목요일)
09:00 - 19:00
09:00 - 14:00
정기휴무 (매주 일요일)",13:00 - 14:00 ,, 목요일
279,조은의원,"병원,의원",051-647-7630,부산 남구 장고개로 108 세영맨션,09:00 - 17:30,,09:00 - 17:30,09:00 - 17:30,09:00 - 17:30,09:00 - 12:30,정기휴무 (매주 일요일),"09:00 - 17:30

09:00 - 17:30
09:00 - 17:30
09:00 - 17:30
09:00 - 12:30
정기휴무 (매주 일요일)",,, 일요일
280,임해누리의료소비자생활협동조합오륙도요양병원,요양병원,051-647-7007,부산 남구 용호로 132 부산은행용호동지점,,,,,,,,"





",,,
281,참사랑한의원,한의원,051-647-4009,부산 남구 석포로 48 참사랑한의원,"08:30 - 18:00
13:00 - 14:00 휴게시간",,"08:30 - 18:00
13:00 - 14:00 휴게시간","08:30 - 18:00
13:00 - 14:00 휴게시간","08:30 - 18:00
13:00 - 14:00 휴게시간",08:30 - 14:00,정기휴무 (매주 일요일),"08:30 - 18:00

08:30 - 18:00
08:30 - 18:00
08:30 - 18:00
08:30 - 14:00
정기휴무 (매주 일요일)",13:00 - 14:00 ,, 일요일
282,허균한의원,한의원,010-8587-8275,부산 남구 수영로 283 103동 1층 104호,"09:30 - 19:00
13:00 - 14:00 휴게시간",,"09:30 - 19:00
13:00 - 14:00 휴게시간","09:30 - 19:00
13:00 - 14:00 휴게시간","09:30 - 19:00
13:00 - 14:00 휴게시간",09:30 - 13:00,정기휴무 (매주 일요일),"09:30 - 19:00

09:30 - 19:00
09:30 - 19:00
09:30 - 19:00
09:30 - 13:00
정기휴무 (매주 일요일)",13:00 - 14:00 ,, 일요일
283,치항외과의원,외과,051-628-7508,부산 남구 용호로 135 성호빌딩,"09:00 - 18:00
13:00 - 14:00 휴게시간",,"09:00 - 18:00
13:00 - 14:00 휴게시간","09:00 - 18:00
13:00 - 14:00 휴게시간","09:00 - 18:00
13:00 - 14:00 휴게시간",09:00 - 13:00,정기휴무 (매주 일요일),"09:00 - 18:00

09:00 - 18:00
09:00 - 18:00
09:00 - 18:00
09:00 - 13:00
정기휴무 (매주 일요일)",13:00 - 14:00 ,, 일요일
284,서달덕내과의원,내과,051-645-7555,부산 남구 진남로 206,,,,,,,,"





",,,
285,동민한의원,한의원,051-611-0377,부산 남구 수영로 340,"09:30 - 18:30
13:00 - 14:00 휴게시간",,"09:30 - 18:30
13:00 - 14:00 휴게시간","09:30 - 18:30
13:00 - 14:00 휴게시간","09:30 - 18:30
13:00 - 14:00 휴게시간",09:30 - 13:00,정기휴무 (매주 일요일),"09:30 - 18:30

09:30 - 18:30
09:30 - 18:30
09:30 - 18:30
09:30 - 13:00
정기휴무 (매주 일요일)",13:00 - 14:00 ,, 일요일
286,평일한의원,한의원,0507-1343-7802,부산 남구 못골로 51 2층,"09:00 - 18:00
13:00 - 14:00 휴게시간",,"09:00 - 18:00
13:00 - 14:00 휴게시간","09:00 - 18:00
13:00 - 14:00 휴게시간","09:00 - 18:00
13:00 - 14:00 휴게시간",09:00 - 13:00,정기휴무 (매주 일요일),"09:00 - 18:00

09:00 - 18:00
09:00 - 18:00
09:00 - 18:00
09:00 - 13:00
정기휴무 (매주 일요일)",13:00 - 14:00 ,, 일요일
287,정해철내과의원,내과,051-645-8300,부산 남구 수영로 17,09:00 - 18:30,,09:00 - 18:30,09:00 - 18:30,09:00 - 18:30,09:00 - 13:00,정기휴무 (매주 일요일),"09:00 - 18:30

09:00 - 18:30
09:00 - 18:30
09:00 - 18:30
09:00 - 13:00
정기휴무 (매주 일요일)",,, 일요일
288,성남한의원,한의원,051-647-7582,부산 남구 홍곡로 12 허문회치과,09:00 - 19:00,,09:00 - 19:00,09:00 - 19:00,09:00 - 19:00,09:00 - 15:00,정기휴무 (매주 일요일),"09:00 - 19:00

09:00 - 19:00
09:00 - 19:00
09:00 - 19:00
09:00 - 15:00
정기휴무 (매주 일요일)",,, 일요일
289,제니스파크요양병원,요양병원,051-644-7733,부산 남구 우암양달로75번길 29 한일교육센터,09:00 - 17:00,,09:00 - 17:00,09:00 - 17:00,09:00 - 17:00,09:00 - 12:00,정기휴무 (매주 일요일),"09:00 - 17:00

09:00 - 17:00
09:00 - 17:00
09:00 - 17:00
09:00 - 12:00
정기휴무 (매주 일요일)",,, 일요일
290,김갑진신경과의원,신경과,051-636-9080,부산 남구 수영로 27,"09:00 - 17:30
13:00 - 14:00 휴게시간",,"09:00 - 17:30
13:00 - 14:00 휴게시간","09:00 - 17:30
13:00 - 14:00 휴게시간","09:00 - 17:30
13:00 - 14:00 휴게시간",09:00 - 12:30,정기휴무 (매주 일요일),"09:00 - 17:30

09:00 - 17:30
09:00 - 17:30
09:00 - 17:30
09:00 - 12:30
정기휴무 (매주 일요일)",13:00 - 14:00 ,, 일요일
291,자연닮은한의원,한의원,051-627-1261,부산 남구 고동골로 29 국제금융시티 문현베스티움 아파트,"09:30 - 18:30
12:30 - 14:00 휴게시간",,"09:30 - 18:30
12:30 - 14:00 휴게시간","09:30 - 18:30
12:30 - 14:00 휴게시간
접기","09:30 - 18:30
12:30 - 14:00 휴게시간",09:30 - 12:30,정기휴무 (매주 일요일),"09:30 - 18:30

09:30 - 18:30
09:30 - 18:30
09:30 - 18:30
09:30 - 12:30
정기휴무 (매주 일요일)",12:30 - 14:00 ,, 일요일
292,호랑한의원,한의원,051-710-8582,부산 남구 수영로 243-1 1층,"09:00 - 18:00
13:00 - 14:00 휴게시간
12:30, 17:30 접수마감",,정기휴무 (매주 수요일),"09:00 - 18:00
13:00 - 14:00 휴게시간
12:30, 17:30 접수마감","09:00 - 18:00
13:00 - 14:00 휴게시간
12:30, 17:30 접수마감","09:00 - 17:00
13:00 - 14:00 휴게시간
12:30, 16:30 접수마감",정기휴무 (매주 일요일),"09:00 - 18:00

정기휴무 (매주 수요일)
09:00 - 18:00
09:00 - 18:00
09:00 - 17:00
정기휴무 (매주 일요일)",13:00 - 14:00 ,, 수요일
293,대연척척한의원,한의원,0507-1453-5566,부산 남구 석포로 74,"09:30 - 18:30
13:00 - 14:00 휴게시간",,"09:30 - 18:30
13:00 - 14:00 휴게시간","09:30 - 18:30
13:00 - 14:00 휴게시간","09:30 - 18:30
13:00 - 14:00 휴게시간",09:30 - 14:00,정기휴무 (매주 일요일),"09:30 - 18:30

09:30 - 18:30
09:30 - 18:30
09:30 - 18:30
09:30 - 14:00
정기휴무 (매주 일요일)",13:00 - 14:00 ,, 일요일
294,생생한의원,한의원,051-638-1240,부산 남구 수영로 183 생생한의원,"09:30 - 18:30
13:00 - 14:00 휴게시간",,"09:30 - 18:30
13:00 - 14:00 휴게시간",14:00 - 18:30,"09:30 - 18:30
13:00 - 14:00 휴게시간",09:30 - 13:00,정기휴무 (매주 일요일),"09:30 - 18:30

09:30 - 18:30
14:00 - 18:30
09:30 - 18:30
09:30 - 13:00
정기휴무 (매주 일요일)",13:00 - 14:00 ,, 일요일
295,수의원,가정의학과,051-633-7181,부산 남구 석포로 34 국제아파트,09:00 - 18:00,,09:00 - 18:00,09:00 - 18:00,09:00 - 18:00,09:00 - 13:00,정보없음,"09:00 - 18:00

09:00 - 18:00
09:00 - 18:00
09:00 - 18:00
09:00 - 13:00
정보없음",,,
296,밝은미소치과의원,치과,051-628-9797,부산 남구 분포로 113 LG메트로시티 주2상가 5층,"09:50 - 18:30
13:00 - 14:00 휴게시간",,14:00 - 18:30,"09:50 - 18:30
13:00 - 14:00 휴게시간","09:50 - 18:30
13:00 - 14:00 휴게시간",09:50 - 13:30,정기휴무 (매주 일요일),"09:50 - 18:30

14:00 - 18:30
09:50 - 18:30
09:50 - 18:30
09:50 - 13:30
정기휴무 (매주 일요일)",13:00 - 14:00 ,, 일요일
297,천걸음한의원,한의원,051-756-3888,부산 남구 수영로 240-1 이지스퀘어빌딩 6층,10:00 - 20:00,,10:00 - 20:00,"정기휴무 (매주 목요일)
접기",10:00 - 20:00,10:00 - 15:00,정기휴무 (매주 일요일),"10:00 - 20:00

10:00 - 20:00
정기휴무 (매주 목요일)
10:00 - 20:00
10:00 - 15:00
정기휴무 (매주 일요일)",,, 목요일
298,박철흠치과의원,치과,051-628-7616,부산 남구 용호로 95 휴메디빌딩 3층,"09:00 - 18:00
13:00 - 14:30 휴게시간",,정기휴무 (매주 수요일),"09:00 - 18:00
13:00 - 14:30 휴게시간","09:00 - 18:00
13:00 - 14:30 휴게시간",09:00 - 13:00,정기휴무 (매주 일요일),"09:00 - 18:00

정기휴무 (매주 수요일)
09:00 - 18:00
09:00 - 18:00
09:00 - 13:00
정기휴무 (매주 일요일)",13:00 - 14:30 ,, 수요일
299,센텀연합의원,"병원,의원",051-644-7582,부산 남구 수영로 33 2층,"09:00 - 18:00
13:00 - 14:00 휴게시간",,"09:00 - 18:00
13:00 - 14:00 휴게시간","09:00 - 18:00
13:00 - 14:00 휴게시간
접기","09:00 - 18:00
13:00 - 14:00 휴게시간",09:00 - 13:00,정기휴무 (매주 일요일),"09:00 - 18:00

09:00 - 18:00
09:00 - 18:00
09:00 - 18:00
09:00 - 13:00
정기휴무 (매주 일요일)",13:00 - 14:00 ,, 일요일
300,은행나무한의원,한의원,051-611-7760,부산 남구 수영로 200 롯데리아,09:30 - 18:30,,09:30 - 18:30,09:30 - 18:30,09:30 - 18:30,09:30 - 14:00,정기휴무 (매주 일요일),"09:30 - 18:30

09:30 - 18:30
09:30 - 18:30
09:30 - 18:30
09:30 - 14:00
정기휴무 (매주 일요일)",,, 일요일
301,자연미치과의원,치과,0507-1346-7529,부산 남구 수영로 198 2층,"09:30 - 18:30
13:00 - 14:30 휴게시간",,09:30 - 12:30,"09:30 - 18:30
13:00 - 14:30 휴게시간","09:30 - 18:30
13:00 - 14:30 휴게시간",09:30 - 12:30,정기휴무 (매주 일요일),"09:30 - 18:30

09:30 - 12:30
09:30 - 18:30
09:30 - 18:30
09:30 - 12:30
정기휴무 (매주 일요일)",13:00 - 14:30 ,, 일요일
302,성심외과의원,외과,051-647-0075,부산 남구 우암로 57-1 성심외과의원,"09:00 - 18:00
12:30 - 14:00 휴게시간",,"09:00 - 18:00
12:30 - 14:00 휴게시간","09:00 - 18:00
12:30 - 14:00 휴게시간","09:00 - 18:00
12:30 - 14:00 휴게시간",09:00 - 12:00,정기휴무 (매주 일요일),"09:00 - 18:00

09:00 - 18:00
09:00 - 18:00
09:00 - 18:00
09:00 - 12:00
정기휴무 (매주 일요일)",12:30 - 14:00 ,, 일요일
303,대추나무한의원,한의원,051-624-1075,부산 남구 용호로 204,"09:30 - 18:00
12:30 - 14:00 휴게시간",,"09:30 - 18:00
12:30 - 14:00 휴게시간","09:30 - 20:00
12:30 - 14:00 휴게시간","09:30 - 18:00
12:30 - 14:00 휴게시간",09:30 - 13:30,정기휴무 (매주 일요일),"09:30 - 18:00

09:30 - 18:00
09:30 - 20:00
09:30 - 18:00
09:30 - 13:30
정기휴무 (매주 일요일)",12:30 - 14:00 ,, 일요일
