병원이름,병원주소,일(6/4),토(6/3),수,목(6/8),화(6/6),일,매일,월,화,수(6/7),전화번호,금(6/2),토,병원종류,월(6/5),목,금
메디스치과의원 경성대,부산 남구 수영로 295 세웅빌딩 4층,,,"10:00 - 19:00
13:00 - 14:00 휴게시간",,현충일 휴무,정기휴무 (매주 일요일),,,,,0507-1315-7475,,10:00 - 14:00,치과,휴무,"10:00 - 20:00
13:00 - 14:00 휴게시간","10:00 - 19:00
13:00 - 14:00 휴게시간"
바른얼굴덕치과의원,부산 남구 수영로 261 제401동 208호~209호,,,10:00 - 14:00,,현충일 휴무,정기휴무 (매주 일요일),,"10:00 - 19:00
13:00 - 14:00 휴게시간",,,051-623-2080,,10:00 - 14:00,치과,,"10:00 - 20:00
13:00 - 14:00 휴게시간","10:00 - 19:00
13:00 - 14:00 휴게시간"
부산고려병원,부산 남구 수영로 238 고려병원,,,"09:00 - 18:00
12:30 - 13:30 휴게시간",,현충일 휴무,정기휴무 (매주 일요일),,"09:00 - 18:00
12:30 - 13:30 휴게시간",,,0507-1373-3005,,09:00 - 13:00,정형외과,,"09:00 - 18:00
12:30 - 13:30 휴게시간","09:00 - 18:00
12:30 - 13:30 휴게시간"
블리비의원 부산경성대점,부산 남구 수영로 300 10층,,,"10:00 - 20:00
13:00 - 14:00 휴게시간",,현충일 휴무,정기휴무 (매주 일요일),,"10:00 - 20:00
13:00 - 14:00 휴게시간",,,1833-9179,,10:00 - 15:00,피부과,,"10:00 - 20:00
13:00 - 14:00 휴게시간","10:00 - 20:00
13:00 - 14:00 휴게시간"
미래이비인후과의원,부산 남구 분포로 115 힐탑탑플레이스 A동 302호,,,09:00 - 12:10,,현충일 휴무,정기휴무 (매주 일요일),,"09:00 - 18:00
12:15 - 14:00 휴게시간",,,051-623-7535,,09:00 - 13:00,이비인후과,,"09:00 - 18:00
12:15 - 14:00 휴게시간","09:00 - 18:00
12:15 - 14:00 휴게시간"
다솜의원,부산 남구 전포대로91번길 47 이마트 3층,,,"10:00 - 20:30
13:00 - 14:30 휴게시간",,현충일10:00 - 20:30,"10:00 - 20:30
13:00 - 14:30 휴게시간",,"10:00 - 20:30
13:00 - 14:30 휴게시간",,,051-637-7855,,"10:00 - 20:30
13:00 - 14:30 휴게시간",내과,,"10:00 - 20:30
13:00 - 14:30 휴게시간","10:00 - 20:30
13:00 - 14:30 휴게시간"
부산성소병원,부산 남구 수영로 175 SMG빌딩 부산성소병원,,,09:00 - 18:00,,,정보없음,,09:00 - 18:00,09:00 - 18:00,,051-633-1123,,09:00 - 13:00,"병원,의원",,"09:00 - 18:00
접기",09:00 - 18:00
더퍼스트피부과의원,부산 남구 수영로 299 루미너스타워 3층,,,"10:00 - 19:00
13:00 - 14:00 휴게시간",,현충일 휴무,정기휴무 (매주 일요일),,"10:00 - 19:00
13:00 - 14:00 휴게시간",,,0507-1309-7099,,09:00 - 14:00,피부과,,"10:00 - 19:00
13:00 - 14:00 휴게시간","10:00 - 20:00
13:00 - 14:00 휴게시간"
아름다운피부과의원,"부산 남구 분포로 115 A동 201-1호, 202호",,,10:00 - 18:30,,현충일 휴무,정기휴무 (매주 일요일),,10:00 - 18:30,,,051-863-0075,,10:00 - 14:00,피부과,,10:00 - 18:30,10:00 - 18:30
신봉식이비인후과의원,부산 남구 수영로 340 플러스빌딩 3층,,,"09:00 - 18:30
12:30 - 14:00 휴게시간",,현충일 휴무,정기휴무 (매주 일요일),,"09:00 - 18:30
12:30 - 14:00 휴게시간",,,051-623-7337,,"09:00 - 15:00
13:00 - 14:00 휴게시간",이비인후과,,"09:00 - 18:30
12:30 - 14:00 휴게시간","09:00 - 18:30
12:30 - 14:00 휴게시간"
바른이비인후과의원,부산 남구 수영로 323 태강프라자 6층,,,"09:00 - 18:40
12:40 - 14:00 휴게시간",,현충일 휴무,정기휴무 (매주 일요일),,"09:00 - 18:40
12:40 - 14:00 휴게시간",,,0507-1400-8558,,"09:00 - 15:00
12:40 - 14:00 휴게시간",이비인후과,,"09:00 - 18:40
12:40 - 14:00 휴게시간","09:00 - 18:40
12:40 - 14:00 휴게시간"
W365메디컬의원,부산 남구 분포로 145,,,09:00 - 20:00,,현충일09:00 - 16:00,09:00 - 16:00,,09:00 - 20:00,,,0507-1395-0365,,09:00 - 16:00,이비인후과,,"09:00 - 20:00
접기",09:00 - 20:00
닥터안치과의원,부산 남구 용주로6번길 30 2층,,,"09:30 - 19:00
13:00 - 14:30 휴게시간
18:30 접수마감",,현충일 휴무,정기휴무 (매주 일요일),,"09:30 - 19:00
13:00 - 14:30 휴게시간
18:30 접수마감",,,0507-1465-1067,,"09:30 - 13:00
12:30 접수마감",치과,,"09:30 - 19:00
13:00 - 14:30 휴게시간
18:30 접수마감","09:30 - 19:00
13:00 - 14:30 휴게시간
18:30 접수마감"
남구보건소,부산 남구 못골로 23,,,09:00 - 18:00,,현충일 휴무,정보없음,,09:00 - 18:00,,,051-607-6460,,정보없음,보건소,,09:00 - 18:00,09:00 - 18:00
코끼리소아청소년과의원,부산 남구 진남로127번길 8,,,14:00 - 18:00,,현충일 휴무,정기휴무 (매주 일요일),,"09:00 - 18:00
12:30 - 14:00 휴게시간",,,051-633-8200,휴무,09:00 - 13:00,소아청소년과,,"09:00 - 18:00
12:30 - 14:00 휴게시간",
부산성모병원,부산 남구 용호로232번길 25-14 부산성모병원,,,"08:30 - 17:30
12:30 - 13:30 휴게시간",,현충일 휴무,정기휴무 (매주 일요일),,"08:30 - 17:30
12:30 - 13:30 휴게시간",,,051-933-7114,,08:30 - 12:30,종합병원,,"08:30 - 17:30
12:30 - 13:30 휴게시간","08:30 - 17:30
12:30 - 13:30 휴게시간"
부산아동병원,부산 남구 수영로 228,,,"09:30 - 20:00
13:00 - 14:00 휴게시간",,현충일09:30 - 13:00,09:30 - 13:00,,"09:30 - 20:00
13:00 - 14:00 휴게시간",,,051-612-7582,,09:30 - 13:00,소아청소년과,,"09:30 - 20:00
13:00 - 14:00 휴게시간","09:30 - 20:00
13:00 - 14:00 휴게시간"
진내과의원,부산 남구 수영로 340 2층,,,"09:00 - 18:00
13:00 - 14:00 휴게시간
12:45, 17:45 접수마감",,현충일 휴무,정기휴무 (매주 일요일),,"09:00 - 18:00
13:00 - 14:00 휴게시간
12:45, 17:45 접수마감",,,051-627-0360,,"09:00 - 13:00
12:45 접수마감",내과,,"09:00 - 18:00
13:00 - 14:00 휴게시간
12:45, 17:45 접수마감","09:00 - 18:00
13:00 - 14:00 휴게시간
12:45, 17:45 접수마감"
클린앤뷰티의원,부산 남구 수영로 304 대승타워 5층,,,10:00 - 20:00,,현충일 휴무,정기휴무 (매주 일요일),,10:00 - 20:00,,,0507-1329-7746,,10:00 - 15:30,피부과,,10:00 - 18:30,10:00 - 20:00
세종의원,부산 남구 수영로 30-1,,,09:00 - 20:00,,현충일09:00 - 16:00,09:00 - 13:00,,09:00 - 20:00,,,051-642-9977,,09:00 - 16:00,내과,,"09:00 - 20:00
접기",09:00 - 20:00
김계영내과소아청소년과의원,부산 남구 수영로 252 김계영내과,,,"09:00 - 18:00
13:00 - 14:00 휴게시간",,현충일 휴무,정기휴무 (매주 일요일),,"09:00 - 18:00
13:00 - 14:00 휴게시간",,,051-627-7000,,09:00 - 13:00,소아청소년과,,"09:00 - 18:00
13:00 - 14:00 휴게시간","09:00 - 18:00
13:00 - 14:00 휴게시간"
아산김의원,부산 남구 황령대로319번가길 158-4,휴무,휴무,09:00 - 12:30,,휴무,,,,,,051-626-8835,휴무,,가정의학과,휴무,"09:00 - 18:30
12:30 - 13:30 휴게시간",
소생한의원,부산 남구 용호로 127 서현빌딩 1층 소생한의원,,,09:00 - 19:00,,현충일 휴무,정기휴무 (매주 일요일),,09:00 - 19:00,,,0507-1480-1041,,09:00 - 13:00,한의원,,09:00 - 19:00,09:00 - 19:00
편한숲 정신건강의학과 의원,부산 남구 수영로 323 403호,,,14:00 - 20:00,,현충일 휴무,정기휴무 (매주 일요일),,"09:30 - 18:30
13:00 - 14:00 휴게시간",,,0507-1321-0241,,09:00 - 13:00,정신건강의학과,,"09:30 - 18:30
13:00 - 14:00 휴게시간","09:30 - 18:30
13:00 - 14:00 휴게시간"
코앤핑이비인후과의원,부산 남구 못골로 87 2층,,,"08:30 - 18:30
13:00 - 14:00 휴게시간",,현충일09:00 - 13:00,09:00 - 13:00,,"08:30 - 18:30
13:00 - 14:00 휴게시간",,,0507-1394-1003,,08:30 - 14:00,이비인후과,,"08:30 - 18:30
13:00 - 14:00 휴게시간","08:30 - 20:00
13:00 - 14:00 휴게시간"
명이비인후과의원,부산 남구 못골로12번길 84,,,"09:00 - 17:30
12:30 - 14:00 휴게시간
12:00, 17:00 접수마감",,현충일 휴무,정기휴무 (매주 일요일),,"09:00 - 17:30
12:30 - 14:00 휴게시간
12:00, 17:00 접수마감",,,051-612-7119,,"09:00 - 12:30
12:00 접수마감",이비인후과,,"14:00 - 17:30
17:00 접수마감","09:00 - 17:30
12:30 - 14:00 휴게시간
12:00, 17:00 접수마감"
킴스피부과의원 대연,부산 남구 수영로 297 대영BD 9층,,,"14:00 - 18:30
18:00 접수마감",,현충일 휴무,정기휴무 (매주 일요일),,"10:00 - 18:30
12:30 - 14:00 휴게시간
18:00 접수마감",,,0507-1449-0041,,"09:30 - 13:30
13:00 접수마감",피부과,,"10:00 - 18:30
12:30 - 14:00 휴게시간
18:00 접수마감","10:00 - 18:30
12:30 - 14:00 휴게시간
18:00 접수마감"
수미지이비인후과의원,부산 남구 수영로 304 대승타워 8층,,,"09:00 - 18:30
12:30 - 14:00 휴게시간
18:20 접수마감",,현충일 휴무,정기휴무 (매주 일요일),,"09:00 - 18:30
12:30 - 14:00 휴게시간
18:20 접수마감",,,0507-1412-8058,,"09:00 - 13:00
12:50 접수마감",이비인후과,,"09:00 - 18:30
12:30 - 14:00 휴게시간
18:20 접수마감","09:00 - 18:30
12:30 - 14:00 휴게시간
18:20 접수마감"
최정화소아청소년과의원,부산 남구 분포로 111 분산 1상가 2층,,,14:00 - 18:00,,,정기휴무 (매주 일요일),,"09:30 - 18:00
12:30 - 14:00 휴게시간","09:30 - 18:00
12:30 - 14:00 휴게시간",,051-612-1275,,09:00 - 13:00,소아청소년과,,"09:30 - 18:00
12:30 - 14:00 휴게시간
접기","09:30 - 18:00
12:30 - 14:00 휴게시간"
김성미소아청소년과의원,부산 남구 분포로 115 B동 2층,,,"09:00 - 18:00
13:00 - 14:00 휴게시간
17:00 접수마감",,현충일 휴무,정기휴무 (매주 일요일),,"09:00 - 18:00
13:00 - 14:00 휴게시간
17:00 접수마감",,,0507-1442-2054,,"09:00 - 14:00
13:00 접수마감",소아청소년과,,"09:00 - 18:00
13:00 - 14:00 휴게시간
17:00 접수마감","09:00 - 18:00
13:00 - 14:00 휴게시간
17:00 접수마감"
굿모닝내과의원,부산 남구 분포로 111 엘지메트로시티아파트,,,08:30 - 13:00,,현충일 휴무,정기휴무 (매주 일요일),,08:30 - 18:00,,,0507-1407-7581,,08:30 - 13:00,내과,,08:30 - 18:00,08:30 - 18:00
맑은솔이비인후과의원,부산 남구 수영로 260 남천메디컬 2층 맑은솔이비인후과,,,"09:00 - 18:40
13:00 - 14:00 휴게시간",,현충일 휴무,정기휴무 (매주 일요일),,"09:00 - 18:40
13:00 - 14:00 휴게시간",,,0507-1446-4789,,09:00 - 13:00,이비인후과,,"09:00 - 18:40
13:00 - 14:00 휴게시간","09:00 - 18:40
13:00 - 14:00 휴게시간"
조영이비인후과의원,부산 남구 분포로 111 엘지메트로시티아파트,,,"09:00 - 18:00
13:00 - 14:00 휴게시간",,,정기휴무 (매주 일요일),,"09:00 - 18:00
13:00 - 14:00 휴게시간","09:00 - 18:00
13:00 - 14:00 휴게시간",,051-612-3119,,09:00 - 13:00,이비인후과,,"09:00 - 18:00
13:00 - 14:00 휴게시간
접기","09:00 - 18:00
13:00 - 14:00 휴게시간"
늘편한내과의원,부산 남구 진남로 4 3층,,,"09:00 - 18:00
13:00 - 14:00 휴게시간",,현충일 휴무,정기휴무 (매주 일요일),,"09:00 - 18:00
13:00 - 14:00 휴게시간",,,051-621-0119,,09:00 - 13:00,내과,,"09:00 - 18:00
13:00 - 14:00 휴게시간","09:00 - 18:00
13:00 - 14:00 휴게시간"
대연 류 피부과 의원,부산 남구 수영로 240-1 이지스퀘어빌딩 2층,,,"09:30 - 19:00
12:30 - 14:00 휴게시간",,현충일 휴무,정기휴무 (매주 일요일),,,,,0507-1354-0630,,09:30 - 15:00,피부과,휴무,"09:30 - 19:00
12:30 - 14:00 휴게시간","09:30 - 19:00
12:30 - 14:00 휴게시간"
뷰에르의원,부산 남구 분포로 145 제스퀘어동 2108호,,,"10:00 - 19:00
13:00 - 14:00 휴게시간",,현충일 휴무,정기휴무 (매주 일요일),,14:00 - 19:00,,,051-621-1300,,10:00 - 15:00,피부과,,"10:00 - 19:00
13:00 - 14:00 휴게시간","10:00 - 21:00
13:00 - 14:00 휴게시간"
대한결핵협회부산광역시지부복십자의원,부산 남구 수영로 299 4층,,,"09:00 - 17:30
12:30 - 13:30 휴게시간
12:00, 17:00 접수마감",,현충일 휴무,정기휴무 (매주 일요일),,"09:00 - 17:30
12:30 - 13:30 휴게시간
12:00, 17:00 접수마감",,,051-611-3622,,정기휴무 (매주 토요일),내과,,"09:00 - 17:30
12:30 - 13:30 휴게시간
12:00, 17:00 접수마감","09:00 - 17:30
12:30 - 13:30 휴게시간
12:00, 17:00 접수마감"
박지훈정신건강의학과의원,부산 남구 수영로 330 3층 박지훈 정신건강의학과의원,,,"09:00 - 18:30
13:00 - 14:00 휴게시간",,현충일 휴무,정기휴무 (매주 일요일),,"09:00 - 18:30
13:00 - 14:00 휴게시간",,,0507-1329-2525,,09:00 - 13:00,정신건강의학과,,"09:00 - 18:30
13:00 - 14:00 휴게시간","09:00 - 18:30
13:00 - 14:00 휴게시간"
바른눈안과,부산 남구 수영로 297,,,"09:00 - 16:00
15:30 접수마감",,현충일 휴무,정기휴무 (매주 일요일),,"09:00 - 16:00
15:30 접수마감",,,051-611-4455,,"09:00 - 11:00
10:30 접수마감",안과,,"09:00 - 16:00
15:30 접수마감",정기휴무 (매주 금요일)
이화산부인과의원,부산 남구 수영로 216-2,,,"09:00 - 18:00
13:00 - 14:00 휴게시간",,현충일 휴무,정기휴무 (매주 일요일),,"09:00 - 18:00
13:00 - 14:00 휴게시간",,,051-628-9888,,"09:00 - 15:00
13:00 - 14:00 휴게시간",산부인과,,"09:00 - 18:00
13:00 - 14:00 휴게시간","09:00 - 18:00
13:00 - 14:00 휴게시간"
큰나무정형외과의원,부산 남구 용호로 54 대영빌딩,,,"09:00 - 18:00
13:00 - 14:00 휴게시간",,현충일 휴무,정기휴무 (매주 일요일),,"09:00 - 18:00
13:00 - 14:00 휴게시간",,,051-625-6119,,09:00 - 12:00,정형외과,,14:00 - 18:00,"09:00 - 18:00
13:00 - 14:00 휴게시간"
메트로성모안과의원,부산 남구 분포로 113 엘지메트로시티 주2상가 503호,,,14:00 - 18:00,,현충일 휴무,정기휴무 (매주 일요일),,"09:30 - 18:00
12:30 - 14:00 휴게시간",,,051-714-3652,,09:30 - 13:30,안과,,"09:30 - 18:00
12:30 - 14:00 휴게시간","09:30 - 18:00
12:30 - 14:00 휴게시간"
클라쎄피부과의원,부산 남구 용호로 50,,,,,휴무,정기휴무 (매주 일요일),,,,휴무,0507-1418-7502,,"09:30 - 13:00
12:30 접수마감",피부과,휴무,"09:30 - 18:30
12:30 - 14:00 휴게시간
18:00 접수마감","09:30 - 18:30
12:30 - 14:00 휴게시간
18:00 접수마감"
이의원,부산 남구 유엔로 10 뉴서울아파트,,,09:00 - 18:00,,현충일 휴무,정기휴무 (매주 일요일),,09:00 - 18:00,,,051-633-2544,,09:00 - 12:30,내과,,09:00 - 18:00,09:00 - 18:00
미래의원,부산 남구 수영로266번길 36,,,09:30 - 18:00,,현충일 휴무,정기휴무 (매주 일요일),,09:30 - 18:00,,,051-622-6100,,09:30 - 13:00,"병원,의원",,09:30 - 18:00,09:30 - 18:00
남경한의원,부산 남구 수영로 312 21세기센츄리시티건물,,,"09:30 - 18:00
12:30 - 13:30 휴게시간",,현충일 휴무,정기휴무 (매주 일요일),,"09:30 - 18:00
12:30 - 13:30 휴게시간",,,051-621-1135,,09:30 - 14:00,한의원,,"09:30 - 18:00
12:30 - 13:30 휴게시간","09:30 - 18:00
12:30 - 13:30 휴게시간"
대연성모안과,부산 남구 수영로 198-1,,,09:00 - 18:00,,현충일 휴무,정기휴무 (매주 일요일),,09:00 - 18:00,,,051-628-0700,,09:00 - 12:00,안과,,09:00 - 18:00,09:00 - 18:00
박현용내과의원,부산 남구 용호로 141 부산은행 5층,,,"09:00 - 18:00
13:00 - 14:00 휴게시간",,현충일 휴무,정기휴무 (매주 일요일),,"09:00 - 18:00
13:00 - 14:00 휴게시간",,,051-621-7105,,09:00 - 14:00,내과,,"09:00 - 18:00
13:00 - 14:00 휴게시간","09:00 - 18:00
13:00 - 14:00 휴게시간"
당봄한의원 부산점,부산 남구 문현금융로 40 BIFC몰 230호,,,"10:00 - 19:00
14:00 - 15:00 휴게시간",,,정기휴무 (매주 일요일),,정기휴무 (매주 월요일),정기휴무 (매주 화요일),,051-637-1075,,10:00 - 15:00,한의원,,"10:00 - 19:00
14:00 - 15:00 휴게시간","10:00 - 19:00
14:00 - 15:00 휴게시간"
길민경산부인과의원,부산 남구 수영로 340,,,"14:00 - 17:30
16:50 접수마감",,현충일 휴무,정기휴무 (매주 일요일),,"09:30 - 17:30
13:00 - 14:00 휴게시간
12:20, 16:50 접수마감",,,051-621-2616,,정기휴무 (매주 토요일),산부인과,,"09:30 - 17:30
13:00 - 14:00 휴게시간
12:20, 16:50 접수마감","09:30 - 17:30
13:00 - 14:00 휴게시간
12:20, 16:50 접수마감"
리본마취통증의학과의원,부산 남구 수영로 323 2층 202호,,,"09:00 - 19:00
13:00 - 14:00 휴게시간",,현충일 휴무,정기휴무 (매주 일요일),,"09:00 - 19:00
13:00 - 14:00 휴게시간",,,0507-1434-7578,,09:00 - 14:00,정형외과,,"09:00 - 19:00
13:00 - 14:00 휴게시간","09:00 - 19:00
13:00 - 14:00 휴게시간"
용호메트로마취통증의학과의원,부산 남구 용호로 48,,,"09:00 - 19:00
12:30 - 14:00 휴게시간",,현충일 휴무,09:00 - 14:00,,"09:00 - 19:00
12:30 - 14:00 휴게시간",,,051-923-9988,,09:00 - 14:00,정형외과,,"09:00 - 20:00
12:30 - 14:00 휴게시간","09:00 - 19:00
12:30 - 14:00 휴게시간"
우재곤내과의원,부산 남구 수영로 21,,,09:00 - 13:00,,현충일 휴무,정기휴무 (매주 일요일),,"09:00 - 18:30
12:30 - 14:00 휴게시간",,,051-633-7740,,09:00 - 13:00,내과,,"09:00 - 18:30
12:30 - 14:00 휴게시간","09:00 - 18:30
12:30 - 14:00 휴게시간"
우재곤내과의원,부산 남구 수영로 21,,,09:00 - 13:00,,현충일 휴무,정기휴무 (매주 일요일),,"09:00 - 18:30
12:30 - 14:00 휴게시간",,,051-633-7740,,09:00 - 13:00,내과,,"09:00 - 18:30
12:30 - 14:00 휴게시간","09:00 - 18:30
12:30 - 14:00 휴게시간"
참조은안과의원,부산 남구 수영로 246,,,09:00 - 13:00,,현충일 휴무,정기휴무 (매주 일요일),,"09:00 - 18:00
13:00 - 14:30 휴게시간",,,051-717-0375,,09:00 - 13:00,안과,,"09:00 - 18:00
13:00 - 14:30 휴게시간","09:00 - 18:00
13:00 - 14:30 휴게시간"
부산더존한방병원,부산 남구 수영로 305 스파크빌딩 4층,,,"09:30 - 21:00
13:00 - 14:00 휴게시간",,"현충일10:00 - 17:00
13:00 - 14:00 휴게시간","10:00 - 17:00
13:00 - 14:00 휴게시간",,"09:30 - 21:00
13:00 - 14:00 휴게시간",,,051-791-0870,,"09:30 - 17:00
13:00 - 14:00 휴게시간",한방병원,,"09:30 - 21:00
13:00 - 14:00 휴게시간","09:30 - 21:00
13:00 - 14:00 휴게시간"
더조은의원,부산 남구 수영로 233 민석빌딩,,,09:00 - 19:00,,현충일 휴무,정기휴무 (매주 일요일),,09:00 - 19:00,,,051-865-9393,,09:00 - 13:00,"병원,의원",,09:00 - 19:00,09:00 - 19:00
진도순이비인후과의원,부산 남구 수영로 25,,,"09:00 - 18:30
12:30 - 14:00 휴게시간",,현충일 휴무,정기휴무 (매주 일요일),,"09:00 - 18:30
12:30 - 14:00 휴게시간",,,051-646-4321,,09:00 - 13:00,이비인후과,,"09:00 - 18:30
12:30 - 14:00 휴게시간","09:00 - 18:30
12:30 - 14:00 휴게시간"
365자연안에한의원 대연,부산 남구 수영로 306 농협건물 4층,,,"10:00 - 21:00
13:00 - 14:00 휴게시간",,"현충일10:00 - 17:00
13:00 - 14:00 휴게시간","10:00 - 17:00
13:00 - 14:00 휴게시간",,"10:00 - 21:00
13:00 - 14:00 휴게시간",,,051-611-9800,,10:00 - 15:00,한의원,,"10:00 - 21:00
13:00 - 14:00 휴게시간
접기","10:00 - 21:00
13:00 - 14:00 휴게시간"
대연으뜸내과의원,부산 남구 못골로 87 3층 대연으뜸내과의원,,,"09:00 - 18:00
13:00 - 14:00 휴게시간",,현충일 휴무,정기휴무 (매주 일요일),,"09:00 - 18:00
13:00 - 14:00 휴게시간",,,051-710-3710,,09:00 - 13:00,내과,,"09:00 - 18:00
13:00 - 14:00 휴게시간","09:00 - 18:00
13:00 - 14:00 휴게시간"
드라마피부과의원,부산 남구 분포로 113 엘지메트로시티아파트,,,"09:30 - 18:30
12:30 - 14:00 휴게시간",,현충일 휴무,정기휴무 (매주 일요일),,"09:30 - 18:30
12:30 - 14:00 휴게시간",,,051-623-8900,,09:10 - 13:50,피부과,,"09:30 - 21:00
12:30 - 14:00 휴게시간","09:30 - 18:30
12:30 - 14:00 휴게시간"
온누리메디칼의원,부산 남구 용호로 64 중앙해수랜드 3.4층,,,09:00 - 13:00,,현충일 휴무,정기휴무 (매주 일요일),,"09:00 - 18:00
13:00 - 14:00 휴게시간",,,051-624-7979,,09:00 - 13:00,내과,,"09:00 - 20:00
13:00 - 14:00 휴게시간","09:00 - 18:00
13:00 - 14:00 휴게시간"
오아시스의원,부산 남구 진남로 4 5층,,,"10:00 - 19:00
13:00 - 14:00 휴게시간",,현충일 휴무,정기휴무 (매주 일요일),,"10:00 - 19:00
13:00 - 14:00 휴게시간",,,051-711-8400,,10:00 - 15:00,"병원,의원",,"10:00 - 19:00
13:00 - 14:00 휴게시간","10:00 - 20:00
13:00 - 14:00 휴게시간"
편한숲 정신건강의학과 의원,부산 남구 수영로 323 403호,,,14:00 - 20:00,,현충일 휴무,정기휴무 (매주 일요일),,"09:30 - 18:30
13:00 - 14:00 휴게시간",,,0507-1321-0241,,09:00 - 13:00,정신건강의학과,,"09:30 - 18:30
13:00 - 14:00 휴게시간","09:30 - 18:30
13:00 - 14:00 휴게시간"
나은소아청소년과의원,부산 남구 용호로198번길 2,,,"09:30 - 18:30
12:30 - 14:00 휴게시간
18:10 접수마감",,현충일 휴무,정기휴무 (매주 일요일),,"09:30 - 18:30
12:30 - 14:00 휴게시간
18:10 접수마감",,,051-623-9944,,"09:30 - 13:00
12:40 접수마감",소아청소년과,,"14:30 - 18:30
18:10 접수마감","09:30 - 18:30
12:30 - 14:00 휴게시간
18:10 접수마감"
성모밝은안과의원,부산 남구 수영로 27 부산은행 5층,,,"09:30 - 17:30
13:00 - 14:00 휴게시간",,현충일 휴무,정기휴무 (매주 일요일),,"09:30 - 17:30
13:00 - 14:00 휴게시간",,,0507-1407-1083,,09:30 - 12:00,안과,,14:00 - 17:30,"09:30 - 17:30
13:00 - 14:00 휴게시간"
도레미의원,부산 남구 수영로 298 6층,,,14:00 - 21:00,,현충일 휴무,정기휴무 (매주 일요일),,"10:00 - 19:00
13:00 - 14:00 휴게시간",,,0507-1488-9876,,10:00 - 16:00,피부과,,"10:00 - 19:00
13:00 - 14:00 휴게시간","10:00 - 21:00
13:00 - 14:00 휴게시간"
늘편안 하내과 의원,부산 남구 분포로 113 엘지메트로주2상가 4층,,,09:00 - 18:00,,,정보없음,,"09:00 - 18:00
12:30 - 14:00 휴게시간",09:00 - 13:00,,051-711-8270,,09:00 - 13:00,내과,,"09:00 - 18:00
접기",09:00 - 18:00
장원석치과의원,부산 남구 수영로 233 민석빌딩 2층,,휴무,"09:30 - 18:30
13:00 - 14:30 휴게시간",,현충일 휴무,정기휴무 (매주 일요일),,"09:30 - 18:30
13:00 - 14:30 휴게시간",,,051-612-0012,,,치과,,"09:30 - 18:30
13:00 - 14:30 휴게시간","09:30 - 18:30
13:00 - 14:30 휴게시간"
이금랑어린이치과의원,부산 남구 용호로 54 대영빌딩,,,"10:00 - 18:30
13:00 - 14:00 휴게시간",,현충일 휴무,정기휴무 (매주 일요일),,"10:00 - 18:30
13:00 - 14:00 휴게시간",,,051-611-1275,,10:00 - 14:00,치과,,"10:00 - 18:30
13:00 - 14:00 휴게시간","10:00 - 18:30
13:00 - 14:00 휴게시간"
한길내과의원,부산 남구 유엔로 14 우암 센텀 메디컬,,,09:00 - 18:00,,현충일 휴무,정기휴무 (매주 일요일),,09:00 - 18:00,,,051-633-1332,,09:00 - 12:30,내과,,09:00 - 12:30,09:00 - 18:00
삼성스마트내과의원,"부산 남구 용호로 207 KPM메티컬빌딩 2~5, 8층",,,,,,,,,,,051-623-7003,,,내과,,,
로덴치과의원 경성대부경대점,부산 남구 용소로 7 5층 로덴치과,,,10:00 - 19:00,,현충일 휴무,정기휴무 (매주 일요일),,10:00 - 19:00,,,0507-1380-2875,,10:00 - 14:00,치과,,10:00 - 20:00,10:00 - 19:00
류상효신경과의원,부산 남구 수영로 240 2층,,,09:00 - 13:00,,현충일 휴무,정기휴무 (매주 일요일),,"09:00 - 18:00
13:00 - 14:00 휴게시간",,,051-710-8881,,09:00 - 12:30,신경과,,"09:00 - 18:00
13:00 - 14:00 휴게시간","09:00 - 18:00
13:00 - 14:00 휴게시간"
윤현기정형외과의원,부산 남구 고동골로 16,,,"09:00 - 15:00
13:00 - 14:00 휴게시간",,현충일09:00 - 13:00,정기휴무 (매주 일요일),,"09:00 - 19:00
13:00 - 14:00 휴게시간",,,051-644-8275,,09:00 - 15:00,정형외과,,"09:00 - 19:00
13:00 - 14:00 휴게시간
접기","09:00 - 19:00
13:00 - 14:00 휴게시간"
서울스카이재활의학과의원,부산 남구 수영로 324 2층,,,"09:00 - 19:00
12:30 - 14:00 휴게시간",,현충일 휴무,정기휴무 (매주 일요일),,"09:00 - 19:00
12:30 - 14:00 휴게시간",,,051-626-9111,,09:30 - 14:00,재활의학과,,14:00 - 18:30,"09:00 - 19:00
12:30 - 14:00 휴게시간"
청담포유의원,"부산 남구 용소로 4 (대연동, 7층)",,,"10:00 - 19:00
13:00 - 14:00 휴게시간",,현충일 휴무,정기휴무 (매주 일요일),,정기휴무 (매주 월요일),,,0507-1404-2899,,10:00 - 15:00,피부과,,"10:00 - 21:00
13:00 - 14:00 휴게시간","10:00 - 19:00
13:00 - 14:00 휴게시간"
우리가족치과의원,부산 남구 용호로 207 6층,,,"09:30 - 19:00
13:00 - 14:30 휴게시간
18:30 접수마감",,현충일 휴무,정기휴무 (매주 일요일),,"09:30 - 19:00
13:00 - 14:30 휴게시간
18:30 접수마감",,,051-791-2822,,"09:30 - 14:00
13:30 접수마감",치과,,"09:30 - 19:00
13:00 - 14:30 휴게시간
18:30 접수마감","09:30 - 19:00
13:00 - 14:30 휴게시간
18:30 접수마감"
여우한의원,부산 남구 신선로 566 GS하이츠자이,,,09:30 - 18:30,,현충일 휴무,정기휴무 (매주 일요일),,09:30 - 18:30,,,0507-1445-1075,,09:30 - 13:30,한의원,,09:30 - 20:00,09:30 - 18:30
메디아트의원,부산 남구 수영로 304 대승타워 4층,,,"10:00 - 20:00
13:30 - 14:30 휴게시간
19:30 접수마감",,현충일 휴무,정기휴무 (매주 일요일),,"10:00 - 20:00
13:30 - 14:30 휴게시간
19:30 접수마감",,,051-628-7582,,"10:00 - 17:00
16:30 접수마감",피부과,,"10:00 - 20:00
13:30 - 14:30 휴게시간
19:30 접수마감","10:00 - 20:00
13:30 - 14:30 휴게시간
19:30 접수마감"
박언비뇨의학과의원,부산 남구 수영로 260 대연백리명가 5층,,,"09:30 - 19:00
13:00 - 14:30 휴게시간",,현충일 휴무,정기휴무 (매주 일요일),,"09:30 - 19:00
13:00 - 14:30 휴게시간",,,051-622-5474,,09:30 - 14:00,비뇨의학과,,14:00 - 19:00,"09:30 - 19:00
13:00 - 14:30 휴게시간"
대연88마취통증의학과의원,부산 남구 진남로 4 대연베델메디컬빌딩 4층,,,"09:00 - 19:00
13:00 - 14:00 휴게시간",,휴무,정기휴무 (매주 일요일),,"09:00 - 19:00
13:00 - 14:00 휴게시간",,,051-625-0088,,09:00 - 13:00,정형외과,,"09:00 - 19:00
13:00 - 14:00 휴게시간","09:00 - 19:00
13:00 - 14:00 휴게시간"
한정욱이비인후과의원,부산 남구 수영로 27,,,"09:00 - 18:10
12:30 - 14:00 휴게시간
18:00 접수마감",,현충일 휴무,정기휴무 (매주 일요일),,"09:00 - 18:10
12:30 - 14:00 휴게시간
18:00 접수마감",,,051-636-9419,,"09:00 - 12:50
12:40 접수마감",이비인후과,,"09:00 - 18:10
12:30 - 14:00 휴게시간
18:00 접수마감","09:00 - 18:10
12:30 - 14:00 휴게시간
18:00 접수마감"
위대항병원,부산 남구 수영로 241,,,"09:00 - 17:30
12:00 - 13:30 휴게시간",,현충일 휴무,정기휴무 (매주 일요일),,"09:00 - 17:30
12:00 - 13:30 휴게시간",,,0507-1489-9023,,09:00 - 12:30,외과,,"09:00 - 17:30
12:00 - 13:30 휴게시간","09:00 - 17:30
12:00 - 13:30 휴게시간"
민현주여성의원,부산 남구 수영로 27 201호 민현주여성의원,,,09:30 - 13:00,,현충일 휴무,정기휴무 (매주 일요일),,"09:30 - 18:30
13:00 - 14:00 휴게시간",,,051-638-8275,,09:30 - 13:00,산부인과,,"09:30 - 18:30
13:00 - 14:00 휴게시간","09:30 - 21:00
13:00 - 14:00 휴게시간
18:30 - 19:00 휴게시간"
조이정형외과의원,부산 남구 수영로 277 라온빌딩 3층 조이정형외과의원,,,"09:00 - 18:00
13:00 - 14:00 휴게시간",,현충일 휴무,정기휴무 (매주 일요일),,"09:00 - 18:00
13:00 - 14:00 휴게시간",,,051-611-7285,,09:00 - 13:00,정형외과,,"09:00 - 18:00
13:00 - 14:00 휴게시간","09:00 - 18:00
13:00 - 14:00 휴게시간"
김효준내과,부산 남구 석포로 76 유엔메디컬빌딩 3층,,,09:00 - 18:00,,현충일09:00 - 13:00,정기휴무 (매주 일요일),,09:00 - 18:00,,,051-628-6422,,09:00 - 13:00,내과,,"09:00 - 18:00
접기",09:00 - 18:00
헬로소아청소년과의원,부산 남구 수영로 345 대연힐스테이트푸르지오 상가309호,,,"09:00 - 18:00
12:30 - 14:00 휴게시간",,현충일 휴무,정기휴무 (매주 일요일),,"09:00 - 18:00
12:30 - 14:00 휴게시간",,,051-612-0677,,09:00 - 13:00,소아청소년과,,09:00 - 13:00,"09:00 - 18:00
12:30 - 14:00 휴게시간"
도시치과의원,부산 남구 수영로 26 대림문현시티프라자,,,09:30 - 18:00,,현충일 휴무,정기휴무 (매주 일요일),,09:30 - 18:30,,,051-643-2030,,09:30 - 13:00,치과,,09:30 - 18:30,09:30 - 18:00
오륙도신경외과의원,부산 남구 용호로 141 4층 오륙도신경외과,,,"08:30 - 18:30
12:30 - 14:00 휴게시간",,현충일 휴무,정기휴무 (매주 일요일),,"08:30 - 18:30
12:30 - 14:00 휴게시간",,,051-611-2621,,08:30 - 14:00,신경외과,,"08:30 - 20:00
12:30 - 14:00 휴게시간","08:30 - 18:30
12:30 - 14:00 휴게시간"
이정형외과의원,부산 남구 용호로 173 신협,,,,,,,,,,,051-622-2727,,,정형외과,,,
대연탑비뇨의학과의원,부산 남구 수영로 240 3층,,,"09:00 - 19:00
13:00 - 14:00 휴게시간",,현충일 휴무,정기휴무 (매주 일요일),,"09:00 - 19:00
13:00 - 14:00 휴게시간",,,051-612-1141,,09:00 - 14:00,비뇨의학과,,"09:00 - 19:00
13:00 - 14:00 휴게시간","09:00 - 19:00
13:00 - 14:00 휴게시간"
현명기피부과의원,부산 남구 수영로 206 정학기정형외과 3층,,,"09:00 - 18:30
13:00 - 14:00 휴게시간",,현충일 휴무,정기휴무 (매주 일요일),,"09:00 - 18:30
13:00 - 14:00 휴게시간",,,051-627-6677,,09:00 - 13:00,피부과,,14:00 - 19:00,"09:00 - 18:30
13:00 - 14:00 휴게시간"
미소플란트치과의원,부산 남구 수영로 304 3층,,,10:00 - 21:00,,,정기휴무 (매주 일요일),,10:00 - 19:00,10:00 - 19:00,,1644-9928,,10:00 - 16:00,치과,,10:00 - 21:00,10:00 - 19:00
강한정형외과의원,부산 남구 석포로 74,,,09:00 - 18:00,,현충일 휴무,09:00 - 15:00,,09:00 - 18:00,,,051-542-8840,,09:00 - 15:00,정형외과,,09:00 - 18:00,09:00 - 18:00
대연봄정신건강의학과의원,부산 남구 수영로 233 민석빌딩 8층 대연봄정신건강의학과의원,,,"09:30 - 18:00
12:30 - 14:00 휴게시간
17:45 접수마감",,현충일 휴무,정기휴무 (매주 일요일),,"09:30 - 18:00
12:30 - 14:00 휴게시간
17:45 접수마감",,,0507-1322-1335,,"09:30 - 13:00
12:45 접수마감",정신건강의학과,,"09:30 - 18:00
12:30 - 14:00 휴게시간
17:45 접수마감","09:30 - 18:00
12:30 - 14:00 휴게시간
17:45 접수마감"
더바른이치과의원,부산 남구 수영로 297 대영빌딩 2층,,,,,현충일 휴무,정기휴무 (매주 일요일),,"10:30 - 19:00
13:00 - 14:30 휴게시간",,"10:30 - 19:00
13:00 - 14:30 휴게시간",0507-1408-7527,,"09:30 - 16:00
13:00 - 14:00 휴게시간",치과,,"10:30 - 19:00
13:00 - 14:30 휴게시간","10:30 - 19:00
13:00 - 14:30 휴게시간"
태진의원,부산 남구 우암로 166 선한교회,,,09:00 - 12:30,,현충일 휴무,정기휴무 (매주 일요일),,"09:00 - 17:30
12:30 - 14:00 휴게시간",,,051-637-1106,,09:00 - 12:30,"병원,의원",,"09:00 - 17:30
12:30 - 14:00 휴게시간","09:00 - 17:30
12:30 - 14:00 휴게시간"
더하얀의원,부산 남구 수영로 345 대연힐스테이트푸르지오 주상복합상가 115동 306호,,,"10:00 - 19:00
12:30 - 14:00 휴게시간",,,정기휴무 (매주 일요일),,"10:00 - 19:00
12:30 - 14:00 휴게시간","10:00 - 19:00
12:30 - 14:00 휴게시간",,051-626-5599,,10:00 - 15:00,피부과,,"14:00 - 19:00
접기","10:00 - 21:00
12:30 - 14:00 휴게시간"
목화산부인과의원,부산 남구 수영로 225-1 목화산부인과,,,"09:00 - 17:30
12:30 - 14:00 휴게시간
17:00 접수마감",,현충일09:00 - 11:00,"09:00 - 11:00
10:30 접수마감",,"09:00 - 19:30
12:30 - 14:00 휴게시간
19:00 접수마감",,,051-628-1230,,"09:00 - 12:30
12:00 접수마감",산부인과,,"09:00 - 19:30
12:30 - 14:00 휴게시간
19:00 접수마감","09:00 - 17:30
12:30 - 14:00 휴게시간
17:00 접수마감"
부산샬롬치과의원,부산 남구 수영로 27,,,"09:30 - 18:00
13:00 - 14:00 휴게시간",,현충일 휴무,정기휴무 (매주 일요일),,"09:30 - 18:00
13:00 - 14:00 휴게시간",,,051-637-7528,,09:00 - 15:00,치과,,"09:30 - 18:00
13:00 - 14:00 휴게시간","09:30 - 18:00
13:00 - 14:00 휴게시간"
더편한마취통증의학과의원,부산 남구 못골로 87,,,"09:00 - 18:30
13:00 - 14:00 휴게시간
18:00 접수마감",,현충일 휴무,정기휴무 (매주 일요일),,,,,0507-1383-7575,,"09:00 - 14:00
13:30 접수마감",정형외과,휴무,"09:00 - 18:30
13:00 - 14:00 휴게시간
18:00 접수마감","09:00 - 18:30
13:00 - 14:00 휴게시간
18:00 접수마감"
아이앤맘정신건강의학과의원,부산 남구 수영로 216 7층 아이앤맘 소아정신과,,,"09:30 - 18:00
12:30 - 14:00 휴게시간
17:45 접수마감",,현충일 휴무,정기휴무 (매주 일요일),,"09:30 - 18:00
12:30 - 14:00 휴게시간
17:45 접수마감",,,0507-1496-9601,,"09:30 - 13:00
12:45 접수마감",정신건강의학과,,"14:00 - 18:00
17:45 접수마감","09:30 - 18:00
12:30 - 14:00 휴게시간
17:45 접수마감"
류마참내과의원,부산 남구 수영로 240-1,,,"09:00 - 13:00
12:30 접수마감",,현충일 휴무,정기휴무 (매주 일요일),,"09:00 - 18:00
13:00 - 14:00 휴게시간
12:30, 17:30 접수마감",,,051-365-8275,,"09:00 - 13:00
12:30 접수마감",내과,,"09:00 - 18:00
13:00 - 14:00 휴게시간
12:30, 17:30 접수마감","09:00 - 18:00
13:00 - 14:00 휴게시간
12:30, 17:30 접수마감"
THE밝은안과의원,부산 남구 수영로 209 일동 지에닌,,,09:00 - 12:55,,현충일 휴무,정기휴무 (매주 일요일),,"09:00 - 17:55
12:50 - 14:20 휴게시간",,,051-612-1116,,09:00 - 12:55,안과,,"09:00 - 17:55
12:50 - 14:20 휴게시간","09:00 - 17:55
12:50 - 14:20 휴게시간"
도마스이비인후과의원,부산 남구 용호로 189-2,,,"09:00 - 18:00
12:30 - 14:00 휴게시간",,현충일 휴무,정기휴무 (매주 일요일),,"09:00 - 18:00
12:30 - 14:00 휴게시간",,,051-627-9117,,정기휴무 (매주 토요일),이비인후과,,"09:00 - 18:00
12:30 - 14:00 휴게시간","09:00 - 18:00
12:30 - 14:00 휴게시간"
크리스탈치과의원,부산 남구 수영로 258 2층 크리스탈치과의원,,,"09:30 - 18:30
13:00 - 14:30 휴게시간",,현충일 휴무,정기휴무 (매주 일요일),,"09:30 - 18:30
13:00 - 14:30 휴게시간",,,0507-1375-7522,,09:30 - 13:30,치과,,"09:30 - 18:30
13:00 - 14:30 휴게시간","09:30 - 18:30
13:00 - 14:30 휴게시간"
하이치과의원,부산 남구 용호로 91 휴렉스 3층 하이치과의원,,,"09:30 - 19:00
12:30 - 14:00 휴게시간",,현충일 휴무,정기휴무 (매주 일요일),,,,,051-627-7528,,09:30 - 14:00,치과,휴무,"09:30 - 19:00
12:30 - 14:00 휴게시간","09:30 - 19:00
12:30 - 14:00 휴게시간"
맑고고운의원,부산 남구 용호로 207 7층,,,,,현충일 휴무,정기휴무 (매주 일요일),,"10:00 - 20:00
13:00 - 14:00 휴게시간",,"10:00 - 20:00
13:00 - 14:00 휴게시간",0507-1389-7277,,10:00 - 14:00,피부과,,"10:00 - 20:00
13:00 - 14:00 휴게시간","10:00 - 20:00
13:00 - 14:00 휴게시간"
이기대정형외과의원,부산 남구 용호로 154 용호메디칼센타,,,"09:00 - 18:30
13:00 - 14:00 휴게시간",,현충일 휴무,정기휴무 (매주 일요일),,"09:00 - 18:30
13:00 - 14:00 휴게시간",,,051-627-8875,,09:00 - 13:00,정형외과,,"09:00 - 18:30
13:00 - 14:00 휴게시간","09:00 - 18:30
13:00 - 14:00 휴게시간"
김현지키움소아청소년과의원,"부산 남구 수영로 260 대연백리명가에덴 3층 311, 312호",,,"09:30 - 17:30
12:30 - 14:00 휴게시간",,현충일 휴무,정기휴무 (매주 일요일),,"09:30 - 17:30
12:30 - 14:00 휴게시간",,,051-711-6241,,09:30 - 13:00,소아청소년과,,09:30 - 13:00,"09:30 - 17:30
12:30 - 14:00 휴게시간"
윤성식이비인후과의원,부산 남구 용호로 147 종합검진센타,,,"09:00 - 18:30
12:30 - 14:00 휴게시간",,현충일 휴무,정기휴무 (매주 일요일),,"09:00 - 18:30
12:30 - 14:00 휴게시간",,,051-621-4271,,09:00 - 13:00,이비인후과,,"09:00 - 18:30
12:30 - 14:00 휴게시간","09:00 - 18:30
12:30 - 14:00 휴게시간"
예뻐지는의원,부산 남구 수영로 300 비젼프라자 4층,,,"11:00 - 19:00
13:00 - 14:00 휴게시간",,현충일 휴무,정기휴무 (매주 일요일),,,,,051-628-7212,,11:00 - 15:00,피부과,휴무,"11:00 - 19:00
13:00 - 14:00 휴게시간","11:00 - 19:00
13:00 - 14:00 휴게시간"
몸맘소생한의원,부산 남구 우암로 148 1층,,,09:30 - 19:00,,현충일 휴무,정기휴무 (매주 일요일),,09:30 - 19:00,,,051-636-3160,,09:00 - 14:00,한의원,,09:00 - 14:00,09:30 - 19:00
경희한결한의원,부산 남구 수영로 233 민석빌딩 4층,,,"09:30 - 19:00
13:00 - 14:00 휴게시간",,현충일 휴무,정기휴무 (매주 일요일),,"09:30 - 19:00
13:00 - 14:00 휴게시간",,,0507-1424-7588,,09:30 - 15:00,한의원,,"09:30 - 19:00
13:00 - 14:00 휴게시간","09:30 - 19:00
13:00 - 14:00 휴게시간"
메디칼안과의원,부산 남구 동명로 137 원진찜질방,,,"09:30 - 18:00
13:00 - 14:00 휴게시간",,현충일09:30 - 13:00,정기휴무 (매주 일요일),,"09:30 - 18:00
13:00 - 14:00 휴게시간",,,051-621-3434,,09:30 - 13:00,안과,,"09:30 - 18:00
13:00 - 14:00 휴게시간
접기","09:30 - 18:00
13:00 - 14:00 휴게시간"
오즈어린이치과의원 대연점,부산 남구 수영로 286 유일프라자4층,,,"10:00 - 18:00
13:00 - 14:20 휴게시간
17:30 접수마감",,현충일 휴무,정기휴무 (매주 일요일),,"10:00 - 18:00
13:00 - 14:20 휴게시간
17:30 접수마감",,,051-611-2875,,"09:00 - 13:00
12:30 접수마감",치과,,정기휴무 (매주 목요일),"10:00 - 18:00
13:00 - 14:20 휴게시간
17:30 접수마감"
문현사랑의원,부산 남구 수영로 43 2층 문현사랑의원,,,"09:30 - 18:30
13:00 - 14:00 휴게시간
18:15 접수마감",,현충일 휴무,정기휴무 (매주 일요일),,"09:30 - 18:30
13:00 - 14:00 휴게시간
18:15 접수마감",,,0507-1390-9310,,"09:30 - 13:30
13:15 접수마감",내과,,"09:30 - 18:30
13:00 - 14:00 휴게시간
18:15 접수마감","09:30 - 18:30
13:00 - 14:00 휴게시간
18:15 접수마감"
바른자세재활의학과의원,"부산 남구 분포로 115 힐탑탑플레이스 B동 503, 504호",,,10:00 - 18:00,,현충일 휴무,정기휴무 (매주 일요일),,10:00 - 19:00,,,0507-1402-0075,,09:00 - 13:00,재활의학과,,14:00 - 20:00,10:00 - 19:00
우리들40플란트치과병원,부산 남구 전포대로 90 강진융프라우 2차 4층,,,,,,,,,,,051-633-2875,,,치과,,,
오아시스치과의원,부산 남구 분포로 115 힐탑탑플레이스 A동 203호,,,"09:30 - 19:00
13:00 - 14:30 휴게시간",,현충일 휴무,정기휴무 (매주 일요일),,"09:30 - 19:00
13:00 - 14:30 휴게시간",,,051-710-5277,,09:30 - 13:00,치과,,"09:30 - 19:00
13:00 - 14:30 휴게시간","09:30 - 19:00
13:00 - 14:30 휴게시간"
나란이 치과교정과 치과의원,부산 남구 용호로 50 범양빌딩 2층,,,"11:00 - 18:30
13:00 - 14:00 휴게시간",,현충일 휴무,정기휴무 (매주 일요일),,"11:00 - 18:30
13:00 - 14:00 휴게시간",,,051-625-2885,,10:00 - 13:00,치과,,"11:00 - 18:00
13:00 - 14:00 휴게시간","11:00 - 18:00
13:00 - 14:00 휴게시간"
우리가정의학과의원,부산 남구 오륙도로 85 상가 2동 210호,,,"10:00 - 19:00
13:00 - 14:00 휴게시간",,현충일 휴무,정기휴무 (매주 일요일),,"10:00 - 19:00
13:00 - 14:00 휴게시간",,,051-622-5690,,정기휴무 (매주 토요일),가정의학과,,"10:00 - 19:00
13:00 - 14:00 휴게시간","10:00 - 19:00
13:00 - 14:00 휴게시간"
양성연내과의원,부산 남구 분포로 115 힐탑 탑플레이스 A동 303호,,,"08:30 - 16:00
15:30 접수마감",,현충일 휴무,정기휴무 (매주 일요일),,"08:30 - 18:00
12:30 - 14:00 휴게시간
17:30 접수마감",,,051-624-7582,,"08:30 - 12:30
12:00 접수마감",내과,,"08:30 - 18:00
12:30 - 14:00 휴게시간
17:30 접수마감","08:30 - 18:00
12:30 - 14:00 휴게시간
17:30 접수마감"
고구려한의원,부산 남구 수영로325번길 11 마로니에타운 403호,,,정기휴무 (매주 수요일),,,정기휴무 (매주 일요일),,"09:30 - 19:00
13:00 - 14:00 휴게시간","09:30 - 20:00
13:00 - 14:00 휴게시간",,0507-1356-2727,,09:30 - 14:00,한의원,,"09:30 - 19:00
13:00 - 14:00 휴게시간
접기","09:30 - 19:00
13:00 - 14:00 휴게시간"
다나아마취통증의학과의원,부산 남구 수영로 240-1 4층,,,"09:00 - 13:00
12:50 접수마감",,현충일 휴무,정기휴무 (매주 일요일),,"09:00 - 18:00
13:00 - 14:00 휴게시간
17:50 접수마감",,,051-625-5005,,"09:00 - 13:00
12:50 접수마감",마취통증의학과,,"09:00 - 18:00
13:00 - 14:00 휴게시간
17:50 접수마감","09:00 - 18:00
13:00 - 14:00 휴게시간
17:50 접수마감"
해바라기치과의원,부산 남구 전포대로 16,,,"09:30 - 18:30
13:00 - 14:00 휴게시간",,,정기휴무 (매주 일요일),,"09:30 - 18:30
13:00 - 14:00 휴게시간","09:30 - 18:30
13:00 - 14:00 휴게시간",,051-642-2804,,09:30 - 14:00,치과,,"09:30 - 19:30
13:00 - 14:00 휴게시간","09:30 - 18:30
13:00 - 14:00 휴게시간"
해미인치과교정과치과의원,부산 남구 수영로 306,,,,,현충일 휴무,정기휴무 (매주 일요일),,"10:00 - 19:00
13:00 - 14:00 휴게시간",,10:00 - 19:00,051-623-7552,,09:30 - 13:30,치과,,"10:00 - 19:00
13:00 - 14:00 휴게시간","10:00 - 19:00
13:00 - 14:00 휴게시간"
정상신한의원,부산 남구 우암로 168 2층,,,"09:30 - 18:30
13:00 - 14:00 휴게시간",,현충일09:30 - 13:30,정기휴무 (매주 일요일),,"09:30 - 18:30
13:00 - 14:00 휴게시간",,,051-631-0210,,09:30 - 13:30,한의원,,"09:30 - 18:30
13:00 - 14:00 휴게시간
접기","09:30 - 18:30
13:00 - 14:00 휴게시간"
메디스치과의원 경성대,부산 남구 수영로 295 세웅빌딩 4층,,,"10:00 - 19:00
13:00 - 14:00 휴게시간",,현충일 휴무,정기휴무 (매주 일요일),,,,,0507-1315-7475,,10:00 - 14:00,치과,휴무,"10:00 - 20:00
13:00 - 14:00 휴게시간","10:00 - 19:00
13:00 - 14:00 휴게시간"
대한한의원,부산 남구 수영로 177 이양희산부인과의원,,,"09:00 - 18:00
12:00 - 13:00 휴게시간",,현충일 휴무,정기휴무 (매주 일요일),,"09:00 - 18:00
12:00 - 13:00 휴게시간",,,051-633-7582,,09:00 - 13:00,한의원,,"09:00 - 18:00
12:00 - 13:00 휴게시간","09:00 - 18:00
12:00 - 13:00 휴게시간"
디올이비인후과의원,"부산 남구 수영로 216 1층, 9층",,,"09:00 - 18:30
12:50 - 14:00 휴게시간
18:25 접수마감",,현충일 휴무,정기휴무 (매주 일요일),,,,,051-791-1100,,"09:00 - 13:00
12:55 접수마감",이비인후과,휴무,"09:00 - 18:30
12:50 - 14:00 휴게시간
18:25 접수마감","09:00 - 18:30
12:50 - 14:00 휴게시간
18:25 접수마감"
마리여성의원,부산 남구 수영로 297 동남CATV 4층,,,"09:30 - 18:30
13:00 - 14:00 휴게시간",,현충일 휴무,정기휴무 (매주 일요일),,"09:30 - 18:30
13:00 - 14:00 휴게시간",,,051-626-1009,,09:30 - 13:00,산부인과,,"09:30 - 18:30
13:00 - 14:00 휴게시간","09:30 - 18:30
13:00 - 14:00 휴게시간"
미듬치과의원,부산 남구 용호로 141 리우메디컬빌딩 3층,,,"09:30 - 18:30
12:30 - 14:00 휴게시간",,현충일 휴무,정기휴무 (매주 일요일),,"09:30 - 18:30
12:30 - 14:00 휴게시간",,,0507-1393-2879,,09:30 - 13:00,치과,,"09:30 - 20:00
12:30 - 14:00 휴게시간","09:30 - 18:30
12:30 - 14:00 휴게시간"
라인정형외과의원,부산 남구 유엔로 14 우암 센텀 메디컬,,,"09:00 - 19:30
12:30 - 14:00 휴게시간",,현충일 휴무,정기휴무 (매주 일요일),,"09:00 - 19:30
12:30 - 14:00 휴게시간",,,0507-1397-5114,,09:00 - 13:00,정형외과,,09:00 - 13:00,"09:00 - 19:30
12:30 - 14:00 휴게시간"
일신소아청소년과의원,부산 남구 분포로 113 LG메트로시티 주2상가 3층,,,"09:00 - 13:00
12:50 접수마감",,현충일 휴무,정기휴무 (매주 일요일),,"09:00 - 18:00
12:30 - 14:00 휴게시간
12:20, 17:50 접수마감",,,051-611-6181,,"09:00 - 13:00
12:50 접수마감",소아청소년과,,"09:00 - 18:00
12:30 - 14:00 휴게시간
12:20, 17:50 접수마감","09:00 - 18:00
12:30 - 14:00 휴게시간
12:20, 17:50 접수마감"
정우창성형외과의원,부산 남구 수영로 300 6층,,,,,,,,,,,051-624-6611,,,성형외과,,,
뷰리안의원,부산 남구 용호로 141 리우메디컬센터 3층,,,"10:30 - 19:00
13:30 - 14:30 휴게시간
18:45 접수마감",,현충일 휴무,정기휴무 (매주 일요일),,"15:00 - 20:30
20:15 접수마감",,,0507-1433-7823,,"10:30 - 15:30
15:15 접수마감",피부과,,"10:30 - 20:30
13:30 - 14:30 휴게시간
20:15 접수마감","10:30 - 19:00
13:30 - 14:30 휴게시간
18:45 접수마감"
디지털닥터정치과의원,부산 남구 분포로 145 2077호,,,"09:30 - 18:00
12:30 - 14:00 휴게시간
12:00, 17:30 접수마감",,현충일 휴무,정기휴무 (매주 일요일),,"09:30 - 18:00
12:30 - 14:00 휴게시간
12:00, 17:30 접수마감",,,0507-1477-2278,,"09:30 - 13:00
12:30 접수마감",치과,,정기휴무 (매주 목요일),"09:30 - 18:00
12:30 - 14:00 휴게시간
12:00, 17:30 접수마감"
선한이웃치과의원,부산 남구 수영로 47,,,"09:00 - 18:00
12:00 - 13:00 휴게시간",,현충일 휴무,정기휴무 (매주 일요일),,"09:00 - 18:00
12:00 - 13:00 휴게시간",,,051-643-2875,,09:00 - 16:30,치과,,"09:00 - 18:00
12:00 - 13:00 휴게시간","09:00 - 18:00
12:00 - 13:00 휴게시간"
박소양산부인과의원,부산 남구 분포로 111 LG메트로시티 상가 1003-305호,,,"09:30 - 18:30
12:30 - 14:00 휴게시간",,현충일 휴무,정기휴무 (매주 일요일),,"09:30 - 18:30
12:30 - 14:00 휴게시간",,,051-612-0004,,09:30 - 13:00,산부인과,,"09:30 - 18:30
12:30 - 14:00 휴게시간","09:30 - 18:30
12:30 - 14:00 휴게시간"
서울최유라정신건강의학과의원,부산 남구 수영로 252 김계영내과건물 4층,,,14:00 - 19:30,,현충일 휴무,정기휴무 (매주 일요일),,"09:30 - 17:30
13:00 - 14:00 휴게시간",,,0507-1390-3234,,09:30 - 13:30,정신건강의학과,,"09:30 - 17:30
13:00 - 14:00 휴게시간","09:30 - 17:30
13:00 - 14:00 휴게시간"
파크사이드재활의학병원,부산 남구 유엔평화로125번길 11-10,,,,,,,,,,,051-629-8000,,,재활의학과,,,
에스산부인과의원,부산 남구 용호로 141 대현메디칼 2층 용호사거리 부산은행2층,,,09:30 - 14:00,,현충일 휴무,정기휴무 (매주 일요일),,"09:30 - 18:00
13:00 - 14:00 휴게시간",,,051-715-7977,,09:30 - 14:00,산부인과,,"09:30 - 18:00
13:00 - 14:00 휴게시간","09:30 - 18:00
13:00 - 14:00 휴게시간"
김문석피부과의원,부산 남구 용호로 134 글로리아안경,,,09:00 - 17:00,,현충일 휴무,정기휴무 (매주 일요일),,09:00 - 17:00,,,051-624-1612,,09:00 - 12:30,피부과,,09:00 - 17:00,09:00 - 17:00
위대한의원,부산 남구 용호로 91 휴렉스,,,08:00 - 18:00,,현충일 휴무,정기휴무 (매주 일요일),,08:00 - 18:00,,,051-711-6688,,08:00 - 15:00,내과,,08:00 - 18:00,08:00 - 18:00
부산대연 리아한의원,부산 남구 수영로 244 남천빌딩 3층,,,"10:00 - 21:00
13:00 - 14:00 휴게시간",,현충일 휴무,정기휴무 (매주 일요일),,"10:00 - 21:00
13:00 - 14:00 휴게시간",,,0507-1359-4975,,10:00 - 15:00,한의원,,"10:00 - 21:00
13:00 - 14:00 휴게시간","10:00 - 21:00
13:00 - 14:00 휴게시간"
강남비뇨기과의원,부산 남구 수영로 31,,,"09:00 - 18:00
13:00 - 14:00 휴게시간",,,정보없음,,"09:00 - 18:00
13:00 - 14:00 휴게시간","09:00 - 18:00
13:00 - 14:00 휴게시간",,051-646-6464,,09:00 - 12:30,비뇨의학과,,"09:00 - 18:00
13:00 - 14:00 휴게시간
접기","09:00 - 18:00
13:00 - 14:00 휴게시간"
천지인한의원,부산 남구 수영로 213 천지인 한의원,,,"09:00 - 18:00
13:00 - 14:00 휴게시간
17:30 접수마감",,,정기휴무 (매주 일요일),,"09:00 - 18:00
13:00 - 14:00 휴게시간
17:30 접수마감","09:00 - 14:00
13:30 접수마감",,051-791-1075,,"09:00 - 14:00
13:30 접수마감",한의원,,"09:00 - 14:00
13:30 접수마감","09:00 - 18:00
13:00 - 14:00 휴게시간
17:30 접수마감"
유솜마취통증의학과의원,부산 남구 수영로 260 백리명가 (남천메디컬) 7층,,,"14:00 - 21:00
20:30 접수마감",,현충일 휴무,정기휴무 (매주 일요일),,"09:30 - 18:00
13:00 - 14:00 휴게시간
17:30 접수마감",,,0507-1330-4114,,"09:30 - 13:00
12:30 접수마감",마취통증의학과,,"09:30 - 18:00
13:00 - 14:00 휴게시간
17:30 접수마감","09:30 - 18:00
13:00 - 14:00 휴게시간
17:30 접수마감"
대연정형외과의원,부산 남구 수영로 225-1,,,"09:00 - 18:30
13:00 - 14:30 휴게시간",,,정기휴무 (매주 일요일),,"09:00 - 18:30
13:00 - 14:30 휴게시간","09:00 - 18:30
13:00 - 14:30 휴게시간",,051-914-1234,,09:00 - 13:00,정형외과,,"09:00 - 18:30
13:00 - 14:30 휴게시간
접기","09:00 - 18:30
13:00 - 14:30 휴게시간"
시온치과의원 대연점,부산 남구 수영로 230,,,"09:30 - 18:30
13:00 - 14:30 휴게시간",,현충일 휴무,정기휴무 (매주 일요일),,"09:30 - 18:30
13:00 - 14:30 휴게시간",,,0507-1419-2822,,09:30 - 14:00,치과,,"09:30 - 18:30
13:00 - 14:30 휴게시간","09:30 - 18:30
13:00 - 14:30 휴게시간"
리즈정신건강의학과의원,부산 남구 수영로 182-1 리즈메디컬 4층,,,14:00 - 18:30,,현충일 휴무,정기휴무 (매주 일요일),,"09:30 - 18:30
12:30 - 14:00 휴게시간",,,051-639-3399,,09:30 - 13:00,정신건강의학과,,"09:30 - 18:30
12:30 - 14:00 휴게시간","09:30 - 18:30
12:30 - 14:00 휴게시간"
김소아청소년과의원,부산 남구 우암로 67-2 김소아과의원,,,"09:30 - 18:00
13:00 - 14:30 휴게시간",,,정기휴무 (매주 일요일),,"09:30 - 18:00
13:00 - 14:30 휴게시간","09:30 - 18:00
13:00 - 14:30 휴게시간",,051-645-8988,,09:30 - 13:00,소아청소년과,,"14:00 - 18:00
접기","09:30 - 18:00
13:00 - 14:30 휴게시간"
조진수소아청소년과의원,부산 남구 용호로 200 신홍규정형외과,,,"09:00 - 18:00
12:30 - 14:00 휴게시간",,현충일 휴무,정기휴무 (매주 일요일),,"09:00 - 18:00
12:30 - 14:00 휴게시간",,,051-625-9933,,정기휴무 (매주 토요일),소아청소년과,,"09:00 - 18:00
12:30 - 14:00 휴게시간","09:00 - 18:00
12:30 - 14:00 휴게시간"
고마워한의원,부산 남구 수영로 295 5층,,,"10:00 - 21:00
13:00 - 14:00 휴게시간
17:30 - 18:00 휴게시간",,12:00 - 19:30,정기휴무 (매주 일요일),,"10:00 - 21:00
13:00 - 14:00 휴게시간
17:30 - 18:00 휴게시간",,,0507-1474-0302,,"10:00 - 17:30
13:00 - 14:00 휴게시간",한의원,,정기휴무 (매주 목요일),"10:00 - 21:00
13:00 - 14:00 휴게시간
17:30 - 18:00 휴게시간"
심플치과의원,부산 남구 수영로 299 루미너스타워 6층,,,"09:30 - 18:30
13:00 - 14:30 휴게시간",,현충일 휴무,정기휴무 (매주 일요일),,"09:30 - 18:30
13:00 - 14:30 휴게시간",,,0507-1490-0161,,09:30 - 14:00,치과,,"09:30 - 18:30
13:00 - 14:30 휴게시간","09:30 - 18:30
13:00 - 14:30 휴게시간"
손내과의원,부산 남구 석포로 123,,,"09:30 - 18:30
12:30 - 14:00 휴게시간",,현충일09:30 - 13:00,정기휴무 (매주 일요일),,"09:30 - 18:30
12:30 - 14:00 휴게시간",,,051-627-2626,,09:30 - 13:00,내과,,"09:30 - 18:30
12:30 - 14:00 휴게시간
접기","09:30 - 18:30
12:30 - 14:00 휴게시간"
구자현비뇨기과의원,부산 남구 수영로 298 대연동 산암빌딩 3층,,,"09:30 - 18:00
13:00 - 14:00 휴게시간",,현충일 휴무,정기휴무 (매주 일요일),,"09:30 - 18:00
13:00 - 14:00 휴게시간",,,051-625-2288,,09:30 - 13:00,비뇨의학과,,"09:30 - 18:00
13:00 - 14:00 휴게시간","09:30 - 18:00
13:00 - 14:00 휴게시간"
이강룡내과의원,부산 남구 용호로 213,,,"09:00 - 18:00
12:30 - 14:00 휴게시간",,현충일 휴무,정기휴무 (매주 일요일),,"09:00 - 18:00
12:30 - 14:00 휴게시간",,,051-627-7474,,09:00 - 13:00,내과,,"09:00 - 18:00
12:30 - 14:00 휴게시간","09:00 - 18:00
12:30 - 14:00 휴게시간"
올바른신경외과의원,부산 남구 수영로 184,,,"09:30 - 19:00
13:00 - 14:00 휴게시간",,현충일 휴무,정기휴무 (매주 일요일),,"09:30 - 19:00
13:00 - 14:00 휴게시간",,,051-715-8212,,09:30 - 13:30,신경외과,,"09:30 - 19:00
13:00 - 14:00 휴게시간","09:30 - 19:00
13:00 - 14:00 휴게시간"
천용준정신건강의학과의원,부산 남구 용호로 50 범양빌딩 4층,,,"09:30 - 18:30
13:00 - 14:30 휴게시간",,현충일 휴무,정기휴무 (매주 일요일),,"09:30 - 18:30
13:00 - 14:30 휴게시간",,,0507-1312-1155,,09:00 - 14:00,정신건강의학과,,"09:30 - 18:30
13:00 - 14:30 휴게시간","09:30 - 18:30
13:00 - 14:30 휴게시간"
대연어린이치과의원,부산 남구 수영로 324 리마크빌대연 2층 205호,,,,휴무,현충일 휴무,정기휴무 (매주 일요일),,,,휴무,051-791-1275,,"09:00 - 13:30
12:30 접수마감",치과,휴무,,"10:00 - 18:30
12:30 - 14:00 휴게시간
11:30, 17:30 접수마감"
드림패밀리치과의원,부산 남구 용호로 54,,,"09:30 - 18:00
13:00 - 14:30 휴게시간
17:30 접수마감",,현충일 휴무,정기휴무 (매주 일요일),,"09:30 - 18:00
13:00 - 14:30 휴게시간
17:30 접수마감",,,051-622-2875,,"09:30 - 14:00
13:30 접수마감",치과,,"09:30 - 18:00
13:00 - 14:30 휴게시간
17:30 접수마감","09:30 - 18:00
13:00 - 14:30 휴게시간
17:30 접수마감"
봉생힐링병원,부산 남구 양지골로 241,,,"08:30 - 17:00
12:30 - 13:30 휴게시간
16:30 접수마감",,현충일 휴무,정기휴무 (매주 일요일),,"08:30 - 17:30
12:30 - 13:30 휴게시간
17:00 접수마감",,,051-668-6000,,"08:30 - 12:30
12:00 접수마감","병원,의원",,"08:30 - 17:00
12:30 - 13:30 휴게시간
16:30 접수마감","08:30 - 17:00
12:30 - 13:30 휴게시간
16:30 접수마감"
이외과의원,부산 남구 용호로 227,,,"09:00 - 18:00
13:00 - 14:00 휴게시간",,현충일 휴무,정기휴무 (매주 일요일),,"09:00 - 18:00
13:00 - 14:00 휴게시간",,,051-628-8176,,09:00 - 12:30,외과,,"09:00 - 18:00
13:00 - 14:00 휴게시간","09:00 - 18:00
13:00 - 14:00 휴게시간"
대명치과의원,"부산 남구 못골로 87 대연스퀘어 A동 3층 301, 302호",,,10:00 - 19:00,,현충일 휴무,정기휴무 (매주 일요일),,10:00 - 19:00,,,0507-1443-2506,,09:30 - 13:30,치과,,10:00 - 21:00,10:00 - 19:00
성소치과의원,부산 남구 수영로 175 SMG빌딩,,,"09:30 - 18:30
12:30 - 14:00 휴게시간",,현충일 휴무,정기휴무 (매주 일요일),,"09:30 - 18:30
12:30 - 14:00 휴게시간",,,0507-1373-0275,,09:30 - 13:00,치과,,"09:30 - 18:30
12:30 - 14:00 휴게시간","09:30 - 18:30
12:30 - 14:00 휴게시간"
대연균형한의원,부산 남구 진남로 4 대연베델메디컬빌딩 2층,,,"09:00 - 21:00
12:30 - 14:00 휴게시간
12:00, 20:30 접수마감",,"현충일09:00 - 17:00
12:30 - 14:00 휴게시간","09:00 - 17:00
12:30 - 14:00 휴게시간
12:00, 16:30 접수마감",,"09:00 - 21:00
12:30 - 14:00 휴게시간
12:00, 20:30 접수마감",,,0507-1430-1075,,"09:00 - 17:00
12:30 - 14:00 휴게시간
12:00, 16:30 접수마감",한의원,,"09:00 - 21:00
12:30 - 14:00 휴게시간
12:00, 20:30 접수마감
접기","09:00 - 21:00
12:30 - 14:00 휴게시간
12:00, 20:30 접수마감"
이든정신건강의학과의원,부산 남구 수영로 260 백리명가에덴 상가 6층 612호,,,"09:30 - 18:30
12:30 - 14:00 휴게시간
17:30 접수마감",,현충일 휴무,정기휴무 (매주 일요일),,정기휴무 (매주 월요일),,,0507-1426-1077,,"09:00 - 13:30
12:30 접수마감",정신건강의학과,,"09:30 - 18:30
12:30 - 14:00 휴게시간
17:30 접수마감","09:30 - 18:30
12:30 - 14:00 휴게시간
17:30 접수마감"
서울프라임치과의원,부산 남구 수영로 228,,,"09:30 - 18:30
12:30 - 14:00 휴게시간",,현충일 휴무,정기휴무 (매주 일요일),,"09:30 - 18:30
12:30 - 14:00 휴게시간",,,051-642-1876,,09:30 - 13:00,치과,,09:30 - 12:30,"09:30 - 18:30
12:30 - 14:00 휴게시간"
뷰티스마일치과의원,부산 남구 수영로325번길 11 마로니에타운 3층 뷰티스마일치과의원,,,"10:00 - 18:30
13:00 - 14:30 휴게시간
18:00 접수마감","10:00 - 18:30
13:00 - 14:30 휴게시간",현충일 휴무,정기휴무 (매주 일요일),,,,,0507-1406-2804,,"10:00 - 14:00
13:30 접수마감",치과,휴무,,"10:00 - 18:30
13:00 - 14:30 휴게시간
18:00 접수마감"
심은희내과의원,부산 남구 수영로 241 위대항병원 건물 3층,,,"09:00 - 18:00
13:00 - 14:00 휴게시간",,현충일 휴무,정기휴무 (매주 일요일),,"09:00 - 18:00
13:00 - 14:00 휴게시간",,,051-928-3301,,09:00 - 13:00,내과,,"09:00 - 18:00
13:00 - 14:00 휴게시간","09:00 - 18:00
13:00 - 14:00 휴게시간"
레진치과의원,부산 남구 용호로 48 2층,,,"10:00 - 19:00
13:00 - 14:00 휴게시간
12:30, 18:30 접수마감",,현충일 휴무,정기휴무 (매주 일요일),,"12:00 - 21:00
17:00 - 18:00 휴게시간
16:30, 20:30 접수마감",,,051-959-1000,,정기휴무 (매주 토요일),치과,,"12:00 - 21:00
17:00 - 18:00 휴게시간
16:30, 20:30 접수마감","10:00 - 19:00
13:00 - 14:00 휴게시간
12:30, 18:30 접수마감"
약손한의원,부산 남구 분포로 61 빌리브센트로 A동 215호,,,"09:30 - 19:00
12:30 - 14:00 휴게시간
18:30 접수마감",,현충일 휴무,정기휴무 (매주 일요일),,"09:30 - 19:00
12:30 - 14:00 휴게시간
18:30 접수마감",,,0507-1471-7503,,"09:30 - 14:00
13:30 접수마감",한의원,,"14:00 - 19:00
18:30 접수마감","09:30 - 19:00
12:30 - 14:00 휴게시간
18:30 접수마감"
인창대연요양병원,부산 남구 수영로 164,,,"08:30 - 17:30
12:30 - 13:30 휴게시간",,현충일 휴무,정기휴무 (매주 일요일),,"08:30 - 17:30
12:30 - 13:30 휴게시간",,,051-774-1004,,정기휴무 (매주 토요일),요양병원,,"08:30 - 17:30
12:30 - 13:30 휴게시간","08:30 - 17:30
12:30 - 13:30 휴게시간"
로덴치과의원,부산 남구 분포로 113 엘지메트로시티주상가 1005동 302호,,,"09:40 - 18:30
12:30 - 14:00 휴게시간",,현충일 휴무,정기휴무 (매주 일요일),,"09:40 - 18:30
12:30 - 14:00 휴게시간",,,0507-1310-1928,,09:40 - 13:00,치과,,"09:40 - 18:30
12:30 - 14:00 휴게시간","09:40 - 18:30
12:30 - 14:00 휴게시간"
최원복소아청소년과의원,부산 남구 수영로 323 태강프라자 2층 201호 최원복소아청소년과,,,09:00 - 18:00,,현충일 휴무,정기휴무 (매주 일요일),,정기휴무 (매주 월요일),,,051-628-7711,,"09:00 - 17:00
12:30 - 13:30 휴게시간",소아청소년과,,09:00 - 18:00,09:00 - 18:00
조용현안과,부산 남구 수영로 198-1,,,,,,,,,,,No phone number available,,,안과,,,
명인이플란트치과의원,부산 남구 수영로 223 1층,,,"09:30 - 19:00
13:00 - 14:30 휴게시간",,현충일 휴무,정기휴무 (매주 일요일),,"09:30 - 21:00
13:00 - 14:30 휴게시간",,,0507-1359-2870,,09:30 - 14:00,치과,,"09:30 - 21:00
13:00 - 14:30 휴게시간","09:30 - 19:00
13:00 - 14:30 휴게시간"
부산성모병원 응급실,부산 남구 용호로232번길 25-14 부산성모병원,,,,,,,"00:00 - 24:00
접기",,,,051-933-7119,,,응급실,,,
안무경가정의학과의원,부산 남구 유엔평화로 152-2 한신문화타운상가 208~209호,,,"09:00 - 16:00
12:30 - 14:00 휴게시간",,현충일 휴무,정기휴무 (매주 일요일),,"09:00 - 17:40
12:30 - 14:00 휴게시간",,,051-626-3030,,09:00 - 12:30,가정의학과,,"09:00 - 17:40
12:30 - 14:00 휴게시간","09:00 - 17:40
12:30 - 14:00 휴게시간"
슬기로운내과의원,부산 남구 고동골로 16 2층,,,"08:30 - 18:00
13:00 - 14:00 휴게시간",,현충일 휴무,정기휴무 (매주 일요일),,"08:30 - 18:00
13:00 - 14:00 휴게시간",,,051-645-3388,,08:30 - 14:00,내과,,"08:30 - 18:00
13:00 - 14:00 휴게시간","08:30 - 18:00
13:00 - 14:00 휴게시간"
부산성모병원 장례식장,부산 남구 고동골로 16 2층,,,,,,,,,,,051-933-7480,,,장례식장,,,
장주경치과의원,부산 남구 수영로 330 신화빌딩,,,"09:30 - 18:30
12:30 - 14:00 휴게시간",,현충일 휴무,정기휴무 (매주 일요일),,"09:30 - 18:30
12:30 - 14:00 휴게시간",,,051-626-7972,,09:30 - 13:30,치과,,"09:30 - 18:30
12:30 - 14:00 휴게시간","09:30 - 18:30
12:30 - 14:00 휴게시간"
더블유한의원,부산 남구 분포로 145 W스퀘어 1113호,,,10:00 - 15:00,,현충일 휴무,정기휴무 (매주 일요일),,"10:00 - 19:00
13:00 - 14:00 휴게시간",,,051-711-8575,,10:00 - 15:00,한의원,,"10:00 - 19:00
13:00 - 14:00 휴게시간","10:00 - 19:00
13:00 - 14:00 휴게시간"
광덕안정한의원 부산대연점,"부산 남구 용소로 5 2, 5, 6층",,,"08:00 - 21:00
13:00 - 14:00 휴게시간
20:20 접수마감",,"현충일08:00 - 17:00
13:00 - 14:00 휴게시간","08:00 - 17:00
13:00 - 14:00 휴게시간
16:20 접수마감",,"08:00 - 21:00
13:00 - 14:00 휴게시간
20:20 접수마감",,,051-714-2475,,"08:00 - 17:00
13:00 - 14:00 휴게시간
16:20 접수마감",한의원,,"08:00 - 21:00
13:00 - 14:00 휴게시간
20:20 접수마감","08:00 - 21:00
13:00 - 14:00 휴게시간
20:20 접수마감"
새롬이비인후과의원,부산 남구 수영로 230 이상원정형외과,,,"09:00 - 18:30
12:30 - 14:00 휴게시간",,현충일 휴무,정기휴무 (매주 일요일),,"09:00 - 18:30
12:30 - 14:00 휴게시간",,,0507-1433-7576,,09:00 - 13:00,이비인후과,,"09:00 - 18:30
12:30 - 14:00 휴게시간","09:00 - 18:30
12:30 - 14:00 휴게시간"
그랜드치과의원,부산 남구 동명로 139,,,"09:30 - 18:30
13:00 - 14:00 휴게시간",,현충일 휴무,정기휴무 (매주 일요일),,"09:30 - 18:30
13:00 - 14:00 휴게시간",,,051-264-2875,,09:30 - 13:30,치과,,"09:30 - 18:30
13:00 - 14:00 휴게시간","09:30 - 18:30
13:00 - 14:00 휴게시간"
본드림한의원,부산 남구 수영로 345 3층,,,"10:00 - 20:00
12:30 - 14:00 휴게시간",,현충일 휴무,정기휴무 (매주 일요일),,,,,051-741-7588,,10:00 - 14:00,한의원,휴무,"10:00 - 18:00
12:30 - 14:00 휴게시간","10:00 - 18:00
12:30 - 14:00 휴게시간"
신세종피부비뇨기과의원,부산 남구 수영로 203 대연 메디칼센터,,,"09:00 - 18:30
12:30 - 14:00 휴게시간",,현충일 휴무,정기휴무 (매주 일요일),,"09:00 - 18:30
12:30 - 14:00 휴게시간",,,051-628-8017,,09:00 - 13:00,비뇨의학과,,"09:00 - 18:30
12:30 - 14:00 휴게시간","09:00 - 18:30
12:30 - 14:00 휴게시간"
서울리더스치과의원,부산 남구 문현금융로 40 부산국제금융센터 BIFC몰상가 302호,,,"09:30 - 19:00
13:00 - 14:30 휴게시간",,현충일 휴무,정기휴무 (매주 일요일),,"09:30 - 19:00
13:00 - 14:30 휴게시간",,,051-637-2879,,09:30 - 13:00,치과,,"09:30 - 19:00
13:00 - 14:30 휴게시간","09:30 - 19:00
13:00 - 14:30 휴게시간"
김영수내과의원,부산 남구 수영로 209 일동 지에닌 상가2층,,,"09:00 - 18:30
13:00 - 14:00 휴게시간",,현충일 휴무,정기휴무 (매주 일요일),,"09:00 - 18:30
13:00 - 14:00 휴게시간",,,051-611-6151,,09:00 - 14:00,내과,,"09:00 - 18:30
13:00 - 14:00 휴게시간","09:00 - 18:30
13:00 - 14:00 휴게시간"
산삼한의원,부산 남구 수영로 260 남천메디컬 대연백리명가 6층,,,"09:10 - 20:30
13:00 - 14:00 휴게시간
20:00 접수마감",,현충일09:10 - 15:00,"09:10 - 15:00
14:30 접수마감",,"09:10 - 20:30
13:00 - 14:00 휴게시간
20:00 접수마감",,,0507-1470-1077,,"09:10 - 15:00
14:30 접수마감",한의원,,"09:10 - 20:30
13:00 - 14:00 휴게시간
20:00 접수마감","09:10 - 20:30
13:00 - 14:00 휴게시간
20:00 접수마감"
박창수한의원,부산 남구 고동골로 8,,,"09:00 - 20:30
13:00 - 14:30 휴게시간
18:30 - 19:30 휴게시간",,,정기휴무 (매주 일요일),,"09:00 - 18:00
13:00 - 14:30 휴게시간","09:00 - 18:00
13:00 - 14:30 휴게시간",,051-636-1059,,"09:00 - 16:30
13:00 - 14:30 휴게시간",한의원,,"정기휴무 (매주 목요일)
접기","09:00 - 18:00
13:00 - 14:30 휴게시간"
이좋은45치과의원,부산 남구 수영로 163 삼화메디컬타워 6층,,,"09:30 - 21:00
13:00 - 14:30 휴게시간",,현충일 휴무,정기휴무 (매주 일요일),,"09:30 - 18:30
13:00 - 14:30 휴게시간",,,051-711-2845,,09:30 - 13:00,치과,,정기휴무 (매주 목요일),"09:30 - 18:30
13:00 - 14:30 휴게시간"
e라인치과의원,부산 남구 수영로 299 대한결핵협회 남부지회 7층,,,정기휴무 (매주 수요일),,현충일 휴무,정기휴무 (매주 일요일),,"10:30 - 19:00
13:00 - 14:30 휴게시간
18:00 접수마감",,,051-612-2885,,"10:00 - 14:00
13:00 접수마감",치과,,"10:30 - 19:00
13:00 - 14:30 휴게시간
18:00 접수마감","10:30 - 19:00
13:00 - 14:30 휴게시간
18:00 접수마감"
김정태정형외과의원,부산 남구 수영로 230,,,"09:00 - 18:00
13:00 - 14:00 휴게시간
17:15 접수마감",,현충일 휴무,정기휴무 (매주 일요일),,"09:00 - 18:00
13:00 - 14:00 휴게시간
17:15 접수마감",,,051-628-1997,,"09:00 - 13:00
12:15 접수마감",정형외과,,"09:00 - 18:00
13:00 - 14:00 휴게시간
17:15 접수마감","09:00 - 18:00
13:00 - 14:00 휴게시간
17:15 접수마감"
신진근이비인후과의원,부산 남구 분포로 113 엘지메트로시티 주2상가 3층 303호,,,14:00 - 18:30,,현충일 휴무,정기휴무 (매주 일요일),,"09:00 - 18:30
12:30 - 14:00 휴게시간",,,051-612-5075,,09:00 - 13:00,이비인후과,,"09:00 - 18:30
12:30 - 14:00 휴게시간","09:00 - 18:30
12:30 - 14:00 휴게시간"
새로운치과의원,부산 남구 수영로 195-5,,,"09:30 - 21:00
13:00 - 14:30 휴게시간",,현충일 휴무,정기휴무 (매주 일요일),,"09:30 - 21:00
13:00 - 14:30 휴게시간",,,051-633-2804,,09:30 - 13:00,치과,,"09:30 - 19:00
13:00 - 14:30 휴게시간","09:30 - 19:00
13:00 - 14:30 휴게시간"
새이치과의원,부산 남구 석포로 76,,,"09:30 - 18:30
13:00 - 14:00 휴게시간",,현충일 휴무,정기휴무 (매주 일요일),,"09:30 - 18:30
13:00 - 14:00 휴게시간",,,0507-1331-2825,,09:30 - 13:30,치과,,"09:30 - 18:30
13:00 - 14:00 휴게시간","09:30 - 18:30
13:00 - 14:00 휴게시간"
경희서울한의원,부산 남구 용호로 173 1층,,,"09:00 - 20:00
12:30 - 14:00 휴게시간",,현충일09:00 - 15:00,09:00 - 15:00,,"09:00 - 20:00
12:30 - 14:00 휴게시간",,,051-710-7525,,09:00 - 15:00,한의원,,"09:00 - 20:00
12:30 - 14:00 휴게시간
접기","09:00 - 20:00
12:30 - 14:00 휴게시간"
참사랑의원,부산 남구 전포대로92번길 6 세일의원,,,09:00 - 18:30,,현충일 휴무,정기휴무 (매주 일요일),,09:00 - 18:30,,,051-527-3331,,09:00 - 14:00,내과,,09:00 - 18:30,09:00 - 18:30
온부부치과의원,부산 남구 용호로 159 청솔학원,,,"09:30 - 18:00
12:30 - 14:00 휴게시간",,현충일 휴무,정기휴무 (매주 일요일),,"09:30 - 19:30
12:30 - 14:00 휴게시간",,,051-611-2825,,09:30 - 13:00,치과,,"09:30 - 18:00
12:30 - 14:00 휴게시간","09:30 - 18:00
12:30 - 14:00 휴게시간"
서민정형외과의원,부산 남구 용호로 132-1 서민외과의원,,,09:00 - 12:30,,현충일 휴무,정기휴무 (매주 일요일),,"09:00 - 18:00
12:30 - 14:00 휴게시간",,,051-621-7890,,09:00 - 12:30,정형외과,,"09:00 - 18:00
12:30 - 14:00 휴게시간","09:00 - 18:00
12:30 - 14:00 휴게시간"
그린마취통증의학과의원,부산 남구 용호로 189-2 2층 그린마취통증의학과의원,,,"09:00 - 17:00
12:00 - 14:00 휴게시간",,현충일 휴무,정기휴무 (매주 일요일),,"09:00 - 17:00
12:00 - 14:00 휴게시간",,,051-611-8998,,09:00 - 12:00,마취통증의학과,,09:00 - 12:00,"09:00 - 17:00
12:00 - 14:00 휴게시간"
그랜드자연요양병원,부산 남구 황령대로 355-14,,,09:30 - 18:00,,현충일 휴무,정기휴무 (매주 일요일),,09:30 - 18:00,,,051-612-0075,,정기휴무 (매주 토요일),요양병원,,09:30 - 18:00,09:30 - 18:00
대연혁신치과의원,부산 남구 수영로 345 대연힐스테이트푸르지오,,,"09:30 - 18:00
12:30 - 14:00 휴게시간",,현충일 휴무,정기휴무 (매주 일요일),,"09:30 - 18:00
12:30 - 14:00 휴게시간",,,051-627-5657,,09:30 - 13:00,치과,,"09:30 - 18:00
12:30 - 14:00 휴게시간","09:30 - 18:00
12:30 - 14:00 휴게시간"
삐뚤한이바르게치과 교정과치과의원,부산 남구 용소로 4 동아서적빌딩 8층 삐뚤한이바르게치과교정과치과의원,,,"10:30 - 19:00
13:00 - 14:30 휴게시간
18:30 접수마감","10:30 - 19:00
13:00 - 14:30 휴게시간",현충일 휴무,정기휴무 (매주 일요일),,,,,0507-1313-2833,,"09:30 - 14:00
13:30 접수마감",치과,휴무,,"10:30 - 19:00
13:00 - 14:30 휴게시간
18:30 접수마감"
이곳치과의원,부산 남구 수영로 157,,,"10:00 - 19:00
13:00 - 14:30 휴게시간",,현충일 휴무,정기휴무 (매주 일요일),,"10:00 - 19:00
13:00 - 14:30 휴게시간",,,051-942-2875,,10:00 - 14:00,치과,,"10:00 - 19:00
13:00 - 14:30 휴게시간","10:00 - 19:00
13:00 - 14:30 휴게시간"
혜인한의원,부산 남구 수영로 256 혜인한의원,,,10:00 - 13:00,,현충일10:00 - 16:00,정기휴무 (매주 일요일),,"10:00 - 20:00
13:00 - 14:30 휴게시간",,,051-628-5213,,10:00 - 16:00,한의원,,"10:00 - 20:00
13:00 - 14:30 휴게시간
접기","10:00 - 19:00
13:00 - 14:30 휴게시간"
대연마취통증의학과의원,부산 남구 수영로 223 삼창빌딩 3층,,,09:00 - 18:00,,현충일 휴무,정기휴무 (매주 일요일),,09:00 - 18:00,,,051-628-8280,,09:00 - 14:00,마취통증의학과,,09:00 - 13:00,09:00 - 18:00
전치과의원,부산 남구 고동골로 16,,,"09:30 - 18:00
13:00 - 14:30 휴게시간",,현충일 휴무,정기휴무 (매주 일요일),,"09:30 - 18:00
13:00 - 14:30 휴게시간",,,051-635-0018,,09:30 - 12:00,치과,,14:30 - 18:00,"09:30 - 18:00
13:00 - 14:30 휴게시간"
수부부치과의원,부산 남구 수영로 298 산암빌딩,,,"09:30 - 18:00
13:00 - 14:00 휴게시간",,현충일 휴무,정기휴무 (매주 일요일),,"09:30 - 18:00
13:00 - 14:00 휴게시간",,,051-628-8020,,09:30 - 13:00,치과,,"09:30 - 18:00
13:00 - 14:00 휴게시간","09:30 - 18:00
13:00 - 14:00 휴게시간"
이만재내과의원,부산 남구 황령대로 488 이만재내과의원,,,"09:00 - 18:00
12:30 - 14:00 휴게시간",,현충일 휴무,정기휴무 (매주 일요일),,"09:00 - 18:00
12:30 - 14:00 휴게시간",,,051-622-2233,,09:00 - 13:00,내과,,"09:00 - 18:00
12:30 - 14:00 휴게시간","09:00 - 18:00
12:30 - 14:00 휴게시간"
구자영내과의원,부산 남구 수영로 182-1 3층,,,"09:00 - 18:00
13:00 - 14:00 휴게시간
17:30 접수마감",,현충일 휴무,정기휴무 (매주 일요일),,"09:00 - 18:00
13:00 - 14:00 휴게시간
17:30 접수마감",,,051-646-3345,,"09:00 - 13:00
12:30 접수마감",내과,,"09:00 - 18:00
13:00 - 14:00 휴게시간
17:30 접수마감","09:00 - 18:00
13:00 - 14:00 휴게시간
17:30 접수마감"
대연성모병원,부산 남구 황령대로353번길 66 대연성모병원,,,09:00 - 18:00,,현충일 휴무,정기휴무 (매주 일요일),,09:00 - 18:00,,,051-622-2525,,정기휴무 (매주 토요일),"병원,의원",,09:00 - 18:00,09:00 - 18:00
BH병원,부산 남구 수영로 165 BH병원,,,"09:00 - 17:30
12:30 - 13:00 휴게시간
17:00 접수마감",,현충일 휴무,정기휴무 (매주 일요일),,"09:00 - 17:30
12:30 - 13:00 휴게시간
17:00 접수마감",,,051-633-6665,,정기휴무 (매주 토요일),정신건강의학과,,"09:00 - 17:30
12:30 - 13:00 휴게시간
17:00 접수마감","09:00 - 17:30
12:30 - 13:00 휴게시간
17:00 접수마감"
유앤아이치과의원,부산 남구 수영로 33 203호,,,"09:30 - 18:30
13:00 - 14:30 휴게시간",,현충일 휴무,정기휴무 (매주 일요일),,"09:30 - 18:30
13:00 - 14:30 휴게시간",,,051-635-0035,,09:30 - 13:30,치과,,14:30 - 20:30,"09:30 - 18:30
13:00 - 14:30 휴게시간"
경희자강한의원,부산 남구 용호로160번길 4 1층 경희자강한의원,,,"09:00 - 18:00
12:30 - 14:00 휴게시간",,현충일 휴무,정기휴무 (매주 일요일),,"09:00 - 18:00
12:30 - 14:00 휴게시간",,,051-929-0030,,09:00 - 13:00,한의원,,"09:00 - 18:00
12:30 - 14:00 휴게시간","09:00 - 18:00
12:30 - 14:00 휴게시간"
세화의원,부산 남구 석포로 64,,,09:00 - 18:30,,현충일09:00 - 13:30,정기휴무 (매주 일요일),,09:00 - 18:30,,,051-632-4392,,09:00 - 13:30,"병원,의원",,"09:00 - 18:30
접기",09:00 - 18:30
하이미소치과의원,부산 남구 분포로 115 A동 204호,,,정기휴무 (매주 수요일),,현충일 휴무,정기휴무 (매주 일요일),,정기휴무 (매주 월요일),,,051-802-1007,,"09:30 - 15:30
15:00 접수마감",치과,,"09:30 - 19:00
13:00 - 14:20 휴게시간
18:30 접수마감","09:30 - 19:00
13:00 - 14:20 휴게시간
18:30 접수마감"
참좋은치과의원,"부산 남구 수영로 204 1층, 2층",,,"09:30 - 18:30
12:30 - 14:00 휴게시간
17:30 접수마감",,현충일 휴무,정기휴무 (매주 일요일),,"09:30 - 18:30
12:30 - 14:00 휴게시간
17:30 접수마감",,,051-622-7575,,"09:30 - 14:00
13:00 접수마감",치과,,"09:30 - 21:00
12:30 - 14:00 휴게시간
20:00 접수마감","09:30 - 18:30
12:30 - 14:00 휴게시간
17:30 접수마감"
박홍석이비인후과의원,부산 남구 수영로 203,,,"09:00 - 18:00
13:00 - 14:00 휴게시간",,현충일 휴무,정기휴무 (매주 일요일),,"09:00 - 18:00
13:00 - 14:00 휴게시간",,,0507-1309-9517,,09:00 - 13:00,이비인후과,,"09:00 - 18:00
13:00 - 14:00 휴게시간","09:00 - 18:00
13:00 - 14:00 휴게시간"
뷰티플란트치과의원,부산 남구 수영로 169 션샤인DR시티 501호,,10:00 - 12:00,,,현충일 휴무,정기휴무 (매주 일요일),,,,14:00 - 21:00,051-715-2879,,,치과,휴무,"09:30 - 18:30
13:00 - 14:00 휴게시간","09:30 - 18:30
13:00 - 14:00 휴게시간"
윌리스요양병원,부산 남구 수영로 185-7 원곡빌딩,,,"09:00 - 18:00
12:30 - 13:30 휴게시간",,,정보없음,,"09:00 - 18:00
12:30 - 13:30 휴게시간","09:00 - 18:00
12:30 - 13:30 휴게시간",,051-638-7575,,09:00 - 12:00,요양병원,,"09:00 - 18:00
12:30 - 13:30 휴게시간
접기","09:00 - 18:00
12:30 - 13:30 휴게시간"
W치과의원,부산 남구 수영로 323 4층 402호 더블유치과,,,13:00 - 20:00,,현충일 휴무,정기휴무 (매주 일요일),,13:00 - 20:00,,,0507-1407-2842,,정기휴무 (매주 토요일),치과,,13:00 - 20:00,13:00 - 20:00
강동섭소아과의원,부산 남구 수영로 37,,,"09:00 - 18:00
13:00 - 14:00 휴게시간",,현충일 휴무,정기휴무 (매주 일요일),,"09:00 - 18:00
13:00 - 14:00 휴게시간",,,051-634-9305,,정기휴무 (매주 토요일),소아청소년과,,"09:00 - 18:00
13:00 - 14:00 휴게시간","09:00 - 18:00
13:00 - 14:00 휴게시간"
다솜부부치과의원,부산 남구 용호로 50,,,정기휴무 (매주 수요일),,현충일 휴무,정기휴무 (매주 일요일),,"09:30 - 18:00
12:30 - 14:00 휴게시간",,,051-626-2879,,09:30 - 13:00,치과,,"09:30 - 18:00
12:30 - 14:00 휴게시간","09:30 - 18:00
12:30 - 14:00 휴게시간"
김진규내과의원,부산 남구 고동골로78번길 12 동일약국,,,09:00 - 18:30,,현충일09:00 - 13:00,정기휴무 (매주 일요일),,09:00 - 18:30,,,0507-1314-7666,,09:00 - 14:00,내과,,"09:00 - 18:30
접기",09:00 - 18:30
새라새요양병원,부산 남구 석포로26번길 17,,,09:00 - 17:00,,현충일 휴무,정보없음,,09:00 - 17:00,,,051-628-6005,,09:00 - 12:00,요양병원,,09:00 - 17:00,09:00 - 17:00
정다운치과의원,부산 남구 황령대로319번가길 194 부산은행,,,"09:30 - 18:30
13:00 - 14:30 휴게시간",,현충일 휴무,정기휴무 (매주 일요일),,"09:30 - 18:30
13:00 - 14:30 휴게시간",,,051-626-2882,,09:30 - 13:00,치과,,"09:30 - 18:30
13:00 - 14:30 휴게시간","09:30 - 18:30
13:00 - 14:30 휴게시간"
바른얼굴덕치과의원,부산 남구 수영로 261 제401동 208호~209호,,,10:00 - 14:00,,현충일 휴무,정기휴무 (매주 일요일),,"10:00 - 19:00
13:00 - 14:00 휴게시간",,,051-623-2080,,10:00 - 14:00,치과,,"10:00 - 20:00
13:00 - 14:00 휴게시간","10:00 - 19:00
13:00 - 14:00 휴게시간"
대연의원,부산 남구 수영로 256 혜인한의원 빌딩 2층 대연의원,,,"09:30 - 17:30
12:30 - 13:30 휴게시간",,현충일 휴무,정기휴무 (매주 일요일),,"09:30 - 17:30
12:30 - 13:30 휴게시간",,,051-624-0607,,09:00 - 12:00,"병원,의원",,"09:30 - 17:30
12:30 - 13:30 휴게시간","09:30 - 17:30
12:30 - 13:30 휴게시간"
가나병원,부산 남구 유엔평화로 156,,,09:00 - 17:30,,현충일 휴무,정기휴무 (매주 일요일),,09:00 - 17:30,,,051-624-6666,,정기휴무 (매주 토요일),"병원,의원",,09:00 - 17:30,09:00 - 17:30
동재비뇨기과의원,부산 남구 용호로 144 정효경치과,,,"09:30 - 18:00
12:30 - 14:00 휴게시간",,현충일 휴무,정기휴무 (매주 일요일),,"09:30 - 18:00
12:30 - 14:00 휴게시간",,,051-627-8825,,09:30 - 13:00,비뇨의학과,,"09:30 - 18:00
12:30 - 14:00 휴게시간","09:30 - 18:00
12:30 - 14:00 휴게시간"
스마일365한의원,부산 남구 수영로 201 2층,,,"09:00 - 20:00
13:00 - 14:00 휴게시간",,현충일09:00 - 20:00,09:00 - 14:00,,"09:00 - 20:00
13:00 - 14:00 휴게시간",,,051-715-7585,,09:00 - 14:00,한의원,,"09:00 - 20:00
13:00 - 14:00 휴게시간
접기","09:00 - 20:00
13:00 - 14:00 휴게시간"
성찬의원,부산 남구 용호로 129 두산빌딩,,,"09:00 - 18:00
12:40 - 14:00 휴게시간",,현충일 휴무,정기휴무 (매주 일요일),,"09:00 - 18:00
12:40 - 14:00 휴게시간",,,051-625-8575,,09:00 - 12:00,내과,,09:00 - 12:00,"09:00 - 18:00
12:40 - 14:00 휴게시간"
용당요양병원,부산 남구 신선로 429,,,09:00 - 18:00,,현충일 휴무,정기휴무 (매주 일요일),,09:00 - 18:00,,,051-625-3001,,09:00 - 13:00,요양병원,,09:00 - 18:00,09:00 - 18:00
장수촌한의원,부산 남구 분포로 113 엘지메트로시티,,,"09:00 - 18:30
12:30 - 14:00 휴게시간",,현충일 휴무,정기휴무 (매주 일요일),,"09:00 - 18:30
12:30 - 14:00 휴게시간",,,051-612-5353,,09:00 - 13:00,한의원,,"09:00 - 18:30
12:30 - 14:00 휴게시간","09:00 - 18:30
12:30 - 14:00 휴게시간"
레전드이비인후과의원,부산 남구 수영로 151-1 3층,,,"09:00 - 18:30
12:30 - 14:00 휴게시간",,현충일 휴무,정기휴무 (매주 일요일),,,,,051-635-5075,,09:00 - 13:00,이비인후과,휴무,14:00 - 18:30,"09:00 - 18:30
12:30 - 14:00 휴게시간"
최계두내과의원,부산 남구 수영로 203 대연메디컬센터,,,"09:00 - 18:00
17:30 접수마감",,현충일 휴무,정기휴무 (매주 일요일),,"09:00 - 18:00
17:30 접수마감",,,051-621-0603,,"09:00 - 12:00
11:30 접수마감",내과,,"09:00 - 18:00
17:30 접수마감","09:00 - 18:00
17:30 접수마감"
대연맑은내과의원,부산 남구 수영로 233 11층,,,"09:00 - 18:30
12:30 - 13:30 휴게시간
18:20 접수마감",,"현충일09:00 - 14:00
12:30 - 13:30 휴게시간",정기휴무 (매주 일요일),,"09:00 - 18:30
12:30 - 13:30 휴게시간
18:20 접수마감",,,051-715-8277,,"09:00 - 14:00
12:30 - 13:30 휴게시간
13:50 접수마감",내과,,"09:00 - 18:30
12:30 - 13:30 휴게시간
18:20 접수마감
접기","09:00 - 18:30
12:30 - 13:30 휴게시간
18:20 접수마감"
고려치과의원,부산 남구 유엔평화로3번길 5 1층,,,"09:00 - 17:40
12:00 - 13:30 휴게시간",,현충일 휴무,정기휴무 (매주 일요일),,"09:00 - 17:40
12:00 - 13:30 휴게시간",,,0507-1407-0142,,09:00 - 12:40,치과,,"09:00 - 17:40
12:00 - 13:30 휴게시간","09:00 - 17:40
12:00 - 13:30 휴게시간"
미치과,부산 남구 수영로 323,,,14:00 - 17:00,,현충일 휴무,정기휴무 (매주 일요일),,10:00 - 18:30,,,051-628-6111,,10:00 - 13:00,치과,,10:00 - 18:30,10:00 - 18:30
우암치과의원,부산 남구 우암로 148 부산은행,,,"09:00 - 18:00
13:00 - 14:00 휴게시간",,현충일 휴무,정기휴무 (매주 일요일),,"09:00 - 18:00
13:00 - 14:00 휴게시간",,,051-637-2875,,09:00 - 13:00,치과,,14:00 - 20:00,"09:00 - 18:00
13:00 - 14:00 휴게시간"
대연힐정신건강의학과의원,부산 남구 수영로 295 503호,,,14:00 - 18:30,,현충일 휴무,정기휴무 (매주 일요일),,"09:30 - 18:30
12:30 - 14:00 휴게시간",,,0507-1357-9030,,09:30 - 13:00,정신건강의학과,,"09:30 - 18:30
12:30 - 14:00 휴게시간","09:30 - 18:30
12:30 - 14:00 휴게시간"
못골이비인후과의원,부산 남구 수영로 206 2층,,,09:00 - 18:30,,현충일 휴무,정기휴무 (매주 일요일),,09:00 - 18:30,,,0507-1460-0936,,"09:00 - 13:00
13:00 - 14:00 휴게시간",이비인후과,,09:00 - 18:30,09:00 - 18:30
청담한의원,부산 남구 용호로 54 대영빌딩 4층 청담 한의원,,,"09:00 - 20:00
13:00 - 14:00 휴게시간
12:00, 19:00 접수마감",,현충일 휴무,정기휴무 (매주 일요일),,"09:00 - 19:00
13:00 - 14:00 휴게시간
12:00, 18:00 접수마감",,,051-627-7514,,"09:00 - 13:00
12:00 접수마감",한의원,,"09:00 - 19:00
13:00 - 14:00 휴게시간
12:00, 18:00 접수마감","09:00 - 19:00
13:00 - 14:00 휴게시간
12:00, 18:00 접수마감"
마디튼튼프롤러의원,부산 남구 수영로 182-1,,,"09:00 - 18:00
13:00 - 14:00 휴게시간
17:30 접수마감",,현충일 휴무,정기휴무 (매주 일요일),,"09:00 - 18:00
13:00 - 14:00 휴게시간
17:30 접수마감",,,051-638-7582,,"09:00 - 13:00
12:30 접수마감","병원,의원",,"09:00 - 18:00
13:00 - 14:00 휴게시간
17:30 접수마감","09:00 - 18:00
13:00 - 14:00 휴게시간
17:30 접수마감"
이수근정신건강의학과의원,부산 남구 수영로 203 대연 메디칼센터,,,"09:30 - 18:30
13:00 - 14:00 휴게시간",,현충일 휴무,정기휴무 (매주 일요일),,"09:30 - 18:30
13:00 - 14:00 휴게시간",,,051-611-5878,,09:30 - 14:00,정신건강의학과,,14:00 - 18:30,"09:30 - 18:30
13:00 - 14:00 휴게시간"
생기한의원,부산 남구 지게골로 46 2층 생기한의원,,,"09:00 - 19:00
13:00 - 14:00 휴게시간",,현충일 휴무,정기휴무 (매주 일요일),,"09:00 - 19:00
13:00 - 14:00 휴게시간",,,051-635-6352,,"09:00 - 17:00
13:00 - 14:00 휴게시간",한의원,,"09:00 - 19:00
13:00 - 14:00 휴게시간","09:00 - 19:00
13:00 - 14:00 휴게시간"
샤론의꽃의원,부산 남구 수영로 298 산암빌딩,,,,,,,,,,,051-611-7400,,,성형외과,,,
현창한의원,부산 남구 수영로 21,,,09:30 - 13:00,,현충일09:30 - 13:00,정기휴무 (매주 일요일),,"09:30 - 20:00
13:00 - 14:00 휴게시간",,,051-638-7900,,09:30 - 13:00,한의원,,"09:30 - 20:00
13:00 - 14:00 휴게시간
접기","09:30 - 18:30
13:00 - 14:00 휴게시간"
배성범정형외과의원,부산 남구 우암로 100,,,09:00 - 13:00,,현충일 휴무,정기휴무 (매주 일요일),,"09:00 - 19:00
13:00 - 14:00 휴게시간",,,051-637-8275,,09:00 - 13:00,정형외과,,"09:00 - 19:00
13:00 - 14:00 휴게시간","09:00 - 19:00
13:00 - 14:00 휴게시간"
미래치과의원,부산 남구 용호로198번길 2,,,"09:30 - 18:00
13:00 - 14:30 휴게시간
17:00 접수마감",,,정보없음,,"09:30 - 18:00
13:00 - 14:30 휴게시간
17:00 접수마감","09:30 - 18:00
13:00 - 14:30 휴게시간
17:00 접수마감",,051-621-2804,,"09:30 - 12:00
11:00 접수마감",치과,,"09:30 - 18:00
13:00 - 14:30 휴게시간
17:00 접수마감","09:30 - 18:00
13:00 - 14:30 휴게시간
17:00 접수마감"
정학기정형외과의원,부산 남구 수영로 206 정학기정형외과,,,정기휴무 (매주 수요일),,현충일 휴무,정기휴무 (매주 일요일),,"10:00 - 18:00
13:00 - 15:00 휴게시간",,,051-627-5900,,10:00 - 13:00,정형외과,,"10:00 - 18:00
13:00 - 15:00 휴게시간","10:00 - 18:00
13:00 - 15:00 휴게시간"
오동준한의원,부산 남구 못골로 49 2층,,,"09:00 - 19:00
13:00 - 14:00 휴게시간",,현충일 휴무,정기휴무 (매주 일요일),,"09:00 - 19:00
13:00 - 14:00 휴게시간",,,051-627-7577,,09:00 - 14:00,한의원,,"09:00 - 19:00
13:00 - 14:00 휴게시간","09:00 - 19:00
13:00 - 14:00 휴게시간"
정한호내과의원,부산 남구 수영로 196 우정약국,,,09:00 - 18:00,,현충일 휴무,정기휴무 (매주 일요일),,09:00 - 18:00,,,051-611-7677,,09:00 - 13:00,내과,,09:00 - 18:00,09:00 - 18:00
모든이치과의원,부산 남구 수영로 209 일동 지에닌,,,"09:30 - 18:30
12:30 - 14:00 휴게시간",,현충일 휴무,정기휴무 (매주 일요일),,"09:30 - 18:30
12:30 - 14:00 휴게시간",,,051-621-2080,,09:30 - 12:30,치과,,"09:30 - 18:30
12:30 - 14:00 휴게시간","09:30 - 18:30
12:30 - 14:00 휴게시간"
소생한의원,부산 남구 용호로 127 서현빌딩 1층 소생한의원,,,09:00 - 19:00,,현충일 휴무,정기휴무 (매주 일요일),,09:00 - 19:00,,,0507-1480-1041,,09:00 - 13:00,한의원,,09:00 - 19:00,09:00 - 19:00
로덴치과의원,부산 남구 수영로 241 10층,,,"09:30 - 18:30
13:00 - 14:00 휴게시간",,현충일 휴무,정기휴무 (매주 일요일),,"09:30 - 18:30
13:00 - 14:00 휴게시간",,,0507-1381-2875,,09:30 - 13:00,치과,,09:30 - 13:00,"09:30 - 18:30
13:00 - 14:00 휴게시간"
부산미래IFC 검진센터,부산 남구 전포대로 133 국제금융단지 IFC몰 3층~4층,,,07:30 - 16:30,,현충일 휴무,정기휴무 (매주 일요일),,07:30 - 16:30,,,051-710-2000,,07:30 - 12:30,건강검진,,07:30 - 16:30,07:30 - 16:30
성민치과의원,부산 남구 홍곡로 360 401동 2층 206-9,,,"09:30 - 18:00
12:30 - 14:00 휴게시간",,현충일 휴무,정기휴무 (매주 일요일),,"09:30 - 18:00
12:30 - 14:00 휴게시간",,,051-627-1809,,09:30 - 13:00,치과,,"09:30 - 18:00
12:30 - 14:00 휴게시간","09:30 - 18:00
12:30 - 14:00 휴게시간"
비타민내과의원,부산 남구 용호로 152 2층,,,"09:30 - 18:00
13:00 - 14:00 휴게시간",,현충일 휴무,정보없음,,"09:30 - 18:00
13:00 - 14:00 휴게시간",,,0507-1305-8273,,09:30 - 13:00,내과,,"09:30 - 18:00
13:00 - 14:00 휴게시간","09:30 - 18:00
13:00 - 14:00 휴게시간"
대연건치과의원,부산 남구 못골로12번길 35 대동레미안센트럴시티 4층 401호~404호 (대연동),,,"09:30 - 18:30
13:00 - 14:00 휴게시간",,현충일 휴무,정기휴무 (매주 일요일),,"09:30 - 18:30
13:00 - 14:00 휴게시간",,,0507-1319-2803,,09:30 - 13:30,치과,,"09:30 - 20:30
13:00 - 14:00 휴게시간","09:30 - 18:30
13:00 - 14:00 휴게시간"
이균태내과의원,부산 남구 용호로 147 종합검진센타,,,09:00 - 18:30,,현충일 휴무,정기휴무 (매주 일요일),,09:00 - 18:30,,,051-625-3100,,09:00 - 13:00,내과,,09:00 - 18:30,09:00 - 18:30
아이비치과의원,부산 남구 석포로 128 문화약국 2층,,,09:30 - 18:00,,현충일 휴무,정기휴무 (매주 일요일),,,,,051-506-2875,,09:30 - 13:00,치과,휴무,09:30 - 18:00,09:30 - 12:30
편안한민치과의원,부산 남구 수영로 184 3층,,,"10:30 - 21:00
13:00 - 14:30 휴게시간",,현충일 휴무,정기휴무 (매주 일요일),,"10:00 - 19:00
13:00 - 14:30 휴게시간",,,0507-1485-2828,,10:00 - 14:00,치과,,"10:00 - 19:00
13:00 - 14:30 휴게시간","10:00 - 19:00
13:00 - 14:30 휴게시간"
영진의원,부산 남구 못골로 71,,,09:00 - 13:00,,현충일 휴무,정기휴무 (매주 일요일),,"09:00 - 18:00
13:00 - 14:00 휴게시간",,,051-628-1600,,09:00 - 13:00,"병원,의원",,"09:00 - 18:00
13:00 - 14:00 휴게시간","09:00 - 18:00
13:00 - 14:00 휴게시간"
정문호내과의원,부산 남구 석포로 67,,,09:00 - 18:00,,현충일09:00 - 13:00,정기휴무 (매주 일요일),,09:00 - 18:00,,,051-642-1847,,09:00 - 13:00,내과,,"09:00 - 18:00
접기",09:00 - 18:00
나원섭치과,부산 남구 수영로 237,,,"10:00 - 18:30
13:00 - 14:20 휴게시간",,현충일 휴무,정기휴무 (매주 일요일),,"10:00 - 18:30
13:00 - 14:20 휴게시간",,,051-625-8102,,10:00 - 13:00,치과,,"10:00 - 18:30
13:00 - 14:20 휴게시간","10:00 - 18:30
13:00 - 14:20 휴게시간"
자윤수한의원,부산 남구 오륙도로 85 오륙도에스케이뷰아파트,,,"10:00 - 18:00
13:00 - 14:00 휴게시간",,현충일 휴무,정기휴무 (매주 일요일),,"10:00 - 18:00
13:00 - 14:00 휴게시간",,,051-626-3834,,10:00 - 13:00,한의원,,정기휴무 (매주 목요일),"10:00 - 18:00
13:00 - 14:00 휴게시간"
부산미래IFC치과의원,부산 남구 전포대로 133 IFC 4층 402호,,,,,,,,,,,051-717-7045,,,치과,,,
명가한의원,부산 남구 수영로 220,,,"09:00 - 18:00
12:00 - 14:00 휴게시간",,현충일 휴무,정기휴무 (매주 일요일),,"09:00 - 18:00
12:00 - 14:00 휴게시간",,,051-327-1075,,09:00 - 13:00,한의원,,"09:00 - 18:00
12:00 - 14:00 휴게시간","09:00 - 18:00
12:00 - 14:00 휴게시간"
효메디요양병원,부산 남구 용호로 95 휴메디,,,,,,,"00:00 - 24:00
접기",,,,051-624-6600,,,요양병원,,,
한빛내과의원,부산 남구 전포대로 69 동주빌딩,,,09:00 - 18:00,,현충일 휴무,정기휴무 (매주 일요일),,09:00 - 18:00,,,051-645-6566,,09:00 - 13:00,내과,,09:00 - 18:00,09:00 - 18:00
디엘치과의원,부산 남구 유엔로 14 우암 센텀 메디컬,,,"09:30 - 19:00
12:30 - 14:00 휴게시간",,현충일 휴무,정기휴무 (매주 일요일),,"09:30 - 19:00
12:30 - 14:00 휴게시간",,,051-636-7528,,09:30 - 15:00,치과,,"09:30 - 21:00
12:30 - 14:00 휴게시간","09:30 - 19:00
12:30 - 14:00 휴게시간"
김종성한의원,부산 남구 못골로 74,,,"09:00 - 19:00
13:00 - 14:00 휴게시간",,현충일09:00 - 14:00,정기휴무 (매주 일요일),,"09:00 - 19:00
13:00 - 14:00 휴게시간",,,051-625-8275,,09:00 - 14:00,한의원,,"정기휴무 (매주 목요일)
접기","09:00 - 19:00
13:00 - 14:00 휴게시간"
조은의원,부산 남구 장고개로 108 세영맨션,,,09:00 - 17:30,,현충일 휴무,정기휴무 (매주 일요일),,09:00 - 17:30,,,051-647-7630,,09:00 - 12:30,"병원,의원",,09:00 - 17:30,09:00 - 17:30
임해누리의료소비자생활협동조합오륙도요양병원,부산 남구 용호로 132 부산은행용호동지점,,,,,,,,,,,051-647-7007,,,요양병원,,,
참사랑한의원,부산 남구 석포로 48 참사랑한의원,,,"08:30 - 18:00
13:00 - 14:00 휴게시간",,현충일 휴무,정기휴무 (매주 일요일),,"08:30 - 18:00
13:00 - 14:00 휴게시간",,,051-647-4009,,08:30 - 14:00,한의원,,"08:30 - 18:00
13:00 - 14:00 휴게시간","08:30 - 18:00
13:00 - 14:00 휴게시간"
허균한의원,부산 남구 수영로 283 103동 1층 104호,,,"09:30 - 19:00
13:00 - 14:00 휴게시간",,현충일 휴무,정기휴무 (매주 일요일),,"09:30 - 19:00
13:00 - 14:00 휴게시간",,,010-8587-8275,,09:30 - 13:00,한의원,,"09:30 - 19:00
13:00 - 14:00 휴게시간","09:30 - 19:00
13:00 - 14:00 휴게시간"
치항외과의원,부산 남구 용호로 135 성호빌딩,,,"09:00 - 18:00
13:00 - 14:00 휴게시간",,현충일 휴무,정기휴무 (매주 일요일),,"09:00 - 18:00
13:00 - 14:00 휴게시간",,,051-628-7508,,09:00 - 13:00,외과,,"09:00 - 18:00
13:00 - 14:00 휴게시간","09:00 - 18:00
13:00 - 14:00 휴게시간"
서달덕내과의원,부산 남구 진남로 206,,,,,,,,,,,051-645-7555,,,내과,,,
동민한의원,부산 남구 수영로 340,,,"09:30 - 18:30
13:00 - 14:00 휴게시간",,현충일 휴무,정기휴무 (매주 일요일),,"09:30 - 18:30
13:00 - 14:00 휴게시간",,,051-611-0377,,09:30 - 13:00,한의원,,"09:30 - 18:30
13:00 - 14:00 휴게시간","09:30 - 18:30
13:00 - 14:00 휴게시간"
평일한의원,부산 남구 못골로 51 2층,,,"09:00 - 18:00
13:00 - 14:00 휴게시간",,현충일 휴무,정기휴무 (매주 일요일),,"09:00 - 18:00
13:00 - 14:00 휴게시간",,,0507-1343-7802,,09:00 - 13:00,한의원,,"09:00 - 18:00
13:00 - 14:00 휴게시간","09:00 - 18:00
13:00 - 14:00 휴게시간"
정해철내과의원,부산 남구 수영로 17,,,09:00 - 18:30,,현충일 휴무,정기휴무 (매주 일요일),,09:00 - 18:30,,,051-645-8300,,09:00 - 13:00,내과,,09:00 - 18:30,09:00 - 18:30
성남한의원,부산 남구 홍곡로 12 허문회치과,,,09:00 - 19:00,,현충일 휴무,정기휴무 (매주 일요일),,09:00 - 19:00,,,051-647-7582,,09:00 - 15:00,한의원,,09:00 - 19:00,09:00 - 19:00
제니스파크요양병원,부산 남구 우암양달로75번길 29 한일교육센터,,,09:00 - 17:00,,현충일 휴무,정기휴무 (매주 일요일),,09:00 - 17:00,,,051-644-7733,,09:00 - 12:00,요양병원,,09:00 - 17:00,09:00 - 17:00
김갑진신경과의원,부산 남구 수영로 27,,,"09:00 - 17:30
13:00 - 14:00 휴게시간",,현충일 휴무,정기휴무 (매주 일요일),,"09:00 - 17:30
13:00 - 14:00 휴게시간",,,051-636-9080,,09:00 - 12:30,신경과,,"09:00 - 17:30
13:00 - 14:00 휴게시간","09:00 - 17:30
13:00 - 14:00 휴게시간"
자연닮은한의원,부산 남구 고동골로 29 국제금융시티 문현베스티움 아파트,,,"09:30 - 18:30
12:30 - 14:00 휴게시간",,현충일09:30 - 12:30,정기휴무 (매주 일요일),,"09:30 - 18:30
12:30 - 14:00 휴게시간",,,051-627-1261,,09:30 - 12:30,한의원,,"09:30 - 18:30
12:30 - 14:00 휴게시간
접기","09:30 - 18:30
12:30 - 14:00 휴게시간"
호랑한의원,부산 남구 수영로 243-1 1층,,,정기휴무 (매주 수요일),,현충일 휴무,정기휴무 (매주 일요일),,"09:00 - 18:00
13:00 - 14:00 휴게시간
12:30, 17:30 접수마감",,,051-710-8582,,"09:00 - 17:00
13:00 - 14:00 휴게시간
12:30, 16:30 접수마감",한의원,,"09:00 - 18:00
13:00 - 14:00 휴게시간
12:30, 17:30 접수마감","09:00 - 18:00
13:00 - 14:00 휴게시간
12:30, 17:30 접수마감"
대연척척한의원,부산 남구 석포로 74,,,"09:30 - 18:30
13:00 - 14:00 휴게시간",,현충일 휴무,정기휴무 (매주 일요일),,"09:30 - 18:30
13:00 - 14:00 휴게시간",,,0507-1453-5566,,09:30 - 14:00,한의원,,"09:30 - 18:30
13:00 - 14:00 휴게시간","09:30 - 18:30
13:00 - 14:00 휴게시간"
생생한의원,부산 남구 수영로 183 생생한의원,,,"09:30 - 18:30
13:00 - 14:00 휴게시간",,현충일 휴무,정기휴무 (매주 일요일),,"09:30 - 18:30
13:00 - 14:00 휴게시간",,,051-638-1240,,09:30 - 13:00,한의원,,14:00 - 18:30,"09:30 - 18:30
13:00 - 14:00 휴게시간"
수의원,부산 남구 석포로 34 국제아파트,,,09:00 - 18:00,,현충일 휴무,정보없음,,09:00 - 18:00,,,051-633-7181,,09:00 - 13:00,가정의학과,,09:00 - 18:00,09:00 - 18:00
밝은미소치과의원,부산 남구 분포로 113 LG메트로시티 주2상가 5층,,,14:00 - 18:30,,현충일 휴무,정기휴무 (매주 일요일),,"09:50 - 18:30
13:00 - 14:00 휴게시간",,,051-628-9797,,09:50 - 13:30,치과,,"09:50 - 18:30
13:00 - 14:00 휴게시간","09:50 - 18:30
13:00 - 14:00 휴게시간"
천걸음한의원,부산 남구 수영로 240-1 이지스퀘어빌딩 6층,,,10:00 - 20:00,,현충일10:00 - 15:00,정기휴무 (매주 일요일),,10:00 - 20:00,,,051-756-3888,,10:00 - 15:00,한의원,,"정기휴무 (매주 목요일)
접기",10:00 - 20:00
박철흠치과의원,부산 남구 용호로 95 휴메디빌딩 3층,,,정기휴무 (매주 수요일),,현충일 휴무,정기휴무 (매주 일요일),,"09:00 - 18:00
13:00 - 14:30 휴게시간",,,051-628-7616,,09:00 - 13:00,치과,,"09:00 - 18:00
13:00 - 14:30 휴게시간","09:00 - 18:00
13:00 - 14:30 휴게시간"
센텀연합의원,부산 남구 수영로 33 2층,,,"09:00 - 18:00
13:00 - 14:00 휴게시간",,현충일09:00 - 13:00,정기휴무 (매주 일요일),,"09:00 - 18:00
13:00 - 14:00 휴게시간",,,051-644-7582,,09:00 - 13:00,"병원,의원",,"09:00 - 18:00
13:00 - 14:00 휴게시간
접기","09:00 - 18:00
13:00 - 14:00 휴게시간"
은행나무한의원,부산 남구 수영로 200 롯데리아,,,09:30 - 18:30,,현충일 휴무,정기휴무 (매주 일요일),,09:30 - 18:30,,,051-611-7760,,09:30 - 14:00,한의원,,09:30 - 18:30,09:30 - 18:30
자연미치과의원,부산 남구 수영로 198 2층,,,09:30 - 12:30,,현충일 휴무,정기휴무 (매주 일요일),,"09:30 - 18:30
13:00 - 14:30 휴게시간",,,0507-1346-7529,,09:30 - 12:30,치과,,"09:30 - 18:30
13:00 - 14:30 휴게시간","09:30 - 18:30
13:00 - 14:30 휴게시간"
성심외과의원,부산 남구 우암로 57-1 성심외과의원,,,"09:00 - 18:00
12:30 - 14:00 휴게시간",,현충일 휴무,정기휴무 (매주 일요일),,"09:00 - 18:00
12:30 - 14:00 휴게시간",,,051-647-0075,,09:00 - 12:00,외과,,"09:00 - 18:00
12:30 - 14:00 휴게시간","09:00 - 18:00
12:30 - 14:00 휴게시간"
대추나무한의원,부산 남구 용호로 204,,,"09:30 - 18:00
12:30 - 14:00 휴게시간",,현충일 휴무,정기휴무 (매주 일요일),,"09:30 - 18:00
12:30 - 14:00 휴게시간",,,051-624-1075,,09:30 - 13:30,한의원,,"09:30 - 20:00
12:30 - 14:00 휴게시간","09:30 - 18:00
12:30 - 14:00 휴게시간"
