name,type,phone,address,월,화,수,목,금,토,일,holiday
더착한치과의원,치과,051-203-2875,부산 강서구 명지오션시티4로 59,,,"09:30 - 20:30
12:30 - 14:00 휴게시간
19:30 접수마감","09:30 - 18:30
12:30 - 14:00 휴게시간
17:30 접수마감","09:30 - 18:30
12:30 - 14:00 휴게시간
17:30 접수마감","09:00 - 14:00
13:00 접수마감",정기휴무 (매주 일요일),
큐의원,피부과,0507-1424-7990,부산 강서구 명지국제6로 246 예성빌딩 4층,10:00 - 19:00,,10:00 - 20:00,10:00 - 19:00,10:00 - 19:00,10:00 - 14:00,정기휴무 (매주 일요일),
제일마취통증의학과의원,정형외과,051-205-0776,부산 강서구 명지오션시티11로 66,"09:00 - 18:30
12:30 - 14:00 휴게시간
18:00 접수마감",,"09:00 - 20:00
12:30 - 14:00 휴게시간
19:30 접수마감","09:00 - 12:30
12:00 접수마감","09:00 - 18:30
12:30 - 14:00 휴게시간
18:00 접수마감","09:00 - 14:00
13:30 접수마감",정기휴무 (매주 일요일),
명지바른신경외과의원,신경외과,051-710-0960,"부산 강서구 명지국제8로 242 씨에스프라자 201,202호","09:00 - 19:00
13:00 - 14:00 휴게시간",,"09:00 - 19:00
13:00 - 14:00 휴게시간","09:00 - 19:00
13:00 - 14:00 휴게시간","09:00 - 19:00
13:00 - 14:00 휴게시간",09:00 - 14:00,정기휴무 (매주 일요일),
우아한방병원,한방병원,0507-1460-8082,"부산 강서구 명지국제1로 25 우진메디컬프라자 5층 501, 502, 503호","10:00 - 21:00
13:00 - 14:00 휴게시간",,"10:00 - 21:00
13:00 - 14:00 휴게시간","10:00 - 21:00
13:00 - 14:00 휴게시간
접기","10:00 - 21:00
13:00 - 14:00 휴게시간",10:00 - 16:00,정기휴무 (매주 일요일),
최성원내과의원,내과,051-292-9393,부산 강서구 명지국제8로 240,"09:00 - 18:30
13:00 - 14:00 휴게시간",,"09:00 - 18:30
13:00 - 14:00 휴게시간","09:00 - 18:30
13:00 - 14:00 휴게시간","09:00 - 18:30
13:00 - 14:00 휴게시간",09:00 - 14:00,정기휴무 (매주 일요일),
명지365다나슬한의원,한의원,051-207-1365,부산 강서구 명지국제8로 230 5층,"09:30 - 20:00
13:00 - 14:30 휴게시간",,"09:30 - 20:00
13:00 - 14:30 휴게시간","09:30 - 20:00
13:00 - 14:30 휴게시간
접기","09:30 - 20:00
13:00 - 14:30 휴게시간",09:30 - 16:00,09:30 - 16:00,
신신소아청소년과의원,소아청소년과,051-941-3339,부산 강서구 신호산단2로 33 골든뷰 401호,"09:00 - 18:30
12:30 - 14:00 휴게시간",,"09:00 - 18:30
12:30 - 14:00 휴게시간","09:00 - 18:30
12:30 - 14:00 휴게시간","09:00 - 18:30
12:30 - 14:00 휴게시간",09:00 - 13:00,정기휴무 (매주 일요일),
명지한의원,한의원,051-271-2800,부산 강서구 명지오션시티11로 66 G타워 4층,"09:30 - 20:00
13:00 - 14:30 휴게시간
19:20 접수마감",,"09:30 - 20:00
13:00 - 14:30 휴게시간
19:20 접수마감","09:30 - 20:00
13:00 - 14:30 휴게시간
19:20 접수마감","09:30 - 20:00
13:00 - 14:30 휴게시간
19:20 접수마감","09:30 - 13:30
12:50 접수마감",정기휴무 (매주 일요일),
보리한의원,한의원,051-973-3075,부산 강서구 신호산단2로49번길 16,09:30 - 19:00,,09:30 - 19:00,09:30 - 19:00,09:30 - 19:00,09:30 - 15:00,정기휴무 (매주 일요일),
편한장의원,내과,051-203-8275,부산 강서구 명지오션시티4로 64,"09:00 - 18:30
13:00 - 14:00 휴게시간
18:15 접수마감",,"09:00 - 18:30
13:00 - 14:00 휴게시간
18:15 접수마감","09:00 - 18:30
13:00 - 14:00 휴게시간
18:15 접수마감","09:00 - 18:30
13:00 - 14:00 휴게시간
18:15 접수마감","09:00 - 13:00
12:45 접수마감",정기휴무 (매주 일요일),
명지정신건강의학과의원,정신건강의학과,0507-1314-8486,"부산 강서구 명지국제5로 42 동진빌딩 6층, 명지정신건강의학과의원","09:30 - 18:30
13:00 - 14:00 휴게시간
12:30, 18:00 접수마감",,"09:30 - 18:30
13:00 - 14:00 휴게시간
12:30, 18:00 접수마감","09:30 - 18:30
13:00 - 14:00 휴게시간
12:30, 18:00 접수마감","09:30 - 18:30
13:00 - 14:00 휴게시간
12:30, 18:00 접수마감","09:30 - 13:30
13:00 접수마감",정기휴무 (매주 일요일),
명지더봄안과의원,안과,051-714-0800,부산 강서구 명지오션시티11로 66,,,,,"08:40 - 18:00
12:40 - 14:00 휴게시간",08:40 - 13:40,정기휴무 (매주 일요일),
국제치과의원,치과,051-205-2080,부산 강서구 명지국제11로 25 동명빌딩 4층,"10:00 - 19:00
13:00 - 14:00 휴게시간","10:00 - 19:00
13:00 - 14:00 휴게시간","10:00 - 21:00
13:00 - 14:00 휴게시간",정기휴무 (매주 목요일),"10:00 - 19:00
13:00 - 14:00 휴게시간",10:00 - 14:00,정기휴무 (매주 일요일),
자연안에병원,"병원,의원",0507-1392-9013,부산 강서구 명지오션시티4로 99,,,,,,,,
누엘의원,비뇨의학과,051-205-2017,부산 강서구 명지국제8로 245 뉴타워상가 7층,"10:00 - 18:15
13:00 - 14:00 휴게시간
18:00 접수마감",,"14:00 - 18:15
18:00 접수마감","10:00 - 18:15
13:00 - 14:00 휴게시간
18:00 접수마감","10:00 - 18:15
13:00 - 14:00 휴게시간
18:00 접수마감","09:30 - 13:15
13:00 접수마감",정기휴무 (매주 일요일),
오션시티치과병원,치과,051-271-7528,부산 강서구 명지오션시티4로 70 6층,"09:30 - 18:00
12:30 - 14:00 휴게시간",,"09:30 - 21:00
12:30 - 14:00 휴게시간","09:30 - 18:00
12:30 - 14:00 휴게시간","09:30 - 18:00
12:30 - 14:00 휴게시간",09:30 - 13:00,정기휴무 (매주 일요일),
국제한의원,한의원,051-711-2625,부산 강서구 명지국제8로 243,09:30 - 20:00,,09:30 - 20:00,09:30 - 19:00,09:30 - 19:00,09:15 - 14:00,정기휴무 (매주 일요일),
녹산보건지소,보건지소,051-970-4796,부산 강서구 생곡로 17,09:00 - 18:00,09:00 - 18:00,09:00 - 18:00,"09:00 - 18:00
접기",09:00 - 18:00,정보없음,정보없음,
맥치과의원 명지점,치과,051-205-2486,부산 강서구 명지국제5로 42 동진빌딩 5층,"09:30 - 18:30
13:00 - 14:00 휴게시간",,"09:30 - 18:30
13:00 - 14:00 휴게시간",14:00 - 21:00,"09:30 - 18:30
13:00 - 14:00 휴게시간",09:00 - 14:00,정기휴무 (매주 일요일),
개나리소아청소년과병원,소아청소년과,051-202-1113,"부산 강서구 명지국제8로 269 유당빌딩 4,5층","09:00 - 18:30
12:30 - 14:00 휴게시간","09:00 - 18:30
12:30 - 14:00 휴게시간","09:00 - 18:30
12:30 - 14:00 휴게시간","09:00 - 18:30
12:30 - 14:00 휴게시간","09:00 - 18:30
12:30 - 14:00 휴게시간",09:00 - 12:30,정기휴무 (매주 일요일),
명지더나음한의원,한의원,0507-1309-0365,부산 강서구 명지국제5로 42 402호,"10:00 - 20:00
13:00 - 14:30 휴게시간
12:30, 19:30 접수마감","10:00 - 20:00
13:00 - 14:30 휴게시간
12:30, 19:30 접수마감","10:00 - 20:00
13:00 - 14:30 휴게시간
12:30, 19:30 접수마감","14:30 - 20:00
19:30 접수마감
접기","10:00 - 20:00
13:00 - 14:30 휴게시간
12:30, 19:30 접수마감","09:30 - 13:30
13:00 접수마감",정기휴무 (매주 일요일),
함께웃는치과의원,치과,051-201-6700,부산 강서구 명지국제8로 233,10:00 - 19:00,,10:00 - 21:00,10:00 - 21:00,10:00 - 19:00,10:00 - 17:00,정기휴무 (매주 일요일),
우리치과의원,치과,0507-1418-2804,부산 강서구 과학산단로306번길 10 협성·DS 엘리시안아파트,"10:00 - 20:30
13:00 - 14:00 휴게시간",,"10:00 - 20:30
13:00 - 14:00 휴게시간","10:00 - 20:30
13:00 - 14:00 휴게시간",10:00 - 13:00,정기휴무 (매주 토요일),정기휴무 (매주 일요일),
정지훈치과의원,치과,051-973-2272,부산 강서구 신호산단2로 33,"09:30 - 18:30
13:00 - 14:00 휴게시간",,13:30 - 18:30,"09:30 - 20:30
17:30 - 18:00 휴게시간","09:30 - 18:30
13:00 - 14:00 휴게시간",정기휴무 (매주 토요일),정기휴무 (매주 일요일),
명지본한의원,한의원,0507-1402-8275,"부산 강서구 명지국제5로 14 서진빌딩 2,3층","10:00 - 20:00
13:00 - 14:30 휴게시간",,"10:00 - 19:00
13:00 - 14:30 휴게시간","10:00 - 19:00
13:00 - 14:30 휴게시간
접기","10:00 - 20:00
13:00 - 14:30 휴게시간",10:00 - 14:30,10:00 - 14:30,
명지아동병원,소아청소년과,051-717-0230,부산 강서구 명지국제8로 240,"09:00 - 19:00
13:00 - 14:00 휴게시간",,"09:00 - 19:00
13:00 - 14:00 휴게시간","09:00 - 19:00
13:00 - 14:00 휴게시간
접기","09:00 - 19:00
13:00 - 14:00 휴게시간","09:00 - 16:00
13:00 - 14:00 휴게시간",09:00 - 13:00,
윤혜리한의원,한의원,051-202-3155,부산 강서구 명지오션시티11로 74,"09:30 - 18:30
12:30 - 14:00 휴게시간",,"09:30 - 18:30
12:30 - 14:00 휴게시간",14:00 - 18:30,"09:30 - 18:30
12:30 - 14:00 휴게시간",09:30 - 13:30,정기휴무 (매주 일요일),
경희청담한의원,한의원,051-271-1056,부산 강서구 명지오션시티4로 61 이건빌딩 302호,"09:30 - 19:00
13:00 - 14:30 휴게시간",,"09:30 - 19:00
13:00 - 14:30 휴게시간","09:30 - 19:00
13:00 - 14:30 휴게시간","09:30 - 19:00
13:00 - 14:30 휴게시간",09:00 - 13:00,정기휴무 (매주 일요일),
금빛한의원 부산점,한의원,0507-1310-7510,부산 강서구 명지국제8로 257 3층,"10:00 - 20:00
13:00 - 14:00 휴게시간",,"10:00 - 20:00
13:00 - 14:00 휴게시간","10:00 - 20:00
13:00 - 14:00 휴게시간
접기","10:00 - 20:00
13:00 - 14:00 휴게시간",10:00 - 14:00,10:00 - 14:00,
편한몸의원,정형외과,051-973-8219,부산 강서구 신호산단2로 33,"09:00 - 19:00
13:00 - 14:00 휴게시간",,"09:00 - 19:00
13:00 - 14:00 휴게시간","09:00 - 19:00
13:00 - 14:00 휴게시간","09:00 - 19:00
13:00 - 14:00 휴게시간",09:00 - 14:00,정기휴무 (매주 일요일),
한국미인부산배내과의원,내과,051-941-8866,부산 강서구 대저로 283-1,08:30 - 13:00,08:30 - 17:00,08:30 - 13:00,"08:30 - 17:00
접기",08:30 - 13:00,08:00 - 12:00,정보없음,
명지화이트치과의원,치과,051-203-8070,부산 강서구 명지국제2로 29 성광타워 5층,"09:30 - 20:30
13:00 - 14:00 휴게시간",,"09:30 - 20:30
13:00 - 14:00 휴게시간","09:30 - 18:30
13:00 - 14:00 휴게시간","09:30 - 18:30
13:00 - 14:00 휴게시간",09:30 - 13:30,정기휴무 (매주 일요일),
명지엘치과의원,치과,0507-1480-2875,부산 강서구 명지국제8로 230,"09:30 - 21:00
12:00 - 14:00 휴게시간",,09:30 - 18:30,14:00 - 21:00,09:30 - 18:30,09:30 - 17:00,정기휴무 (매주 일요일),
강서연합의원,"병원,의원",0507-1346-7170,부산 강서구 대저로 266 1층,08:00 - 18:00,,08:00 - 18:00,08:00 - 18:00,08:00 - 18:00,08:00 - 13:00,정기휴무 (매주 일요일),
신호원치과의원,치과,051-989-9111,부산 강서구 신호산단2로 21,"10:00 - 20:00
13:00 - 14:00 휴게시간
17:30 - 18:00 휴게시간",,"10:00 - 18:00
13:00 - 14:00 휴게시간","10:00 - 20:00
13:00 - 14:00 휴게시간
17:30 - 18:00 휴게시간","10:00 - 18:00
13:00 - 14:00 휴게시간",정기휴무 (매주 토요일),정기휴무 (매주 일요일),
신호부부한의원,한의원,0507-1488-3637,부산 강서구 신호산단2로 33 골든뷰 2층,"09:30 - 20:00
13:00 - 14:30 휴게시간
19:40 접수마감",,"09:30 - 20:00
13:00 - 14:30 휴게시간
19:40 접수마감","09:30 - 20:00
13:00 - 14:30 휴게시간
19:40 접수마감","09:30 - 20:00
13:00 - 14:30 휴게시간
19:40 접수마감","09:30 - 15:00
14:40 접수마감",정기휴무 (매주 일요일),
서울편한내과의원,내과,0507-1493-6622,부산 강서구 대저로 254,"09:00 - 18:00
13:00 - 14:00 휴게시간",,09:00 - 13:00,"09:00 - 18:00
13:00 - 14:00 휴게시간","09:00 - 18:00
13:00 - 14:00 휴게시간",09:00 - 13:00,정기휴무 (매주 일요일),
리더스치과의원,치과,0507-1425-2882,부산 강서구 명지국제8로 254,"10:00 - 19:00
13:00 - 14:30 휴게시간",,"10:00 - 19:00
13:00 - 14:30 휴게시간","10:00 - 20:30
13:00 - 14:30 휴게시간
17:00 - 17:30 휴게시간","10:00 - 19:00
13:00 - 14:30 휴게시간",10:00 - 14:00,정기휴무 (매주 일요일),
마음에 청진기 가정의학과의원,가정의학과,051-293-0375,부산 강서구 명지국제8로 243 미주프라자 302호,10:00 - 19:00,,10:00 - 19:00,10:00 - 20:00,10:00 - 18:00,10:00 - 14:00,정기휴무 (매주 일요일),
명지치과의원,치과,051-271-2842,부산 강서구 명지오션시티4로 61 이건빌딩 301호,"09:30 - 18:30
12:30 - 14:00 휴게시간",,"09:30 - 18:30
12:30 - 14:00 휴게시간",09:30 - 20:30,"09:30 - 18:30
12:30 - 14:00 휴게시간",09:30 - 13:30,정기휴무 (매주 일요일),
해바라기치과의원,치과,051-271-7751,부산 강서구 명지오션시티4로 67,"09:30 - 18:30
13:00 - 14:00 휴게시간",,"09:30 - 18:30
13:00 - 14:00 휴게시간","09:30 - 18:30
13:00 - 14:00 휴게시간","09:30 - 18:30
13:00 - 14:00 휴게시간",09:30 - 13:00,정기휴무 (매주 일요일),
다온한의원,한의원,0507-1359-1075,부산 강서구 명지국제8로 251 302호 다온한의원,"09:30 - 21:00
12:30 - 14:00 휴게시간",,"09:30 - 21:00
12:30 - 14:00 휴게시간","09:30 - 21:00
12:30 - 14:00 휴게시간
접기","09:30 - 21:00
12:30 - 14:00 휴게시간",09:30 - 14:30,09:30 - 14:30,
기분좋은치과의원,치과,051-271-7755,부산 강서구 명지오션시티4로 62,09:30 - 20:00,,09:30 - 18:30,09:30 - 20:00,09:30 - 18:30,09:30 - 13:30,정기휴무 (매주 일요일),
명지침례의원,내과,051-271-3227,부산 강서구 명지새동네길1번길 32,"09:00 - 18:00
12:30 - 14:00 휴게시간",,"09:00 - 18:00
12:30 - 14:00 휴게시간","09:00 - 18:00
12:30 - 14:00 휴게시간","09:00 - 18:00
12:30 - 14:00 휴게시간",09:00 - 12:00,정기휴무 (매주 일요일),
연세이편한치과의원,치과,051-990-0040,부산 강서구 명지국제6로 168 명지 스타필드시티 4층,정기휴무 (매주 월요일),,"10:00 - 18:30
13:30 - 15:00 휴게시간","10:00 - 18:30
13:30 - 15:00 휴게시간
접기","10:00 - 18:30
13:30 - 15:00 휴게시간","10:00 - 17:00
13:30 - 15:00 휴게시간","10:00 - 17:00
13:30 - 15:00 휴게시간",
남경의원,내과,051-973-8575,부산 강서구 공항앞길 5,09:00 - 18:00,,09:00 - 18:00,09:00 - 18:00,09:00 - 18:00,09:00 - 13:00,정기휴무 (매주 일요일),
애플민트치과의원,치과,051-271-8808,부산 강서구 명지오션시티4로 64,"09:30 - 18:30
13:00 - 14:00 휴게시간",,"09:30 - 18:30
13:00 - 14:00 휴게시간","09:30 - 18:30
13:00 - 14:00 휴게시간","09:30 - 18:30
13:00 - 14:00 휴게시간",09:00 - 15:00,정기휴무 (매주 일요일),
강서하늘치과의원,치과,051-832-2875,부산 강서구 공항로811번가길 56,"10:00 - 19:00
13:00 - 14:30 휴게시간",,"10:00 - 19:00
13:00 - 14:30 휴게시간","10:00 - 19:00
13:00 - 14:30 휴게시간","10:00 - 19:00
13:00 - 14:30 휴게시간",정기휴무 (매주 토요일),정기휴무 (매주 일요일),
인제대학교부산백병원부설김해국제공항의원,"병원,의원",051-974-2888,부산 강서구 공항진입로 108 김해국제공항국내선청사 1F,09:00 - 17:00,,09:00 - 17:00,09:00 - 17:00,09:00 - 17:00,정기휴무 (매주 토요일),정기휴무 (매주 일요일),
지사보건진료소,보건진료소,051-970-2980,부산 강서구 과학산단2로20번길 5,09:00 - 18:00,09:00 - 18:00,09:00 - 18:00,"09:00 - 18:00
접기",09:00 - 18:00,정보없음,정보없음,
최치과의원,치과,051-271-2875,부산 강서구 명지새동네길1번길 32,"09:30 - 18:30
12:30 - 14:00 휴게시간",,"09:30 - 18:30
12:30 - 14:00 휴게시간","09:30 - 18:30
12:30 - 14:00 휴게시간","09:30 - 18:30
12:30 - 14:00 휴게시간",09:30 - 12:30,정기휴무 (매주 일요일),
명지튼튼한의원,한의원,051-503-8818,부산 강서구 명지오션시티4로 70,"09:30 - 19:00
12:30 - 14:00 휴게시간
18:10 접수마감",,"09:30 - 19:00
12:30 - 14:00 휴게시간
18:10 접수마감","14:00 - 19:00
18:10 접수마감","09:30 - 19:00
12:30 - 14:00 휴게시간
18:10 접수마감","09:30 - 14:00
13:10 접수마감",정기휴무 (매주 일요일),
신호한의원,한의원,051-941-8275,부산 강서구 신호산단2로 21,"10:00 - 19:30
13:00 - 14:00 휴게시간
19:00 접수마감",,"10:00 - 19:30
13:00 - 14:00 휴게시간
19:00 접수마감","10:00 - 20:30
13:00 - 14:00 휴게시간
20:00 접수마감","10:00 - 19:30
13:00 - 14:00 휴게시간
19:00 접수마감","10:00 - 15:00
14:30 접수마감",정기휴무 (매주 일요일),
부산교도소부속의원,내과,051-9710-1572,부산 강서구 대저중앙로29번길 62 부산교도소부속의원,,,,,,,,
다온치과의원,치과,051-831-2875,부산 강서구 범방3로46번길 13 3층 다온치과,08:30 - 18:30,08:30 - 18:30,08:30 - 18:30,"08:30 - 18:30
접기",08:30 - 18:30,09:00 - 13:00,정기휴무 (매주 일요일),
강동보건지소,보건지소,051-970-4795,부산 강서구 낙동북로102번길 76 강동보건지소,09:00 - 18:00,09:00 - 18:00,09:00 - 18:00,"09:00 - 18:00
접기",09:00 - 18:00,정보없음,정보없음,
대저치과의원,치과,051-971-2875,부산 강서구 대저로 276,"09:30 - 18:30
12:30 - 14:00 휴게시간",,"09:30 - 18:30
12:30 - 14:00 휴게시간",14:00 - 18:30,"09:30 - 18:30
12:30 - 14:00 휴게시간",09:30 - 13:00,정기휴무 (매주 일요일),
활인한의원,한의원,051-973-9737,부산 강서구 공항로811번길 43,"09:00 - 18:30
12:30 - 14:00 휴게시간","09:00 - 18:30
12:30 - 14:00 휴게시간","09:00 - 18:30
12:30 - 14:00 휴게시간","09:00 - 18:30
12:30 - 14:00 휴게시간
접기","09:00 - 18:30
12:30 - 14:00 휴게시간",09:00 - 13:00,정기휴무 (매주 일요일),
르노코리아자동차부속의원,내과,051-979-9089,부산 강서구 르노삼성대로 61,,,,,,,,
한빛한의원,한의원,051-206-1075,부산 강서구 명지오션시티4로 62 파빌리온빌딩 3층,"09:30 - 19:00
12:30 - 14:00 휴게시간",,"09:30 - 19:00
12:30 - 14:00 휴게시간",14:00 - 19:00,"09:30 - 19:00
12:30 - 14:00 휴게시간",09:30 - 13:30,정기휴무 (매주 일요일),
강서요양병원,요양병원,051-941-1002,부산 강서구 공항로811번길 1,09:00 - 18:00,,09:00 - 18:00,09:00 - 18:00,09:00 - 18:00,09:00 - 13:00,정기휴무 (매주 일요일),
삼성전기부속의원,가정의학과,051-970-9123,부산 강서구 녹산산업중로 333,,,,,,,,
천가보건지소,보건지소,051-970-4797,부산 강서구 성북1길 70-1,09:00 - 18:00,09:00 - 18:00,09:00 - 18:00,"09:00 - 18:00
접기",09:00 - 18:00,정보없음,정보없음,
태안한의원,한의원,051-941-7575,부산 강서구 대저로274번길 15,"09:30 - 18:30
13:00 - 14:00 휴게시간",,"09:30 - 18:30
13:00 - 14:00 휴게시간","09:30 - 13:00
접기","09:30 - 18:30
13:00 - 14:00 휴게시간",09:30 - 13:00,정기휴무 (매주 일요일),
대한항공김해부속의원,내과,051-970-5182,부산 강서구 공항진입로42번길 54,,,,,,,,
강서구보건소 보건행정계,보건소,051-970-3411,부산 강서구 공항로811번가길 36,,,,,,,,
강서구보건소 민원실,보건소,051-970-3445,부산 강서구 공항로811번가길 36,,,,,,,,
강서보건소 감염병관리계,보건소,051-970-2926,부산 강서구 공항로811번길 10,,,,,,,,
대저한의원,한의원,No phone number available,부산 강서구 대저로 285,,,,,,,,
용마루한의원,한의원,051-624-7575,부산 강서구 낙동남로 1042,"09:00 - 18:00
12:30 - 14:00 휴게시간",,"09:00 - 18:00
12:30 - 14:00 휴게시간","09:00 - 18:00
12:30 - 14:00 휴게시간","09:00 - 18:00
12:30 - 14:00 휴게시간",09:00 - 17:00,정기휴무 (매주 일요일),
이치과의원,치과,051-971-2871,부산 강서구 낙동북로 74,"09:30 - 18:30
12:30 - 13:30 휴게시간",,"09:30 - 18:30
12:30 - 13:30 휴게시간",14:00 - 18:30,"09:30 - 18:30
12:30 - 13:30 휴게시간",09:30 - 13:00,정기휴무 (매주 일요일),
가락보건지소,보건지소,051-970-4798,부산 강서구 가락대로 1476 가락동 주민센터,09:00 - 18:00,09:00 - 18:00,09:00 - 18:00,"09:00 - 18:00
접기",09:00 - 18:00,정보없음,정보없음,
강서구보건소 건강증진계,보건소,051-970-3481,부산 강서구 공항로811번가길 36,,,,,,,,
가락동마을건강센터,병원부속시설,No phone number available,부산 강서구 가락대로 1476 가락동 주민센터,,,,,,,,
천성보건진료소,보건진료소,051-971-7623,부산 강서구 가덕해안로821번길 100 천성보건진료소,"09:00 - 18:00
12:00 - 13:00 휴게시간",,"09:00 - 18:00
12:00 - 13:00 휴게시간","09:00 - 18:00
12:00 - 13:00 휴게시간","09:00 - 18:00
12:00 - 13:00 휴게시간",정기휴무 (매주 토요일),정기휴무 (매주 일요일),
대항보건진료소,보건진료소,051-972-7335,부산 강서구 가덕해안로1208번가길 9 대항보건진료소,,,,,,,,
강서구보건소 가족보건계,보건소,051-970-3421,부산 강서구 공항로811번가길 36,,,,,,,,
비움환 원외탕전,병원부속시설,0507-1376-5104,부산 강서구 대저중앙로172번길 20,09:00 - 18:00,,09:00 - 18:00,09:00 - 18:00,09:00 - 18:00,정기휴무 (매주 토요일),정기휴무 (매주 일요일),
부산강서구보건소 선별진료소,선별진료소,051-970-3415,부산 강서구 공항로811번길 10,"09:00 - 18:00
12:00 - 13:00 휴게시간",,"09:00 - 18:00
12:00 - 13:00 휴게시간","09:00 - 18:00
12:00 - 13:00 휴게시간
접기","09:00 - 18:00
12:00 - 13:00 휴게시간",09:00 - 13:00,09:00 - 13:00,
코로나19검사센터,병원부속시설,No phone number available,부산 강서구 공항진입로 108,,,,,,,,
강서구보건소 예방의학계,보건소,051-970-3433,부산 강서구 공항로811번가길 36,,,,,,,,
갑을녹산병원 선별진료소,선별진료소,051-974-8449,부산 강서구 녹산산단321로 24-8,08:30 - 17:30,,08:30 - 17:30,08:30 - 17:30,08:30 - 17:30,08:30 - 12:30,정기휴무 (매주 일요일),
더프라임병원,산부인과,055-328-0059,경남 김해시 경원로55번길 12,"09:00 - 19:00
13:00 - 14:00 휴게시간",,"09:00 - 19:00
13:00 - 14:00 휴게시간","09:00 - 19:00
13:00 - 14:00 휴게시간","09:00 - 19:00
13:00 - 14:00 휴게시간",09:00 - 13:00,09:30 - 12:30,
부산본병원,"병원,의원",1599-8275,부산 사하구 승학로 8,,,,,,,,
희망병원,"병원,의원",055-552-7582,경남 창원시 진해구 용원로 15 희망병원,,,,,,,,
열린이비인후과의원,이비인후과,051-334-8899,부산 북구 백양대로 1202 4층 열린이비인후과,"09:00 - 18:30
13:00 - 14:00 휴게시간",,"09:00 - 18:30
13:00 - 14:00 휴게시간","09:00 - 18:30
13:00 - 14:00 휴게시간","09:00 - 18:30
13:00 - 14:00 휴게시간",09:00 - 13:00,정기휴무 (매주 일요일),
미래로병원,산부인과,051-330-5000,부산 북구 금곡대로 15,,,,,,,,
아름다운피부과의원,피부과,055-322-6300,경남 김해시 가락로 23 김밥천국,"09:05 - 17:45
12:30 - 14:00 휴게시간","09:05 - 17:45
12:30 - 14:00 휴게시간","09:05 - 17:45
12:30 - 14:00 휴게시간","09:05 - 17:45
12:30 - 14:00 휴게시간
접기","09:05 - 17:45
12:30 - 14:00 휴게시간","08:40 - 15:00
12:40 - 13:30 휴게시간",정기휴무 (매주 일요일),
미래아이여성병원,산부인과,051-200-9999,부산 사하구 낙동남로 1388,,,,,,,,
에스피부과의원,피부과,055-337-7582,경남 김해시 내외중앙로 84 서울메디컬센터 6층,"09:30 - 19:00
13:00 - 14:00 휴게시간",,"09:30 - 19:00
13:00 - 14:00 휴게시간","09:30 - 19:00
13:00 - 14:00 휴게시간","09:30 - 19:00
13:00 - 14:00 휴게시간",09:30 - 14:00,정기휴무 (매주 일요일),
의료법인숭인의료재단 김해복음병원,종합병원,055-330-8888,경남 김해시 활천로 33 김해복음병원,,,,,,,,
삼성내과엠알영상의학과의원,내과,051-208-5566,부산 사하구 낙동남로 1392,"08:00 - 18:30
13:00 - 14:00 휴게시간",,"08:00 - 18:30
13:00 - 14:00 휴게시간","08:00 - 18:30
13:00 - 14:00 휴게시간","08:00 - 18:30
13:00 - 14:00 휴게시간",08:00 - 13:00,정기휴무 (매주 일요일),
사상미사랑피부과의원,피부과,051-326-7582,부산 사상구 사상로 200,"10:00 - 18:30
13:00 - 14:00 휴게시간",,14:00 - 18:30,"10:00 - 18:30
13:00 - 14:00 휴게시간","10:00 - 18:30
13:00 - 14:00 휴게시간",10:00 - 14:00,정기휴무 (매주 일요일),
큐병원,"병원,의원",051-207-4343,부산 사하구 낙동남로 1401,,,,,,,,
경희대학교 교육협력 중앙병원,종합병원,1577-9116,경남 김해시 분성로 94-8,,,,,,,,
올리브피부과의원,피부과,0507-1406-3344,부산 북구 만덕대로27번길 3 세빈빌딩 6층,"09:30 - 19:00
13:00 - 14:00 휴게시간",,"09:30 - 19:00
13:00 - 14:00 휴게시간","09:30 - 19:00
13:00 - 14:00 휴게시간","09:30 - 19:00
13:00 - 14:00 휴게시간",09:30 - 14:30,정기휴무 (매주 일요일),
아이사랑병원,소아청소년과,055-325-5775,경남 김해시 활천로 22 아이사랑병원,"09:00 - 21:00
12:30 - 14:00 휴게시간",,"09:00 - 21:00
12:30 - 14:00 휴게시간","09:00 - 21:00
12:30 - 14:00 휴게시간
접기","09:00 - 21:00
12:30 - 14:00 휴게시간","09:00 - 17:00
12:30 - 14:00 휴게시간",09:00 - 12:00,
서울이비인후과의원,이비인후과,055-336-0660,경남 김해시 내외중앙로 84 서울메디컬센터 10층,"09:00 - 18:00
13:00 - 14:00 휴게시간","09:00 - 18:00
13:00 - 14:00 휴게시간","09:00 - 18:00
13:00 - 14:00 휴게시간","09:00 - 18:00
13:00 - 14:00 휴게시간
접기","09:00 - 18:00
13:00 - 14:00 휴게시간",09:00 - 13:00,정기휴무 (매주 일요일),
엘리트치과병원,치과,051-322-2875,부산 사상구 가야대로 276,"09:30 - 20:00
12:30 - 14:00 휴게시간",,"09:30 - 20:00
12:30 - 14:00 휴게시간","09:30 - 20:00
12:30 - 14:00 휴게시간","09:30 - 18:00
12:30 - 14:00 휴게시간",09:30 - 13:00,정기휴무 (매주 일요일),
자기치아살리기365일야간드림플란트치과병원,치과,055-325-7528,경남 김해시 김해대로 2361,"09:00 - 21:00
12:30 - 14:00 휴게시간",,"09:00 - 21:00
12:30 - 14:00 휴게시간","09:00 - 21:00
12:30 - 14:00 휴게시간
접기","09:00 - 21:00
12:30 - 14:00 휴게시간","09:00 - 21:00
12:30 - 14:00 휴게시간","09:00 - 21:00
12:30 - 14:00 휴게시간",
의료법인 센텀의료재단 서부산센텀병원,정형외과,1644-5530,부산 사상구 새벽로 226,"09:00 - 18:00
12:30 - 13:30 휴게시간
12:00, 17:30 접수마감",,"09:00 - 17:30
12:30 - 13:30 휴게시간
12:00, 17:00 접수마감","09:00 - 17:30
12:30 - 13:30 휴게시간
12:00, 17:00 접수마감","09:00 - 17:30
12:30 - 13:30 휴게시간
12:00, 17:00 접수마감","09:00 - 13:00
12:30 접수마감",정기휴무 (매주 일요일),
영진의료재단 엠아이병원,"병원,의원",055-339-8811,경남 김해시 번화1로44번길 6,"09:00 - 18:00
12:50 - 14:00 휴게시간","09:00 - 18:00
12:50 - 14:00 휴게시간","09:00 - 18:00
12:50 - 14:00 휴게시간","09:00 - 18:00
12:50 - 14:00 휴게시간","09:00 - 18:00
12:50 - 14:00 휴게시간",09:00 - 12:50,정기휴무 (매주 일요일),
김해시보건소,보건소,1577-9400,경남 김해시 분성로 227 김해시 보건소,"09:00 - 18:00
12:00 - 13:00 휴게시간",,"09:00 - 18:00
12:00 - 13:00 휴게시간","09:00 - 18:00
12:00 - 13:00 휴게시간","09:00 - 18:00
12:00 - 13:00 휴게시간",정기휴무 (매주 토요일),정기휴무 (매주 일요일),
서울안과의원,안과,055-327-7582,경남 김해시 내외중앙로 84 서울메디컬센터8F(망막/드림렌즈)9F(시력교정/백내장),"09:30 - 18:30
12:50 - 14:00 휴게시간",,"09:30 - 18:30
12:50 - 14:00 휴게시간","09:30 - 18:30
12:50 - 14:00 휴게시간","09:30 - 18:30
12:50 - 14:00 휴게시간",09:30 - 13:00,정기휴무 (매주 일요일),
윤종주정형외과 조현정내과의원,정형외과,051-714-7105,부산 사하구 낙동남로 1417 락희빌딩 3층(내과) 4층(정형외과),,,,,,,,
율하꿈나무병원,소아청소년과,055-331-9600,경남 김해시 율하3로 38,,,,,,,,
바로그의원 김해,피부과,055-724-3997,경남 김해시 가락로 19 아름다운 뉴욕 메디컬센터 3층,"10:00 - 19:00
13:00 - 14:00 휴게시간",,"10:00 - 19:00
13:00 - 14:00 휴게시간","10:00 - 19:00
13:00 - 14:00 휴게시간","10:00 - 21:00
13:00 - 14:00 휴게시간",10:00 - 15:00,정기휴무 (매주 일요일),
바른이비인후과의원,이비인후과,055-312-0222,경남 김해시 율하로 478 모산메디피아 3층,"09:00 - 18:25
12:30 - 14:00 휴게시간",,"09:00 - 18:25
12:30 - 14:00 휴게시간","09:00 - 18:25
12:30 - 14:00 휴게시간","09:00 - 18:25
12:30 - 14:00 휴게시간",09:00 - 12:55,정기휴무 (매주 일요일),
더조은이비인후과의원,이비인후과,051-311-7528,부산 사상구 사상로 200,"09:00 - 19:00
13:00 - 14:00 휴게시간
18:50 접수마감",,"09:00 - 19:00
13:00 - 14:00 휴게시간
18:50 접수마감","09:00 - 19:00
13:00 - 14:00 휴게시간
18:50 접수마감","09:00 - 19:00
13:00 - 14:00 휴게시간
18:50 접수마감","09:00 - 13:00
12:50 접수마감",정기휴무 (매주 일요일),
최안과의원,안과,055-327-1900,"경남 김해시 가락로 19 메디칼센터 7층, 8층 최안과의원","09:15 - 18:00
12:40 - 14:00 휴게시간",,"09:15 - 18:00
12:40 - 14:00 휴게시간","09:15 - 18:00
12:40 - 14:00 휴게시간
접기","09:15 - 19:00
12:40 - 14:00 휴게시간",09:15 - 15:00,정기휴무 (매주 일요일),
비에스(BS)숨이비인후과의원,이비인후과,1544-3898,"부산 사하구 낙동남로 1412 경부빌딩 7층, 8층","09:00 - 21:00
13:00 - 14:00 휴게시간",,"09:00 - 21:00
13:00 - 14:00 휴게시간","09:00 - 21:00
13:00 - 14:00 휴게시간
접기","09:00 - 21:00
13:00 - 14:00 휴게시간",09:00 - 17:00,09:00 - 13:00,
율하메디칼정형외과의원,정형외과,055-325-7881,경남 김해시 율하3로 21 율하메디칼,"09:00 - 18:30
12:30 - 14:00 휴게시간",,"09:00 - 18:30
12:30 - 14:00 휴게시간","09:00 - 18:30
12:30 - 14:00 휴게시간","09:00 - 18:30
12:30 - 14:00 휴게시간",09:00 - 12:30,정기휴무 (매주 일요일),
하나병원,"병원,의원",051-266-2600,부산 사하구 다대로 311,"09:00 - 17:30
12:30 - 13:30 휴게시간",,"09:00 - 17:30
12:30 - 13:30 휴게시간","09:00 - 17:00
12:30 - 13:30 휴게시간","09:00 - 17:30
12:30 - 13:30 휴게시간",09:00 - 12:30,정기휴무 (매주 일요일),
굿윌치과병원,치과,051-330-6000,부산 북구 금곡대로 28,09:00 - 21:00,,09:00 - 21:00,"09:00 - 21:00
접기",09:00 - 21:00,09:00 - 21:00,09:00 - 18:00,
백천피부과의원,피부과,051-204-1204,부산 사하구 낙동대로 212,"09:30 - 18:40
12:30 - 14:00 휴게시간",,"09:30 - 18:30
12:30 - 14:00 휴게시간",14:00 - 19:10,"09:30 - 18:30
12:30 - 14:00 휴게시간",09:30 - 14:40,정기휴무 (매주 일요일),
율하이비인후과의원,이비인후과,055-312-0302,경남 김해시 율하3로 37 경보센텀 4층 402호,"09:00 - 19:00
13:00 - 14:00 휴게시간",,"09:00 - 19:00
13:00 - 14:00 휴게시간","09:00 - 19:00
13:00 - 14:00 휴게시간
접기","09:00 - 19:00
13:00 - 14:00 휴게시간",08:30 - 14:00,정기휴무 (매주 일요일),
바로그의원 덕천,피부과,051-343-2255,부산 북구 만덕대로 24 4층,"10:00 - 19:00
13:00 - 14:00 휴게시간",,"10:00 - 19:00
13:00 - 14:00 휴게시간","10:00 - 19:00
13:00 - 14:00 휴게시간","10:00 - 21:00
13:00 - 14:00 휴게시간",10:00 - 15:00,정기휴무 (매주 일요일),
율하엘의원,피부과,0507-1417-6114,경남 김해시 율하1로 110 중앙프라자 601호,"09:30 - 18:30
12:30 - 14:00 휴게시간",,"09:30 - 18:30
12:30 - 14:00 휴게시간",09:30 - 18:30,"09:30 - 18:30
12:30 - 14:00 휴게시간",09:00 - 14:00,정기휴무 (매주 일요일),
굿윌치과병원,치과,0507-1440-6000,"부산 사하구 낙동남로 1412 경부빌딩 2F, 3F, 5F",09:00 - 21:00,,09:00 - 21:00,"09:00 - 21:00
접기",09:00 - 21:00,09:00 - 21:00,09:00 - 18:00,
박성욱피부과의원,피부과,051-204-8275,부산 사하구 낙동남로 1424 하단역 8번출구 동원빌딩 6층,"09:30 - 18:30
12:30 - 14:00 휴게시간",,"09:30 - 19:00
12:30 - 14:00 휴게시간",09:30 - 13:30,"09:30 - 18:30
12:30 - 14:00 휴게시간",09:30 - 13:30,정기휴무 (매주 일요일),
유&김내과의원,내과,0507-1340-7589,경남 김해시 인제로 168,09:00 - 18:00,,09:00 - 18:00,09:00 - 18:00,09:00 - 18:00,09:00 - 13:00,정기휴무 (매주 일요일),
강동병원,정형외과,051-209-1100,부산 사하구 다대로 145,"09:00 - 18:00
13:00 - 14:00 휴게시간",,"09:00 - 18:00
13:00 - 14:00 휴게시간","09:00 - 18:00
13:00 - 14:00 휴게시간
접기","09:00 - 18:00
13:00 - 14:00 휴게시간",09:00 - 13:00,09:00 - 22:00,
한빛내과의원,내과,055-323-1586,경남 김해시 인제로 190 선교메디칼빌딩 3층,"08:30 - 18:00
12:30 - 13:30 휴게시간
17:30 접수마감","08:30 - 18:00
12:30 - 13:30 휴게시간
17:30 접수마감","08:30 - 18:00
12:30 - 13:30 휴게시간
17:30 접수마감","08:30 - 18:00
12:30 - 13:30 휴게시간
17:30 접수마감
접기","08:30 - 18:00
12:30 - 13:30 휴게시간
17:30 접수마감","08:30 - 13:00
12:30 접수마감",정기휴무 (매주 일요일),
누가병원,종합병원,055-330-4000,경남 김해시 대청로104번길 80-1,"09:00 - 18:00
12:30 - 13:30 휴게시간",,"09:00 - 18:00
12:30 - 13:30 휴게시간","09:00 - 18:00
12:30 - 13:30 휴게시간","09:00 - 18:00
12:30 - 13:30 휴게시간",09:00 - 13:00,정기휴무 (매주 일요일),
재원메디컬의원,"병원,의원",051-305-7588,부산 사상구 사상로 236,"09:00 - 18:30
13:00 - 14:00 휴게시간",,"09:00 - 18:30
13:00 - 14:00 휴게시간",09:00 - 13:00,"09:00 - 18:30
13:00 - 14:00 휴게시간",08:30 - 13:00,정기휴무 (매주 일요일),
사하구보건소,보건소,051-220-5701,부산 사하구 하신중앙로 185 사하구 제2청사,"09:00 - 18:00
12:00 - 13:00 휴게시간","09:00 - 18:00
12:00 - 13:00 휴게시간","09:00 - 18:00
12:00 - 13:00 휴게시간","09:00 - 18:00
12:00 - 13:00 휴게시간
접기","09:00 - 18:00
12:00 - 13:00 휴게시간",정보없음,정보없음,
황정하이비인후과의원,이비인후과,055-314-7585,경남 김해시 월산로 1 농협,"09:00 - 18:30
13:00 - 14:00 휴게시간",,"09:00 - 18:30
13:00 - 14:00 휴게시간","09:00 - 18:30
13:00 - 14:00 휴게시간","09:00 - 18:30
13:00 - 14:00 휴게시간",09:00 - 14:00,정기휴무 (매주 일요일),
수사랑의원,내과,0507-1496-8088,경남 김해시 김해대로 2078 홈플러스,"10:00 - 20:00
12:30 - 14:00 휴게시간","10:00 - 20:00
12:30 - 14:00 휴게시간","10:00 - 20:00
12:30 - 14:00 휴게시간","10:00 - 20:00
12:30 - 14:00 휴게시간","10:00 - 20:00
12:30 - 14:00 휴게시간","10:00 - 20:00
12:30 - 14:00 휴게시간","10:00 - 18:00
12:30 - 14:00 휴게시간",
참사랑의원,"병원,의원",0507-1430-0340,경남 김해시 분성로 14-4 일동한신아파트 주상가 204호,"09:30 - 19:00
12:30 - 14:00 휴게시간",,"09:30 - 20:30
12:30 - 14:00 휴게시간","09:30 - 19:00
12:30 - 14:00 휴게시간
접기","09:30 - 19:00
12:30 - 14:00 휴게시간","09:30 - 17:00
12:30 - 14:00 휴게시간","09:30 - 17:00
12:30 - 14:00 휴게시간",
김해센텀병원,"병원,의원",055-330-9100,경남 김해시 구지로 56 김해센텀병원,"09:00 - 18:00
12:30 - 13:30 휴게시간",,"09:00 - 18:00
12:30 - 13:30 휴게시간","09:00 - 18:00
12:30 - 13:30 휴게시간","09:00 - 18:00
12:30 - 13:30 휴게시간",09:00 - 13:00,정기휴무 (매주 일요일),
고운정형외과의원,정형외과,055-333-0088,경남 김해시 번화1로80번길 15 다성빌딩 5층,,,"09:00 - 18:30
12:30 - 14:00 휴게시간
17:50 접수마감","09:00 - 20:00
12:30 - 14:00 휴게시간
19:20 접수마감","09:00 - 18:30
12:30 - 14:00 휴게시간
17:50 접수마감","09:00 - 13:00
12:20 접수마감",정기휴무 (매주 일요일),
백문기한의원,한의원,051-312-7648,부산 사상구 광장로87번길 63,"10:00 - 18:00
12:50 - 14:00 휴게시간",,"10:00 - 18:00
12:50 - 14:00 휴게시간","정기휴무 (매주 목요일)
접기","10:00 - 18:00
12:50 - 14:00 휴게시간","10:00 - 17:00
12:50 - 14:00 휴게시간",정기휴무 (매주 일요일),
바로그의원 하단,피부과,051-202-8272,부산 사하구 낙동남로 1412 경부빌딩 9층,"10:00 - 19:00
13:00 - 14:00 휴게시간
17:30 접수마감",,"10:00 - 19:00
13:00 - 14:00 휴게시간
17:30 접수마감","10:00 - 19:00
13:00 - 14:00 휴게시간
17:30 접수마감","10:00 - 21:00
13:00 - 14:00 휴게시간
19:30 접수마감","10:00 - 14:00
12:30 접수마감",정기휴무 (매주 일요일),
한사랑가정의원,소아청소년과,051-317-9234,부산 사상구 엄궁북로 24 한사랑가정의원,09:00 - 18:30,,09:00 - 18:30,09:00 - 18:30,09:00 - 18:30,09:00 - 13:30,정기휴무 (매주 일요일),
사상구보건소,보건소,051-310-4791,부산 사상구 학감대로 242,"09:00 - 18:00
12:00 - 13:00 휴게시간",,"09:00 - 18:00
12:00 - 13:00 휴게시간","09:00 - 18:00
12:00 - 13:00 휴게시간","09:00 - 18:00
12:00 - 13:00 휴게시간",정기휴무 (매주 토요일),정기휴무 (매주 일요일),
삼성본정형외과의원,정형외과,051-711-0280,부산 사상구 가야대로 276 M-suare 메디컬센터 8층,"09:00 - 18:30
12:30 - 14:00 휴게시간","09:00 - 18:30
12:30 - 14:00 휴게시간","09:00 - 18:30
12:30 - 14:00 휴게시간","09:00 - 18:30
12:30 - 14:00 휴게시간","09:00 - 18:30
12:30 - 14:00 휴게시간",09:00 - 13:00,정기휴무 (매주 일요일),
부산더키즈병원,소아청소년과,0507-1454-6003,"부산 사하구 다대로 234 5, 6, 8, 9층","09:00 - 19:00
12:30 - 14:00 휴게시간",,"09:00 - 19:00
12:30 - 14:00 휴게시간","09:00 - 19:00
12:30 - 14:00 휴게시간","09:00 - 19:00
12:30 - 14:00 휴게시간",09:00 - 13:00,09:00 - 13:00,
센텀코어더율의원,피부과,055-724-2449,경남 김해시 율하6로 56 율하메이저타워 6층 센텀코어더율의원,"10:00 - 19:30
12:30 - 14:00 휴게시간",,"10:00 - 19:30
12:30 - 14:00 휴게시간",14:30 - 20:00,"10:00 - 19:30
12:30 - 14:00 휴게시간","10:00 - 16:00
12:30 - 14:00 휴게시간",정기휴무 (매주 일요일),
프라임병원,"병원,의원",0507-1429-7833,부산 사하구 낙동남로 1410,"09:00 - 18:00
12:30 - 13:30 휴게시간","09:00 - 18:00
12:30 - 13:30 휴게시간","09:00 - 18:00
12:30 - 13:30 휴게시간","09:00 - 18:00
12:30 - 13:30 휴게시간","09:00 - 18:00
12:30 - 13:30 휴게시간",09:00 - 13:00,정기휴무 (매주 일요일),
큰나무정형외과의원,정형외과,055-313-3875,경남 김해시 능동로 161 제일프라자,"09:00 - 19:00
12:30 - 14:00 휴게시간",,09:00 - 13:00,"09:00 - 19:00
12:30 - 14:00 휴게시간","09:00 - 19:00
12:30 - 14:00 휴게시간",09:00 - 14:00,정기휴무 (매주 일요일),
the속시원내과의원,내과,051-265-2468,부산 사하구 다대로 550 5층,,,,,,,,
더큰병원 김해,신경외과,0507-1468-0926,경남 김해시 분성로 208 김해 the큰병원,"09:00 - 17:30
12:30 - 13:30 휴게시간","09:00 - 17:30
12:30 - 13:30 휴게시간","09:00 - 17:30
12:30 - 13:30 휴게시간","09:00 - 17:30
12:30 - 13:30 휴게시간
접기","09:00 - 17:30
12:30 - 13:30 휴게시간",09:00 - 13:00,정기휴무 (매주 일요일),
코아이비인후과의원,이비인후과,055-314-7599,경남 김해시 장유로 232 코아상가,"09:00 - 19:00
12:30 - 14:00 휴게시간",,"09:00 - 19:00
12:30 - 14:00 휴게시간","09:00 - 19:00
12:30 - 14:00 휴게시간","09:00 - 19:00
12:30 - 14:00 휴게시간",09:00 - 14:00,정기휴무 (매주 일요일),
세명병원,"병원,의원",055-540-7500,경남 창원시 진해구 용원서로 42 세명병원,"09:00 - 18:00
12:30 - 13:30 휴게시간","09:00 - 18:00
12:30 - 14:00 휴게시간","09:00 - 18:00
12:30 - 14:00 휴게시간","09:00 - 18:00
12:30 - 14:00 휴게시간","09:00 - 18:00
12:30 - 14:00 휴게시간",09:00 - 13:00,정기휴무 (매주 일요일),
성모이비인후과의원,이비인후과,051-316-1117,부산 사상구 낙동대로 786,"09:00 - 18:00
12:30 - 14:00 휴게시간",,"09:00 - 18:00
12:30 - 14:00 휴게시간","09:00 - 18:00
12:30 - 14:00 휴게시간","09:00 - 18:00
12:30 - 14:00 휴게시간",09:00 - 12:00,정기휴무 (매주 일요일),
사랑해소아청소년과연합의원,소아청소년과,055-323-3360,경남 김해시 율하1로 110 중앙프라자,"09:00 - 20:30
13:00 - 14:30 휴게시간",,"09:00 - 20:30
13:00 - 14:30 휴게시간","09:00 - 20:30
13:00 - 14:30 휴게시간","09:00 - 20:30
13:00 - 14:30 휴게시간",09:00 - 14:00,09:00 - 13:00,
굿모닝안과의원,안과,0507-1458-0391,경남 김해시 장유로 230 프리마빌딩,"09:10 - 18:00
13:00 - 14:00 휴게시간
17:30 접수마감",,"09:10 - 18:00
13:00 - 14:00 휴게시간
17:30 접수마감","09:10 - 18:00
13:00 - 14:00 휴게시간
17:30 접수마감","09:10 - 18:00
13:00 - 14:00 휴게시간
17:30 접수마감","09:10 - 13:00
12:30 접수마감",정기휴무 (매주 일요일),
킴스뷰티의원,피부과,051-205-9777,부산 사하구 낙동남로 1426,"10:00 - 19:00
14:00 - 15:00 휴게시간",,"10:00 - 19:00
14:00 - 15:00 휴게시간","10:00 - 22:00
14:00 - 15:00 휴게시간","10:00 - 19:00
14:00 - 15:00 휴게시간",10:00 - 16:00,정기휴무 (매주 일요일),
아름다운피부과의원,피부과,051-204-8114,부산 사하구 낙동대로 466,"09:30 - 18:30
12:30 - 14:00 휴게시간",,"09:30 - 18:30
12:30 - 14:00 휴게시간","09:30 - 18:30
12:30 - 14:00 휴게시간","10:00 - 19:30
12:30 - 14:00 휴게시간",09:30 - 14:00,정기휴무 (매주 일요일),
경희병원,"병원,의원",051-265-7575,부산 사하구 다대로 321,"09:00 - 18:00
13:00 - 14:00 휴게시간",,"09:00 - 18:00
13:00 - 14:00 휴게시간","09:00 - 18:00
13:00 - 14:00 휴게시간","09:00 - 18:00
13:00 - 14:00 휴게시간",09:00 - 13:00,정기휴무 (매주 일요일),
바른정형외과의원,정형외과,0507-1316-9399,경남 김해시 율하1로 106 네오프라자빌딩 6층,,,,"09:00 - 19:00
12:30 - 14:00 휴게시간
18:30 접수마감","09:00 - 19:00
12:30 - 14:00 휴게시간
18:30 접수마감","09:00 - 13:30
13:00 접수마감",정기휴무 (매주 일요일),
김인기내과의원,내과,055-314-3651,경남 김해시 계동로23번길 3-19,"09:00 - 18:30
12:30 - 14:00 휴게시간",,"09:00 - 18:30
12:30 - 14:00 휴게시간","09:00 - 18:30
12:30 - 14:00 휴게시간","09:00 - 18:30
12:30 - 14:00 휴게시간",09:00 - 13:00,정기휴무 (매주 일요일),
김해굿모닝병원,"병원,의원",055-335-0300,경남 김해시 분성로 444 굿모닝빌딩,,,,,,,,
뮤즈의원 김해,피부과,1522-4340,경남 김해시 내외중앙로 92 5층 뮤즈의원 김해,10:00 - 20:00,,10:00 - 20:00,"10:00 - 20:00
접기",10:00 - 20:00,10:00 - 16:00,정기휴무 (매주 일요일),
김은영내과의원,내과,051-202-7722,부산 사하구 낙동남로 1389 이든 빌딩 6층 - 진료실,"08:30 - 18:30
12:30 - 14:00 휴게시간",,"08:30 - 18:30
12:30 - 14:00 휴게시간","08:30 - 18:30
12:30 - 14:00 휴게시간
접기","08:30 - 18:30
12:30 - 14:00 휴게시간",08:30 - 14:00,정기휴무 (매주 일요일),
서울피부과의원,피부과,055-327-0651,경남 김해시 내외중앙로 62 종로엠스쿨,"09:30 - 19:00
12:30 - 14:00 휴게시간",,"09:30 - 19:00
12:30 - 14:00 휴게시간",정기휴무 (매주 목요일),"09:30 - 19:00
12:30 - 14:00 휴게시간",09:30 - 17:00,정기휴무 (매주 일요일),
예인의원,내과,051-317-7855,부산 사상구 광장로 17 이마트,"10:00 - 20:00
13:00 - 14:00 휴게시간
18:00 - 18:30 휴게시간",,"10:00 - 20:00
13:00 - 14:00 휴게시간
18:00 - 18:30 휴게시간","10:00 - 20:00
13:00 - 14:00 휴게시간
18:00 - 18:30 휴게시간
접기","10:00 - 20:00
13:00 - 14:00 휴게시간
18:00 - 18:30 휴게시간","10:00 - 17:00
13:00 - 14:00 휴게시간","10:00 - 17:00
13:00 - 14:00 휴게시간",
속시원내과의원,내과,055-312-9955,경남 김해시 능동로155번길 2,"09:00 - 18:30
13:00 - 14:00 휴게시간",,"09:00 - 18:30
13:00 - 14:00 휴게시간","09:00 - 18:30
13:00 - 14:00 휴게시간","09:00 - 18:30
13:00 - 14:00 휴게시간",09:00 - 15:00,정기휴무 (매주 일요일),
오이비인후과의원,이비인후과,055-323-6525,경남 김해시 율하1로 106 4층,"09:00 - 19:00
13:00 - 14:00 휴게시간",,"09:00 - 19:00
13:00 - 14:00 휴게시간","09:00 - 19:00
13:00 - 14:00 휴게시간
접기","09:00 - 19:00
13:00 - 14:00 휴게시간",08:45 - 16:00,정기휴무 (매주 일요일),
한나이비인후과의원,이비인후과,055-314-8900,경남 김해시 번화1로80번길 15 다성빌딩,"09:00 - 18:40
12:30 - 14:00 휴게시간
18:30 접수마감","09:00 - 18:40
12:30 - 14:00 휴게시간
18:30 접수마감","09:00 - 18:40
12:30 - 14:00 휴게시간
18:30 접수마감","09:00 - 18:40
12:30 - 14:00 휴게시간
18:30 접수마감
접기","09:00 - 18:40
12:30 - 14:00 휴게시간
18:30 접수마감","09:00 - 13:20
13:10 접수마감",정기휴무 (매주 일요일),
쉬즈라인의원 덕천점,성형외과,051-331-8877,부산 북구 만덕대로 22,"10:00 - 20:30
13:00 - 14:00 휴게시간",,"10:00 - 20:30
13:00 - 14:00 휴게시간","10:00 - 20:30
13:00 - 14:00 휴게시간
접기","10:00 - 20:30
13:00 - 14:00 휴게시간","10:00 - 16:00
13:00 - 14:00 휴게시간",정기휴무 (매주 일요일),
온맘여성한의원 부산덕천,한의원,0507-1394-0333,부산 북구 백양대로 1200 정수빌딩 3층,"10:00 - 20:30
13:00 - 14:00 휴게시간","10:00 - 18:30
13:00 - 14:00 휴게시간","10:00 - 20:30
13:00 - 14:00 휴게시간",정기휴무 (매주 목요일),"10:00 - 20:30
13:00 - 14:00 휴게시간",10:00 - 16:00,정기휴무 (매주 일요일),
장윤석이비인후과의원,이비인후과,051-341-9525,부산 북구 백양대로 1013-1 용원상가빌,"09:00 - 19:00
12:30 - 14:00 휴게시간",,"14:00 - 20:00
12:30 - 14:00 휴게시간","09:00 - 19:00
12:30 - 14:00 휴게시간","09:00 - 19:00
12:30 - 14:00 휴게시간","09:00 - 14:00
12:30 - 14:00 휴게시간",정기휴무 (매주 일요일),
부산내과의원,내과,051-291-9550,부산 사하구 낙동대로 449,"08:50 - 18:20
13:00 - 14:00 휴게시간
18:00 접수마감",,"08:50 - 18:20
13:00 - 14:00 휴게시간
18:00 접수마감","08:50 - 18:20
13:00 - 14:00 휴게시간
18:00 접수마감","08:50 - 18:20
13:00 - 14:00 휴게시간
18:00 접수마감","08:50 - 15:20
13:00 - 13:40 휴게시간
15:00 접수마감",정기휴무 (매주 일요일),
좋은삼선병원,종합병원,051-322-0900,부산 사상구 가야대로 326,"09:00 - 18:00
12:30 - 13:30 휴게시간",,"09:00 - 17:00
12:30 - 13:30 휴게시간","09:00 - 17:00
12:30 - 13:30 휴게시간","09:00 - 17:00
12:30 - 13:30 휴게시간",09:00 - 13:00,정기휴무 (매주 일요일),
하얀피부과의원,피부과,055-338-7791,경남 김해시 가락로 26,"09:00 - 18:00
12:30 - 14:00 휴게시간",,"09:00 - 18:00
12:30 - 14:00 휴게시간",09:00 - 12:30,"09:00 - 20:00
12:30 - 14:00 휴게시간",09:00 - 14:30,정기휴무 (매주 일요일),
예원이비인후과의원,이비인후과,055-323-7582,경남 김해시 인제로 174 포세븐 게임랜드,"09:00 - 18:20
12:40 - 14:00 휴게시간",,"09:00 - 18:20
12:40 - 14:00 휴게시간","09:00 - 18:20
12:40 - 14:00 휴게시간","09:00 - 18:20
12:40 - 14:00 휴게시간",09:00 - 13:00,정기휴무 (매주 일요일),
오늘더맑음의원,소아청소년과,055-724-2575,경남 김해시 율하6로 49 솔리비오빌딩 4층,"09:30 - 19:30
12:30 - 14:00 휴게시간
19:15 접수마감",,"09:30 - 19:30
12:30 - 14:00 휴게시간
19:15 접수마감","09:30 - 19:30
12:30 - 14:00 휴게시간
19:15 접수마감","09:30 - 19:30
12:30 - 14:00 휴게시간
19:15 접수마감","09:30 - 14:00
13:45 접수마감",정기휴무 (매주 일요일),
명인내과의원,내과,051-321-2119,부산 사상구 낙동대로 790 신우프라자,"09:00 - 18:30
13:00 - 14:00 휴게시간",,09:00 - 13:00,"09:00 - 18:30
13:00 - 14:00 휴게시간","09:00 - 18:30
13:00 - 14:00 휴게시간",09:00 - 13:00,정기휴무 (매주 일요일),
김윤원정신건강의학과의원,정신건강의학과,051-361-8875,부산 북구 만덕대로 15,"09:30 - 18:30
13:00 - 14:00 휴게시간",,"09:30 - 18:30
13:00 - 14:00 휴게시간",14:00 - 18:30,"09:30 - 18:30
13:00 - 14:00 휴게시간",09:30 - 14:00,정기휴무 (매주 일요일),
용원성모안과의원,안과,055-546-2002,경남 창원시 진해구 안골로 338,"09:00 - 18:00
13:00 - 14:00 휴게시간",,,"09:00 - 18:00
13:00 - 14:00 휴게시간","09:00 - 18:00
13:00 - 14:00 휴게시간",,정기휴무 (매주 일요일),
김동진정신건강의학과의원,정신건강의학과,051-263-0911,부산 사하구 다대로 547 4층,"09:30 - 18:30
13:00 - 14:30 휴게시간
18:15 접수마감",,"09:30 - 18:30
13:00 - 14:30 휴게시간
18:15 접수마감","09:30 - 18:30
13:00 - 14:30 휴게시간
18:15 접수마감","09:30 - 18:30
13:00 - 14:30 휴게시간
18:15 접수마감","09:00 - 13:00
12:45 접수마감",정기휴무 (매주 일요일),
장림한서병원,"병원,의원",051-262-3344,부산 사하구 다대로 315,"08:30 - 17:00
12:30 - 13:30 휴게시간",,"08:30 - 17:00
12:30 - 13:30 휴게시간","08:30 - 17:00
12:30 - 13:30 휴게시간","08:30 - 17:00
12:30 - 13:30 휴게시간",08:30 - 12:30,정기휴무 (매주 일요일),
안호식소아청소년과의원,소아청소년과,051-311-1114,부산 사상구 가야대로 274,"09:00 - 18:00
13:00 - 14:00 휴게시간","09:00 - 18:00
13:00 - 14:00 휴게시간","09:00 - 18:00
13:00 - 14:00 휴게시간","09:00 - 18:00
13:00 - 14:00 휴게시간
접기","09:00 - 18:00
13:00 - 14:00 휴게시간",09:00 - 13:00,정보없음,
이현연합의원,소아청소년과,055-551-6220,경남 창원시 진해구 신항동로 141 애플타운헤리티지 2층 205호,"09:00 - 18:30
12:30 - 14:00 휴게시간",,"09:00 - 18:30
12:30 - 14:00 휴게시간","09:00 - 18:30
12:30 - 14:00 휴게시간","09:00 - 18:30
12:30 - 14:00 휴게시간",09:00 - 13:00,정기휴무 (매주 일요일),
더탄탄병원,정형외과,0507-1397-1000,"부산 사하구 사하로 189 상가 201호, 301호, 401호","09:00 - 17:00
12:30 - 13:30 휴게시간",,"09:00 - 17:00
12:30 - 13:30 휴게시간","09:00 - 17:00
12:30 - 13:30 휴게시간","09:00 - 17:00
12:30 - 13:30 휴게시간",09:00 - 13:00,정기휴무 (매주 일요일),
덕천김안과의원,안과,051-334-3632,부산 북구 만덕대로 14,"09:30 - 18:00
13:00 - 14:00 휴게시간",,"09:30 - 18:00
13:00 - 14:00 휴게시간","09:30 - 18:00
13:00 - 14:00 휴게시간
접기","09:30 - 18:00
13:00 - 14:00 휴게시간",09:30 - 12:30,정기휴무 (매주 일요일),
이재홍내과의원,내과,055-326-6030,경남 김해시 내외로 79 2층,09:00 - 18:30,,09:00 - 18:30,09:00 - 18:30,09:00 - 18:30,09:00 - 14:00,정기휴무 (매주 일요일),
사랑가득안과의원,안과,051-291-0015,부산 사하구 낙동남로 1412 경부빌딩 4층,"09:00 - 18:00
17:30 접수마감",,"09:00 - 18:00
17:30 접수마감","09:00 - 18:00
17:30 접수마감","09:00 - 18:00
17:30 접수마감","09:00 - 14:00
13:30 접수마감",정기휴무 (매주 일요일),
서희내과의원,내과,051-266-5789,부산 사하구 다송로 14,"09:00 - 18:00
12:50 - 14:00 휴게시간",,"09:00 - 18:00
12:50 - 14:00 휴게시간","09:00 - 18:00
12:50 - 14:00 휴게시간","09:00 - 18:00
12:50 - 14:00 휴게시간",09:00 - 13:00,정기휴무 (매주 일요일),
율하김내과의원,내과,055-321-7696,경남 김해시 율하3로 21 율하메디칼,09:00 - 18:30,,09:00 - 18:30,09:00 - 18:30,09:00 - 18:30,09:00 - 13:00,정기휴무 (매주 일요일),
강기영가정의학과의원,가정의학과,051-265-8122,부산 사하구 다대낙조2길 100 상가동 309호,"09:00 - 18:30
12:30 - 14:00 휴게시간",,09:00 - 13:00,"09:00 - 18:30
12:30 - 14:00 휴게시간","09:00 - 18:30
12:30 - 14:00 휴게시간",09:00 - 13:00,정기휴무 (매주 일요일),
필업비뇨기과의원,비뇨의학과,051-317-7582,부산 사상구 광장로 77,"09:30 - 18:00
12:45 - 14:00 휴게시간",,"09:30 - 18:00
12:45 - 14:00 휴게시간","09:30 - 18:00
12:45 - 14:00 휴게시간","09:30 - 18:00
12:45 - 14:00 휴게시간",09:30 - 12:30,정기휴무 (매주 일요일),
삼성노블의원,성형외과,055-326-4321,경남 김해시 내외중앙로 59 내동 햄튼타워 6층 601호,"09:30 - 19:00
13:00 - 14:00 휴게시간",,"09:30 - 19:00
13:00 - 14:00 휴게시간","09:30 - 19:00
13:00 - 14:00 휴게시간",14:00 - 21:00,09:30 - 15:00,정기휴무 (매주 일요일),
하단성모안과의원,안과,051-791-0075,부산 사하구 낙동대로 448 5층,"09:00 - 18:00
13:00 - 14:00 휴게시간",,"09:00 - 18:00
13:00 - 14:00 휴게시간","09:00 - 18:00
13:00 - 14:00 휴게시간","09:00 - 18:00
13:00 - 14:00 휴게시간",09:00 - 13:00,정기휴무 (매주 일요일),
연세힐라치과의원,치과,055-312-9100,"경남 김해시 능동로 161 제일프라자 5,7층","09:30 - 19:00
13:00 - 14:30 휴게시간",,"09:30 - 19:00
13:00 - 14:30 휴게시간","09:30 - 20:30
13:00 - 14:30 휴게시간","09:30 - 19:00
13:00 - 14:30 휴게시간",09:30 - 14:00,정기휴무 (매주 일요일),
우리이비인후과의원,이비인후과,055-552-8600,경남 창원시 진해구 안골로 336 형제빌딩,"09:00 - 18:00
13:00 - 14:00 휴게시간",,"09:00 - 18:00
13:00 - 14:00 휴게시간","09:00 - 18:00
13:00 - 14:00 휴게시간","09:00 - 18:00
13:00 - 14:00 휴게시간",09:00 - 13:00,정기휴무 (매주 일요일),
늘푸른의원,내과,0507-1304-0449,경남 김해시 함박로101번길 6 임호빌딩,"09:00 - 18:30
13:00 - 14:00 휴게시간",,"09:00 - 18:30
13:00 - 14:00 휴게시간","09:00 - 18:30
13:00 - 14:00 휴게시간
접기","09:00 - 18:30
13:00 - 14:00 휴게시간",09:00 - 15:00,09:00 - 14:00,
보훈공단 부산보훈병원,보훈병원,1800-3100,부산 사상구 백양대로 420,"09:00 - 17:00
12:30 - 13:30 휴게시간",,"09:00 - 17:00
12:30 - 13:30 휴게시간","09:00 - 17:00
12:30 - 13:30 휴게시간","09:00 - 17:00
12:30 - 13:30 휴게시간",정기휴무 (매주 토요일),정기휴무 (매주 일요일),
더나은365한의원 김해점,한의원,055-334-0365,경남 김해시 율하3로 53 경보프라자 2층,"10:00 - 20:00
13:00 - 14:00 휴게시간",,"10:00 - 20:00
13:00 - 14:00 휴게시간","10:00 - 20:00
13:00 - 14:00 휴게시간
접기","10:00 - 20:00
13:00 - 14:00 휴게시간",10:00 - 15:00,10:00 - 15:00,
서울새싹병원,소아청소년과,055-312-9000,경남 김해시 율하3로 53,"09:00 - 18:30
13:00 - 14:30 휴게시간",,"09:00 - 18:30
13:00 - 14:30 휴게시간","09:00 - 18:30
13:00 - 14:30 휴게시간","09:00 - 18:30
13:00 - 14:30 휴게시간",09:00 - 13:00,,
공감정신건강의학과의원,정신건강의학과,055-325-8275,경남 김해시 능동로149번길 6,"09:00 - 18:00
13:00 - 14:00 휴게시간
17:00 접수마감",,"09:00 - 13:00
12:00 접수마감","09:00 - 18:00
13:00 - 14:00 휴게시간
17:00 접수마감","09:00 - 18:00
13:00 - 14:00 휴게시간
17:00 접수마감","09:00 - 13:00
12:00 접수마감",정기휴무 (매주 일요일),
장사랑내과영상의학과의원,내과,051-207-1088,부산 사하구 낙동대로 438,08:00 - 18:00,,08:00 - 18:00,08:00 - 18:00,08:00 - 18:00,08:00 - 14:00,정기휴무 (매주 일요일),
늘푸른내과의원,내과,055-313-0095,경남 김해시 번화1로79번길 2 2층,09:00 - 18:00,,09:00 - 18:00,09:00 - 18:00,09:00 - 18:00,09:00 - 13:00,09:00 - 18:00,
선샤인피부과의원,피부과,0507-1495-3210,부산 사상구 가야대로 276 엘리트치과병원건물 3층 선샤인피부과의원,"09:30 - 20:00
13:00 - 14:30 휴게시간",,"09:30 - 19:00
13:00 - 14:30 휴게시간","09:30 - 19:00
13:00 - 14:30 휴게시간","09:30 - 20:00
13:00 - 14:30 휴게시간",09:30 - 14:00,정기휴무 (매주 일요일),
고운나라피부과의원,피부과,055-338-7510,경남 김해시 내외중앙로 57 경남프라자,"10:00 - 18:00
17:30 접수마감",,"10:00 - 18:00
17:30 접수마감",정기휴무 (매주 목요일),"10:00 - 18:00
17:30 접수마감","10:00 - 16:00
15:30 접수마감",정기휴무 (매주 일요일),
박만규피부과의원,피부과,0507-1492-5445,부산 사상구 가야대로 272,"09:10 - 18:00
13:00 - 14:00 휴게시간
17:30 접수마감",,"09:10 - 18:00
13:00 - 14:00 휴게시간
17:30 접수마감","09:10 - 18:00
13:00 - 14:00 휴게시간
17:30 접수마감","09:10 - 18:00
13:00 - 14:00 휴게시간
17:30 접수마감","09:10 - 13:00
12:30 접수마감",정기휴무 (매주 일요일),
괴정아트치과의원,치과,051-204-2801,"부산 사하구 사하로 189 307,308호","09:30 - 19:00
12:30 - 14:00 휴게시간
18:30 접수마감",,"09:30 - 19:00
12:30 - 14:00 휴게시간
18:30 접수마감","14:00 - 20:00
19:30 접수마감","09:30 - 19:00
12:30 - 14:00 휴게시간
18:30 접수마감","09:30 - 13:00
12:30 접수마감",정기휴무 (매주 일요일),
가본이비인후과의원,이비인후과,051-325-5075,부산 사상구 엄궁북로 22,"09:00 - 18:30
12:30 - 14:00 휴게시간",,"09:00 - 18:30
12:30 - 14:00 휴게시간","09:00 - 18:30
12:30 - 14:00 휴게시간","09:00 - 18:30
12:30 - 14:00 휴게시간",09:00 - 13:00,정기휴무 (매주 일요일),
한마음정형외과의원,정형외과,055-552-0052,경남 창원시 진해구 용원로 9 엠파이어상가 4층 402호,"09:00 - 19:00
13:00 - 14:00 휴게시간
18:50 접수마감",,정기휴무 (매주 수요일),"09:00 - 19:00
13:00 - 14:00 휴게시간
18:50 접수마감","09:00 - 19:00
13:00 - 14:00 휴게시간
18:50 접수마감","09:00 - 13:00
12:50 접수마감",정기휴무 (매주 일요일),
메이퓨어의원 부산덕천점,피부과,051-337-9960,부산 북구 만덕대로 16 8층,10:30 - 20:30,,10:30 - 20:30,10:30 - 20:30,10:30 - 20:30,10:00 - 17:00,정기휴무 (매주 일요일),
굿모닝대홍병원,외과,0507-1428-0025,경남 김해시 분성로 180 해산빌딩,"09:00 - 17:00
12:30 - 14:00 휴게시간
16:30 접수마감",,"09:00 - 17:00
12:30 - 14:00 휴게시간
16:30 접수마감","09:00 - 17:00
12:30 - 14:00 휴게시간
16:30 접수마감","09:00 - 19:30
12:30 - 14:00 휴게시간
19:00 접수마감","09:00 - 12:30
12:00 접수마감",정기휴무 (매주 일요일),
율하수안피부과의원,피부과,055-723-3070,경남 김해시 율하3로 38 경보오션 6층,"09:30 - 18:30
12:30 - 14:00 휴게시간",,14:00 - 19:30,"09:30 - 18:30
12:30 - 14:00 휴게시간","09:30 - 18:30
12:30 - 14:00 휴게시간",09:30 - 13:30,정기휴무 (매주 일요일),
탑치과의원,치과,051-266-8275,부산 사하구 다대로 550 해랑빌딩 2층,"09:30 - 19:00
13:00 - 14:00 휴게시간
18:00 접수마감",,"09:30 - 13:00
12:00 접수마감","09:30 - 19:00
13:00 - 14:00 휴게시간
18:00 접수마감","09:30 - 19:00
13:00 - 14:00 휴게시간
18:00 접수마감","09:30 - 14:00
13:00 접수마감",정기휴무 (매주 일요일),
수정안과의원,안과,051-331-7575,부산 북구 만덕대로 5,"09:00 - 18:00
13:00 - 14:00 휴게시간",,"09:00 - 18:00
13:00 - 14:00 휴게시간","09:00 - 18:00
13:00 - 14:00 휴게시간","09:00 - 18:00
13:00 - 14:00 휴게시간",09:00 - 16:00,정기휴무 (매주 일요일),
윤이비인후과의원,이비인후과,055-312-7731,경남 김해시 능동로 159,"09:00 - 19:00
13:00 - 14:00 휴게시간",,"09:00 - 19:00
13:00 - 14:00 휴게시간","09:00 - 19:00
13:00 - 14:00 휴게시간","09:00 - 19:00
13:00 - 14:00 휴게시간",09:00 - 16:00,정기휴무 (매주 일요일),
부산탑이비인후과의원,이비인후과,051-710-7655,부산 사상구 가야대로 276 M-square 메디컬센터 5층 501호 (주례동),"09:00 - 18:30
12:30 - 14:00 휴게시간",,"09:00 - 18:30
12:30 - 14:00 휴게시간","09:00 - 18:30
12:30 - 14:00 휴게시간
접기","09:00 - 18:30
12:30 - 14:00 휴게시간",09:00 - 13:00,정기휴무 (매주 일요일),
생각나는이비인후과의원,이비인후과,051-201-5656,부산 사하구 하신번영로 199 3층,"09:00 - 18:30
12:30 - 14:00 휴게시간",,09:00 - 13:00,"09:00 - 18:30
12:30 - 14:00 휴게시간","09:00 - 18:30
12:30 - 14:00 휴게시간",09:00 - 13:00,정기휴무 (매주 일요일),
새한빛정형외과의원,정형외과,055-327-7525,경남 김해시 활천로 229 한빛메디칼센터,"09:00 - 18:00
12:30 - 13:30 휴게시간",,"09:00 - 18:00
12:30 - 13:30 휴게시간","09:00 - 18:00
12:30 - 13:30 휴게시간","09:00 - 18:00
12:30 - 13:30 휴게시간",09:00 - 12:00,정기휴무 (매주 일요일),
365엠아이치과의원,치과,055-311-2879,"경남 김해시 번화1로44번길 6 엠아이병원 신관 4층, 5층(대청동 다이소 뒤편)","10:00 - 21:00
13:00 - 14:00 휴게시간
17:00 - 18:00 휴게시간",,"10:00 - 21:00
13:00 - 14:00 휴게시간
17:00 - 18:00 휴게시간","10:00 - 21:00
13:00 - 14:00 휴게시간
17:00 - 18:00 휴게시간","10:00 - 21:00
13:00 - 14:00 휴게시간
17:00 - 18:00 휴게시간","10:00 - 17:00
13:00 - 14:00 휴게시간","10:00 - 17:00
13:00 - 14:00 휴게시간",
참사랑의원,가정의학과,051-304-7584,부산 사상구 덕상로 14 대원빌딩,"09:00 - 18:30
12:30 - 14:00 휴게시간",,"09:00 - 18:30
12:30 - 14:00 휴게시간","09:00 - 18:30
12:30 - 14:00 휴게시간","09:00 - 18:30
12:30 - 14:00 휴게시간",09:00 - 13:00,정기휴무 (매주 일요일),
한국한센복지협회 부산지부 부설 복지의원,피부과,051-262-7511,부산 사하구 다대로 263 5층 501호,"09:00 - 18:00
12:30 - 13:30 휴게시간
17:30 접수마감",,"09:00 - 18:00
12:30 - 13:30 휴게시간
17:30 접수마감","09:00 - 18:00
12:30 - 13:30 휴게시간
17:30 접수마감","09:00 - 18:00
12:30 - 13:30 휴게시간
17:30 접수마감","09:00 - 13:00
12:30 접수마감",정기휴무 (매주 일요일),
정한의원,한의원,055-311-0001,경남 김해시 율하3로 5 정한의원,,,"09:30 - 17:00
12:30 - 14:00 휴게시간",14:00 - 20:00,"09:30 - 17:00
12:30 - 14:00 휴게시간",,,
시원한이비인후과의원,이비인후과,051-202-3447,부산 사하구 낙동대로 448 3층,"09:30 - 18:15
13:00 - 14:30 휴게시간
18:10 접수마감",,"09:30 - 18:15
13:00 - 14:30 휴게시간
18:10 접수마감","09:30 - 18:15
13:00 - 14:30 휴게시간
18:10 접수마감","09:30 - 18:15
13:00 - 14:30 휴게시간
18:10 접수마감","09:30 - 13:00
12:55 접수마감",정기휴무 (매주 일요일),
장유어린이치과의원,치과,055-314-1275,경남 김해시 능동로 157 거북빌딩 4층,"09:30 - 18:00
13:00 - 14:30 휴게시간",,"09:30 - 18:00
13:00 - 14:30 휴게시간","09:30 - 18:00
13:00 - 14:30 휴게시간","09:30 - 18:00
13:00 - 14:30 휴게시간",09:30 - 13:00,정기휴무 (매주 일요일),
율하봄소아청소년과의원,소아청소년과,055-325-5050,경남 김해시 율하6로 56 메이저타워 3층,"09:00 - 19:00
12:30 - 14:00 휴게시간",,"09:00 - 19:00
12:30 - 14:00 휴게시간","09:00 - 19:00
12:30 - 14:00 휴게시간","09:00 - 19:00
12:30 - 14:00 휴게시간",09:00 - 14:00,정기휴무 (매주 일요일),
중앙자모산부인과의원,산부인과,055-325-6789,경남 김해시 인제로 159 2층,10:00 - 16:00,,정기휴무 (매주 수요일),10:00 - 16:00,10:00 - 16:00,정기휴무 (매주 토요일),정기휴무 (매주 일요일),
덕천필피부과의원,피부과,0507-1412-1236,부산 북구 만덕대로 22 드림메디칼빌딩 6층,"09:30 - 17:30
12:50 - 14:00 휴게시간",,"09:30 - 17:30
12:50 - 14:00 휴게시간",14:00 - 17:30,"09:30 - 17:30
12:50 - 14:00 휴게시간",09:30 - 12:30,정기휴무 (매주 일요일),
하나의원,피부과,0507-1423-3111,경남 김해시 번화1로80번길 15 다성빌딩,"09:00 - 18:30
12:30 - 14:00 휴게시간",,09:00 - 12:30,"09:00 - 18:30
12:30 - 14:00 휴게시간","09:00 - 18:30
12:30 - 14:00 휴게시간",09:00 - 13:30,정기휴무 (매주 일요일),
부산자생한방병원,한방병원,1577-0007,"부산 사하구 낙동남로 1427 6, 7, 8, 9층","09:00 - 19:00
13:00 - 14:00 휴게시간
12:00 접수마감",,"09:00 - 19:00
13:00 - 14:00 휴게시간
12:00 접수마감","09:00 - 19:00
13:00 - 14:00 휴게시간
12:00 접수마감","09:00 - 19:00
13:00 - 14:00 휴게시간
12:00 접수마감","09:00 - 18:00
13:00 - 14:00 휴게시간
12:00 접수마감",정기휴무 (매주 일요일),
당당한방병원 김해,한방병원,055-331-2020,"경남 김해시 가락로 23 당당메디컬센터 5, 6, 7, 8, 9층","09:00 - 20:30
12:30 - 14:00 휴게시간",,"09:00 - 20:30
12:30 - 14:00 휴게시간","09:00 - 20:30
12:30 - 14:00 휴게시간","09:00 - 20:30
12:30 - 14:00 휴게시간",09:00 - 15:00,정기휴무 (매주 일요일),
배주한피부과의원,피부과,051-204-7870,부산 사하구 낙동대로 213,09:30 - 19:00,,09:30 - 19:00,09:30 - 19:00,09:30 - 19:00,09:30 - 13:00,정기휴무 (매주 일요일),
지상근내과의원,내과,051-207-9862,부산 사하구 낙동대로 162 2층,"09:00 - 18:30
13:00 - 14:00 휴게시간","09:00 - 18:30
13:00 - 14:00 휴게시간","09:00 - 18:30
13:00 - 14:00 휴게시간","09:00 - 18:30
13:00 - 14:00 휴게시간
접기","09:00 - 18:30
13:00 - 14:00 휴게시간",09:00 - 14:00,정기휴무 (매주 일요일),
더맑은피부과의원,피부과,055-339-9100,경남 김해시 능동로167번길 1,"09:30 - 19:30
12:30 - 14:00 휴게시간
19:20 접수마감",,"09:30 - 12:30
12:20 접수마감","09:30 - 19:30
12:30 - 14:00 휴게시간
19:20 접수마감","09:30 - 18:00
12:30 - 14:00 휴게시간
17:50 접수마감","09:00 - 13:00
12:50 접수마감",정기휴무 (매주 일요일),
에디스여성병원,산부인과,051-206-0999,부산 사하구 낙동대로 361,"09:00 - 19:30
13:00 - 14:00 휴게시간",,"09:00 - 19:30
13:00 - 14:00 휴게시간","09:00 - 19:30
13:00 - 14:00 휴게시간
접기","09:00 - 19:30
13:00 - 14:00 휴게시간",09:00 - 15:00,09:00 - 13:00,
새봄산부인과의원,산부인과,051-311-1331,부산 사상구 광장로 77 4층,"09:30 - 19:00
13:00 - 14:00 휴게시간
18:50 접수마감",,"09:30 - 19:00
13:00 - 14:00 휴게시간
18:50 접수마감","09:30 - 19:00
13:00 - 14:00 휴게시간
18:50 접수마감","09:30 - 19:00
13:00 - 14:00 휴게시간
18:50 접수마감","09:30 - 15:30
13:00 - 14:00 휴게시간
15:20 접수마감",정기휴무 (매주 일요일),
서울소아청소년과의원,소아청소년과,055-314-7007,경남 김해시 번화1로80번길 5,09:00 - 18:00,09:00 - 18:00,09:00 - 18:00,"09:00 - 18:00
접기",09:00 - 18:00,09:00 - 12:30,정보없음,
뉴본여성의원,산부인과,051-291-7777,부산 사하구 낙동대로 234 조일빌딩,"09:00 - 19:00
13:00 - 14:00 휴게시간",,"09:00 - 19:00
13:00 - 14:00 휴게시간","09:00 - 19:00
13:00 - 14:00 휴게시간","09:00 - 18:00
13:00 - 14:00 휴게시간",09:00 - 15:00,정기휴무 (매주 일요일),
새힘정형외과의원,정형외과,051-293-7582,"부산 사하구 하신번영로 183 2,3,5,6층","09:00 - 18:00
13:00 - 14:00 휴게시간
12:50, 17:50 접수마감",,"09:00 - 18:00
13:00 - 14:00 휴게시간
12:50, 17:50 접수마감","09:00 - 18:00
13:00 - 14:00 휴게시간
12:50, 17:50 접수마감","09:00 - 18:00
13:00 - 14:00 휴게시간
12:50, 17:50 접수마감","09:00 - 13:00
12:50 접수마감",정기휴무 (매주 일요일),
굿보스톤치과의원,치과,0507-1321-5387,경남 김해시 인제로 182 2층 202호,"09:40 - 19:00
13:00 - 14:30 휴게시간
18:30 접수마감",,"14:30 - 20:00
19:30 접수마감","09:40 - 13:00
12:30 접수마감","09:40 - 20:00
13:00 - 14:30 휴게시간
19:30 접수마감","09:40 - 13:30
13:00 접수마감",정기휴무 (매주 일요일),
율하부부치과의원,치과,0507-1434-2877,경남 김해시 율하3로 49 유성프라자 401호,"09:30 - 19:00
12:30 - 14:00 휴게시간",,"09:30 - 19:00
12:30 - 14:00 휴게시간","09:30 - 19:00
12:30 - 14:00 휴게시간","09:30 - 19:00
12:30 - 14:00 휴게시간",09:00 - 13:00,정기휴무 (매주 일요일),
김해시서부보건소,보건소,1577-9400,경남 김해시 능동로 149,"09:00 - 18:00
12:00 - 13:00 휴게시간",,"09:00 - 18:00
12:00 - 13:00 휴게시간","09:00 - 18:00
12:00 - 13:00 휴게시간","09:00 - 18:00
12:00 - 13:00 휴게시간",정기휴무 (매주 토요일),정기휴무 (매주 일요일),
이본의원,성형외과,051-202-0060,부산 사하구 낙동대로 451 금동빌딩,10:00 - 19:00,,10:00 - 19:00,10:00 - 19:00,10:00 - 21:00,10:00 - 15:00,정기휴무 (매주 일요일),
서정출이비인후과의원,이비인후과,051-316-8275,부산 사상구 운산로 52,"09:00 - 18:00
13:00 - 14:00 휴게시간",,"09:00 - 18:00
13:00 - 14:00 휴게시간","09:00 - 18:00
13:00 - 14:00 휴게시간","09:00 - 18:00
13:00 - 14:00 휴게시간",09:00 - 13:00,정기휴무 (매주 일요일),
킴스가정의학과의원,가정의학과,051-323-7577,부산 사상구 대동로 107 명정빌딩 2층,"09:00 - 18:30
13:00 - 14:00 휴게시간",,"09:00 - 18:30
13:00 - 14:00 휴게시간","09:00 - 18:30
13:00 - 14:00 휴게시간",09:00 - 13:00,정기휴무 (매주 토요일),"09:00 - 17:00
13:00 - 14:00 휴게시간",
율하바른의원,내과,055-902-0119,경남 김해시 율하로 478 201호,"09:00 - 18:30
13:00 - 14:00 휴게시간",,"09:00 - 18:30
13:00 - 14:00 휴게시간","09:00 - 18:30
13:00 - 14:00 휴게시간","09:00 - 18:30
13:00 - 14:00 휴게시간",09:00 - 14:00,정기휴무 (매주 일요일),
신항내과의원,내과,055-551-1888,경남 창원시 진해구 신항동로 141 애플타운헤리티지 210호,"09:00 - 18:30
13:00 - 14:00 휴게시간",,"09:00 - 18:30
13:00 - 14:00 휴게시간","09:00 - 18:30
13:00 - 14:00 휴게시간","09:00 - 18:30
13:00 - 14:00 휴게시간",09:00 - 13:30,정기휴무 (매주 일요일),
연세윤내과의원,내과,051-321-1231,부산 사상구 사상로 200 엠시티빌딩 4층,"09:00 - 19:00
13:00 - 14:00 휴게시간",,"09:00 - 19:00
13:00 - 14:00 휴게시간","09:00 - 19:00
13:00 - 14:00 휴게시간","09:00 - 19:00
13:00 - 14:00 휴게시간",09:00 - 14:00,09:00 - 13:00,
임용수이비인후과의원,이비인후과,051-322-9937,부산 사상구 대동로 98 학장반도보라타운,"09:00 - 18:30
13:00 - 14:00 휴게시간",,"09:00 - 18:30
13:00 - 14:00 휴게시간","09:00 - 18:30
13:00 - 14:00 휴게시간","09:00 - 18:30
13:00 - 14:00 휴게시간",09:00 - 13:00,정기휴무 (매주 일요일),
맥켄지일신기독병원,"병원,의원",051-363-2331,부산 북구 금곡대로 133,"09:00 - 17:30
12:30 - 14:00 휴게시간
17:00 접수마감",,"09:00 - 17:30
12:30 - 14:00 휴게시간
17:00 접수마감","09:00 - 17:30
12:30 - 14:00 휴게시간
17:00 접수마감","09:00 - 17:30
12:30 - 14:00 휴게시간
17:00 접수마감","09:00 - 12:30
12:00 접수마감",정기휴무 (매주 일요일),
최경서가정의학과의원,가정의학과,055-723-2295,경남 김해시 계동로 21,"09:00 - 19:00
12:30 - 14:00 휴게시간",,"09:00 - 19:00
12:30 - 14:00 휴게시간","09:00 - 19:00
12:30 - 14:00 휴게시간","09:00 - 19:00
12:30 - 14:00 휴게시간",09:00 - 13:00,정기휴무 (매주 일요일),
마린플란트치과의원,치과,051-322-3332,"부산 사상구 사상로 194 괘법동 메디컬센터 4층, 5층","09:30 - 19:00
12:30 - 14:00 휴게시간",,"09:30 - 20:00
12:30 - 14:00 휴게시간","09:30 - 19:00
12:30 - 14:00 휴게시간","09:30 - 19:00
12:30 - 14:00 휴게시간",09:30 - 14:00,09:30 - 14:00,
한마음정형외과의원,정형외과,051-205-7776,부산 사하구 낙동대로 410,"08:30 - 18:00
13:00 - 14:00 휴게시간
17:00 접수마감",,"08:30 - 18:00
13:00 - 14:00 휴게시간
17:00 접수마감","08:30 - 18:00
13:00 - 14:00 휴게시간
17:00 접수마감","08:30 - 18:00
13:00 - 14:00 휴게시간
17:00 접수마감","08:30 - 13:00
12:00 접수마감",정기휴무 (매주 일요일),
셀빙강내과의원,내과,051-325-8275,부산 사상구 사상로 231,"09:00 - 17:30
13:00 - 14:00 휴게시간","09:00 - 17:30
13:00 - 14:00 휴게시간",09:00 - 13:00,"09:00 - 17:30
13:00 - 14:00 휴게시간
접기","09:00 - 17:30
13:00 - 14:00 휴게시간",09:00 - 13:00,정기휴무 (매주 일요일),
삼성이비인후과의원,이비인후과,0507-1368-7500,경남 김해시 내외로 79 꿀벌상가 3층,"09:00 - 18:30
13:00 - 14:00 휴게시간",,"09:00 - 18:30
13:00 - 14:00 휴게시간","09:00 - 18:30
13:00 - 14:00 휴게시간","09:00 - 18:30
13:00 - 14:00 휴게시간","09:00 - 15:00
13:00 - 13:30 휴게시간",정기휴무 (매주 일요일),
탑정형외과의원,정형외과,051-987-0123,부산 사하구 사하로 200 형지스퀘어 6층,"09:00 - 19:00
13:00 - 14:00 휴게시간",,"09:00 - 19:00
13:00 - 14:00 휴게시간","09:00 - 19:00
13:00 - 14:00 휴게시간","09:00 - 19:00
13:00 - 14:00 휴게시간",09:00 - 14:00,정기휴무 (매주 일요일),
드림소아청소년과의원,소아청소년과,0507-1479-7983,경남 김해시 율하로 476 3층,"08:30 - 18:30
12:30 - 14:00 휴게시간",,08:30 - 12:30,"08:30 - 18:30
12:30 - 14:00 휴게시간
접기","08:30 - 18:30
12:30 - 14:00 휴게시간",09:00 - 14:00,정기휴무 (매주 일요일),
장윤석정형외과의원,정형외과,055-329-8787,경남 김해시 내외로 79 꿀벌상가,"09:00 - 19:00
12:30 - 14:00 휴게시간","09:00 - 19:00
12:30 - 14:00 휴게시간","09:00 - 19:00
12:30 - 14:00 휴게시간",14:00 - 19:00,"09:00 - 19:00
12:30 - 14:00 휴게시간",09:00 - 15:00,정기휴무 (매주 일요일),
화이트필의원,피부과,055-326-7575,경남 김해시 내외중앙로 60 신한프라자 2층,"10:00 - 19:00
13:00 - 14:00 휴게시간
18:30 접수마감",,"10:00 - 19:00
13:00 - 14:00 휴게시간
18:30 접수마감","13:00 - 19:30
19:00 접수마감","10:00 - 19:00
13:00 - 14:00 휴게시간
18:30 접수마감","10:00 - 15:00
14:30 접수마감",정기휴무 (매주 일요일),
