병원이름,병원종류,전화번호,병원주소,월,화,수,목,금,토,일,영업시간,쉬는시간,접수마감
서울리더스정형외과의원,정형외과,0507-1463-7591,부산 동래구 사직북로 7 5층,"09:00 - 20:00
13:00 - 14:00 휴게시간",,"09:00 - 19:00
13:00 - 14:00 휴게시간","09:00 - 20:00
13:00 - 14:00 휴게시간","09:00 - 19:00
13:00 - 14:00 휴게시간",09:00 - 14:00,정기휴무 (매주 일요일),,,
이승희디지털치과의원,치과,051-554-2221,부산 동래구 금강공원로 11 온천메디플러스 2층,"09:30 - 18:30
12:30 - 14:00 휴게시간",,"09:30 - 18:30
12:30 - 14:00 휴게시간","09:30 - 18:30
12:30 - 14:00 휴게시간","09:30 - 18:30
12:30 - 14:00 휴게시간",09:00 - 13:00,정기휴무 (매주 일요일),,,
동래구보건소,보건소,051-555-4000,부산 동래구 명륜로187번길 56,,,,,,,,,,
대동병원,종합병원,051-554-1233,부산 동래구 충렬대로 187 대동병원,,,,,,,,,,
속편한내과의원,내과,051-554-1088,부산 동래구 충렬대로155번길 19,09:00 - 18:00,,09:00 - 18:00,09:00 - 18:00,09:00 - 18:00,09:00 - 13:00,정기휴무 (매주 일요일),,,
사직부산아동병원,소아청소년과,051-503-0075,부산 동래구 아시아드대로 186,"09:30 - 20:00
13:00 - 14:00 휴게시간",,"09:30 - 20:00
13:00 - 14:00 휴게시간","09:30 - 20:00
13:00 - 14:00 휴게시간","09:30 - 20:00
13:00 - 14:00 휴게시간",09:30 - 13:00,09:30 - 13:00,,,
동래봉생병원,종합병원,051-520-5500,부산 동래구 안연로109번길 27 동래봉생병원,"09:00 - 17:30
12:30 - 13:30 휴게시간",,"09:00 - 17:00
12:30 - 13:30 휴게시간","09:00 - 17:00
12:30 - 13:30 휴게시간","09:00 - 17:00
12:30 - 13:30 휴게시간",09:00 - 12:30,정기휴무 (매주 일요일),,,
광혜병원,종합병원,051-503-2111,부산 동래구 충렬대로 96,09:00 - 17:30,,09:00 - 17:00,09:00 - 17:00,09:00 - 17:00,09:00 - 12:30,정기휴무 (매주 일요일),,,
고든정형외과의원,정형외과,0507-1352-8884,부산 동래구 사직북로 24 고든정형외과의원8층,"09:00 - 18:30
12:30 - 14:00 휴게시간",,"09:00 - 18:30
12:30 - 14:00 휴게시간","09:00 - 20:00
12:30 - 14:00 휴게시간","09:00 - 18:30
12:30 - 14:00 휴게시간",09:00 - 13:30,정기휴무 (매주 일요일),,,
심재현이비인후과의원,이비인후과,051-555-8090,부산 동래구 중앙대로 1325,"09:30 - 18:30
13:00 - 14:00 휴게시간",,"09:30 - 18:30
13:00 - 14:00 휴게시간",14:00 - 18:30,"09:30 - 18:30
13:00 - 14:00 휴게시간",09:30 - 13:00,정기휴무 (매주 일요일),,,
부산힘찬병원,정형외과,1899-2555,부산 동래구 충렬대로 255,"09:00 - 18:00
13:00 - 14:00 휴게시간",,"09:00 - 18:00
13:00 - 14:00 휴게시간","09:00 - 18:00
13:00 - 14:00 휴게시간","09:00 - 18:00
13:00 - 14:00 휴게시간",09:00 - 13:00,정기휴무 (매주 일요일),,,
좋은날에드라마여성병원,산부인과,051-522-7575,부산 동래구 충렬대로 449,"09:00 - 18:00
13:00 - 14:00 휴게시간",,"09:00 - 17:00
13:00 - 14:00 휴게시간","09:00 - 17:00
13:00 - 14:00 휴게시간","09:00 - 17:00
13:00 - 14:00 휴게시간",09:00 - 12:50,정기휴무 (매주 일요일),,,
부산우리들병원,"병원,의원",051-559-2000,"부산 동래구 중앙대로 1523 SKHUBSKY 1, 10,11,12,13층",09:00 - 17:30,,09:00 - 17:30,09:00 - 17:30,09:00 - 17:30,09:00 - 13:00,정기휴무 (매주 일요일),,,
세화병원,산부인과,051-505-1333,부산 동래구 미남로132번길 28 세화병원,"08:00 - 17:00
13:00 - 14:00 휴게시간",,"08:00 - 17:00
13:00 - 14:00 휴게시간","08:00 - 17:00
13:00 - 14:00 휴게시간
접기","08:00 - 17:00
13:00 - 14:00 휴게시간",08:30 - 13:00,09:00 - 11:00,,,
신세계정형외과의원,정형외과,051-918-1000,부산 동래구 우장춘로 7 5층,"09:00 - 19:00
13:00 - 14:00 휴게시간","09:00 - 19:00
13:00 - 14:00 휴게시간","09:00 - 19:00
13:00 - 14:00 휴게시간","09:00 - 19:00
13:00 - 14:00 휴게시간","09:00 - 19:00
13:00 - 14:00 휴게시간",09:00 - 14:00,정기휴무 (매주 일요일),09:00 - 19:00,13:00 - 14:00 ,
쉬즈의원,피부과,051-501-3222,부산 동래구 사직북로 24 가람빌딩,10:00 - 21:00,,10:00 - 21:00,10:00 - 19:00,10:00 - 19:00,10:00 - 15:00,정기휴무 (매주 일요일),,,
동래봄산부인과의원,산부인과,051-711-2060,부산 동래구 동래로 25 9층,"10:00 - 18:00
13:00 - 14:00 휴게시간",,정기휴무 (매주 수요일),"10:00 - 18:00
13:00 - 14:00 휴게시간","10:00 - 18:00
13:00 - 14:00 휴게시간",10:00 - 14:00,정기휴무 (매주 일요일),,,
우리비전내과외과의원,내과,051-552-0075,부산 동래구 충렬대로 239 수안 메디칼센터,"09:00 - 18:00
12:30 - 14:00 휴게시간",,"09:00 - 18:00
12:30 - 14:00 휴게시간","09:00 - 18:00
12:30 - 14:00 휴게시간","09:00 - 18:00
12:30 - 14:00 휴게시간",09:00 - 13:30,정기휴무 (매주 일요일),,,
벧엘피부과의원,피부과,0507-1420-7978,부산 동래구 충렬대로 160,"10:00 - 19:00
13:00 - 14:30 휴게시간",,"10:00 - 19:00
13:00 - 14:30 휴게시간","10:00 - 19:00
13:00 - 14:30 휴게시간","10:00 - 20:00
13:00 - 14:30 휴게시간",10:00 - 14:30,정기휴무 (매주 일요일),,,
수의원,성형외과,051-556-0906,부산 동래구 온천장로 3,,,,,,,,,,
이보람치과교정과치과의원,치과,051-504-8566,부산 동래구 사직북로 6,"11:00 - 19:00
13:00 - 14:30 휴게시간",,"11:00 - 19:00
13:00 - 14:30 휴게시간",정기휴무 (매주 목요일),"11:00 - 19:00
13:00 - 14:30 휴게시간",10:00 - 14:00,정기휴무 (매주 일요일),,,
99서울소아청소년과의원,소아청소년과,0507-1307-1106,"부산 동래구 금강로 91 4,5,6층","09:00 - 18:30
12:30 - 13:50 휴게시간",,"09:00 - 18:30
12:30 - 13:50 휴게시간","09:00 - 18:30
12:30 - 13:50 휴게시간
접기","09:00 - 18:30
12:30 - 13:50 휴게시간","09:00 - 18:00
12:30 - 13:50 휴게시간","09:00 - 18:00
12:30 - 13:50 휴게시간",,,
동래 보스톤치과의원,치과,0507-1423-2881,부산 동래구 충렬대로 251 3층 부산동래보스톤치과,"09:30 - 18:30
13:00 - 14:00 휴게시간",,"09:30 - 18:30
13:00 - 14:00 휴게시간","09:30 - 21:00
13:00 - 14:00 휴게시간","09:30 - 18:30
13:00 - 14:00 휴게시간",09:30 - 14:00,정기휴무 (매주 일요일),,,
에일린여성의원,산부인과,0507-1421-1008,부산 동래구 사직북로 6 8층,"09:00 - 18:00
13:00 - 14:00 휴게시간",,"09:00 - 19:00
13:00 - 14:00 휴게시간",09:00 - 13:00,"09:00 - 18:00
13:00 - 14:00 휴게시간",09:00 - 13:00,정기휴무 (매주 일요일),,,
웰빙플러스의원,내과,0507-1423-3650,부산 동래구 중앙대로 1523 SKHUBSKY,"10:00 - 20:30
13:00 - 14:30 휴게시간",,"10:00 - 20:30
13:00 - 14:30 휴게시간","10:00 - 20:30
13:00 - 14:30 휴게시간","10:00 - 20:30
13:00 - 14:30 휴게시간","10:00 - 19:00
13:00 - 14:30 휴게시간","10:00 - 19:00
13:00 - 14:30 휴게시간",,,
세계로병원,"병원,의원",051-500-6000,부산 동래구 종합운동장로 42,"09:00 - 18:00
12:30 - 13:30 휴게시간",,"09:00 - 17:00
12:30 - 13:30 휴게시간","09:00 - 17:00
12:30 - 13:30 휴게시간","09:00 - 17:00
12:30 - 13:30 휴게시간",09:00 - 13:00,정기휴무 (매주 일요일),,,
아이튼튼소아청소년과의원,소아청소년과,051-517-5902,부산 동래구 명륜로 191,"09:00 - 18:30
12:45 - 14:00 휴게시간",,"09:00 - 18:30
12:45 - 14:00 휴게시간","09:00 - 18:30
12:45 - 14:00 휴게시간","09:00 - 18:30
12:45 - 14:00 휴게시간",09:00 - 13:30,정기휴무 (매주 일요일),,,
열린내과의원,내과,051-710-7975,부산 동래구 석사로 5,"09:00 - 18:30
13:00 - 14:00 휴게시간",,"09:00 - 18:30
13:00 - 14:00 휴게시간","09:00 - 18:30
13:00 - 14:00 휴게시간","09:00 - 18:30
13:00 - 14:00 휴게시간",09:00 - 13:00,09:00 - 13:00,,,
이현정소아청소년과의원,소아청소년과,051-583-8002,부산 동래구 명륜로103번길 19 8층,"09:00 - 18:00
12:30 - 14:00 휴게시간",,09:00 - 12:30,"09:00 - 18:00
12:30 - 14:00 휴게시간","09:00 - 18:00
12:30 - 14:00 휴게시간",09:00 - 13:00,정기휴무 (매주 일요일),,,
미래병원,정형외과,051-523-3200,부산 동래구 충렬대로 358 미래병원,"09:00 - 17:00
13:00 - 14:00 휴게시간",,"09:00 - 17:00
13:00 - 14:00 휴게시간","09:00 - 17:00
13:00 - 14:00 휴게시간","09:00 - 17:00
13:00 - 14:00 휴게시간",09:00 - 13:00,정기휴무 (매주 일요일),,,
최봉근소아과의원,소아청소년과,051-527-7600,부산 동래구 충렬대로 467,"09:00 - 18:00
13:00 - 14:00 휴게시간",,"09:00 - 18:00
13:00 - 14:00 휴게시간","09:00 - 18:00
13:00 - 14:00 휴게시간","09:00 - 18:00
13:00 - 14:00 휴게시간",09:00 - 14:00,정기휴무 (매주 일요일),,,
거인병원,정형외과,0507-1364-7011,"부산 동래구 여고로 12 지하1, 지상3~10층","09:00 - 18:00
13:00 - 14:00 휴게시간",,"09:00 - 18:00
13:00 - 14:00 휴게시간","09:00 - 20:00
13:00 - 14:00 휴게시간","09:00 - 18:00
13:00 - 14:00 휴게시간",09:00 - 13:00,정기휴무 (매주 일요일),,,
사랑이넘치는의원,피부과,051-501-3775,부산 동래구 아시아드대로 226 온천메디칼빌딩 4층,"09:00 - 18:00
12:30 - 14:00 휴게시간",,"09:00 - 18:00
12:30 - 14:00 휴게시간","09:00 - 18:00
12:30 - 14:00 휴게시간","09:00 - 18:00
12:30 - 14:00 휴게시간",09:00 - 13:00,정기휴무 (매주 일요일),,,
베스트이비인후과의원,이비인후과,0507-1405-0174,부산 동래구 충렬대로 259 3층,"09:00 - 19:00
12:30 - 14:00 휴게시간",,"09:00 - 19:00
12:30 - 14:00 휴게시간","09:00 - 19:00
12:30 - 14:00 휴게시간
접기","09:00 - 19:00
12:30 - 14:00 휴게시간",09:00 - 13:00,정기휴무 (매주 일요일),,,
미남제일한의원,한의원,051-553-0365,부산 동래구 우장춘로 7 보민빌딩 3층 미남제일한의원,"09:30 - 20:30
13:00 - 14:30 휴게시간
12:30, 20:00 접수마감",,"09:30 - 20:30
13:00 - 14:30 휴게시간
12:30, 20:00 접수마감","09:30 - 20:30
13:00 - 14:30 휴게시간
12:30, 20:00 접수마감
접기","09:30 - 20:30
13:00 - 14:30 휴게시간
12:30, 20:00 접수마감","09:30 - 14:30
14:00 접수마감","09:30 - 14:30
14:00 접수마감",,,
우기현내과의원,내과,051-969-9988,부산 동래구 동래로 25 이즈메디컬 202호,"09:00 - 18:00
12:00 - 13:00 휴게시간",,"09:00 - 18:00
12:00 - 13:00 휴게시간","09:00 - 18:00
12:00 - 13:00 휴게시간","09:00 - 18:00
12:00 - 13:00 휴게시간",09:00 - 13:00,정보없음,,,
동래리더스치과의원,치과,051-552-2802,부산 동래구 우장춘로 7 11층,,,"09:30 - 18:30
13:00 - 14:30 휴게시간","09:30 - 18:30
13:00 - 14:30 휴게시간","09:30 - 18:30
13:00 - 14:30 휴게시간",09:30 - 14:00,정기휴무 (매주 일요일),,,
동래로덴치과병원,치과,0507-1447-2875,부산 동래구 충렬대로237번길 3 로덴빌딩 7~10층,09:30 - 18:30,,09:30 - 18:30,09:30 - 21:00,09:30 - 18:30,09:30 - 14:00,정기휴무 (매주 일요일),,,
하늘별 소아청소년과 의원,소아청소년과,0507-1304-2205,부산 동래구 우장춘로 7 보민빌딩 602호,,,,,,,,,,
맑은누리한의원,한의원,0507-1404-0013,부산 동래구 충렬대로237번길 23 한의빌딩 1~3층,09:00 - 18:00,,09:00 - 18:00,09:00 - 18:00,09:00 - 18:00,09:00 - 16:00,정기휴무 (매주 일요일),,,
사직정형외과의원,정형외과,051-502-8275,부산 동래구 사직북로 18 대성빌딩,"09:30 - 18:30
12:30 - 14:00 휴게시간",,"09:30 - 18:30
12:30 - 14:00 휴게시간",09:00 - 13:00,"09:30 - 18:30
12:30 - 14:00 휴게시간",09:00 - 13:00,정기휴무 (매주 일요일),,,
장민혁이비인후과의원,이비인후과,051-502-7934,부산 동래구 사직북로 21,"09:00 - 18:00
13:00 - 14:30 휴게시간",,"09:00 - 18:00
13:00 - 14:30 휴게시간","09:00 - 18:00
13:00 - 14:30 휴게시간","09:00 - 18:00
13:00 - 14:30 휴게시간",09:00 - 13:00,정기휴무 (매주 일요일),,,
고운피부과의원,피부과,051-558-9001,부산 동래구 동래로 25,"09:30 - 18:30
12:30 - 14:00 휴게시간",,"09:30 - 18:30
12:30 - 14:00 휴게시간","14:00 - 18:30
12:30 - 14:00 휴게시간","09:30 - 18:30
12:30 - 14:00 휴게시간",09:30 - 14:00,정기휴무 (매주 일요일),,,
삼성스마트신경과의원 신경과전문의,신경과,051-558-5898,부산 동래구 중앙대로 1523 상가동 2층,"09:00 - 18:00
12:30 - 14:00 휴게시간",,"09:00 - 18:00
12:30 - 14:00 휴게시간","09:00 - 19:00
12:30 - 14:00 휴게시간","09:00 - 18:00
12:30 - 14:00 휴게시간",08:30 - 13:00,정기휴무 (매주 일요일),,,
아이나래소아청소년과의원,소아청소년과,051-552-1030,부산 동래구 시실로24번길 5 201호,"09:00 - 18:00
13:00 - 14:00 휴게시간",,"09:00 - 18:00
13:00 - 14:00 휴게시간","09:00 - 18:00
13:00 - 14:00 휴게시간","09:00 - 18:00
13:00 - 14:00 휴게시간",09:00 - 13:00,정기휴무 (매주 일요일),,,
메리놀피부과의원,피부과,051-556-1739,부산 동래구 온천장로 77,"09:30 - 18:30
13:00 - 14:00 휴게시간",,14:00 - 18:30,"09:30 - 18:30
13:00 - 14:00 휴게시간","09:30 - 18:30
13:00 - 14:00 휴게시간",09:30 - 13:00,정기휴무 (매주 일요일),,,
삼성서울내과의원,내과,0507-1435-8822,부산 동래구 사직로70번길 76,"09:00 - 18:30
13:00 - 14:00 휴게시간",,"09:00 - 17:00
13:00 - 14:00 휴게시간","09:00 - 18:30
13:00 - 14:00 휴게시간","09:00 - 18:30
13:00 - 14:00 휴게시간",09:00 - 13:30,정기휴무 (매주 일요일),,,
이민호이비인후과의원,이비인후과,051-504-8778,부산 동래구 사직북로 25-1,"09:00 - 18:00
13:00 - 14:00 휴게시간","09:00 - 18:00
13:00 - 14:00 휴게시간","09:00 - 18:00
13:00 - 14:00 휴게시간","09:00 - 18:00
13:00 - 14:00 휴게시간
접기","09:00 - 18:00
13:00 - 14:00 휴게시간",09:00 - 13:00,정기휴무 (매주 일요일),09:00 - 18:00,13:00 - 14:00 ,
서현철정형외과의원,정형외과,051-522-0300,부산 동래구 충렬대로 469,"09:00 - 18:00
13:00 - 14:00 휴게시간",,"09:00 - 18:00
13:00 - 14:00 휴게시간","09:00 - 18:00
13:00 - 14:00 휴게시간","09:00 - 18:00
13:00 - 14:00 휴게시간",09:00 - 14:00,정기휴무 (매주 일요일),,,
부산항운병원,외과,051-580-2700,부산 동래구 충렬대로348번길 1,"09:00 - 17:00
12:30 - 13:30 휴게시간",,"09:00 - 17:00
12:30 - 13:30 휴게시간","09:00 - 17:00
12:30 - 13:30 휴게시간","09:00 - 17:00
12:30 - 13:30 휴게시간",09:00 - 13:00,정기휴무 (매주 일요일),,,
큰길마취통증의학과의원,마취통증의학과,051-805-7571,부산 동래구 아시아드대로 226,09:00 - 18:00,,09:00 - 18:00,09:00 - 18:00,09:00 - 18:00,09:00 - 13:00,정보없음,,,
황금손한방병원 부산,한방병원,0507-1317-7738,"부산 동래구 중앙대로 1325 이센타워 2층, 4층, 5층","09:30 - 20:30
13:00 - 14:00 휴게시간
12:00, 19:30 접수마감",,"09:30 - 20:30
13:00 - 14:00 휴게시간
12:00, 19:30 접수마감","09:30 - 20:30
13:00 - 14:00 휴게시간
12:00, 19:30 접수마감","09:30 - 20:30
13:00 - 14:00 휴게시간
12:00, 19:30 접수마감","09:30 - 13:00
12:00 접수마감",정기휴무 (매주 일요일),,,
바로이비인후과의원,이비인후과,051-555-7585,부산 동래구 우장춘로 7 보민빌딩 8층 802호,"09:00 - 19:00
12:30 - 14:00 휴게시간",,"09:00 - 19:00
12:30 - 14:00 휴게시간","09:00 - 19:00
12:30 - 14:00 휴게시간","09:00 - 19:00
12:30 - 14:00 휴게시간",09:00 - 13:00,정기휴무 (매주 일요일),,,
동래준피부과의원,피부과,0507-1402-0766,부산 동래구 충렬대로 239 수안 메디칼센터 8~9F,"09:30 - 19:00
12:30 - 14:00 휴게시간",,"09:30 - 18:00
12:30 - 14:00 휴게시간","09:30 - 19:00
12:30 - 14:00 휴게시간","09:30 - 18:00
12:30 - 14:00 휴게시간",09:30 - 12:00,정기휴무 (매주 일요일),,,
마음의정원 정신건강의학과의원,정신건강의학과,051-711-7102,부산 동래구 충렬대로 152 3층 마음의정원 정신건강의학과의원,"10:00 - 19:00
13:00 - 14:00 휴게시간",,14:00 - 20:00,"10:00 - 19:00
13:00 - 14:00 휴게시간","10:00 - 19:00
13:00 - 14:00 휴게시간",09:00 - 14:00,정기휴무 (매주 일요일),,,
미담한의원 동래,한의원,0507-1310-7275,부산 동래구 명륜로 79 미담한의원 동래,"09:00 - 21:00
12:30 - 14:00 휴게시간
20:30 접수마감",,"09:00 - 21:00
12:30 - 14:00 휴게시간
20:30 접수마감","09:00 - 21:00
12:30 - 14:00 휴게시간
20:30 접수마감","09:00 - 21:00
12:30 - 14:00 휴게시간
20:30 접수마감","09:00 - 17:00
12:30 - 14:00 휴게시간
16:30 접수마감","09:00 - 13:00
12:30 접수마감",,,
안락성모안과의원,안과,051-525-5656,부산 동래구 충렬대로 353 4층,"09:00 - 18:00
13:00 - 14:00 휴게시간",,"09:00 - 18:00
13:00 - 14:00 휴게시간","09:00 - 18:00
13:00 - 14:00 휴게시간","09:00 - 18:00
13:00 - 14:00 휴게시간",09:00 - 13:00,정기휴무 (매주 일요일),,,
더나은마취통증의학과의원,정형외과,0507-1315-7553,부산 동래구 사직북로 4,"09:00 - 19:00
13:00 - 14:00 휴게시간",,"09:00 - 19:00
13:00 - 14:00 휴게시간","09:00 - 19:00
13:00 - 14:00 휴게시간","09:00 - 19:00
13:00 - 14:00 휴게시간",09:00 - 14:00,정기휴무 (매주 일요일),,,
본베베여성의원,산부인과,0507-1408-6083,"부산 동래구 중앙대로 1523 SK허브스카이 상가B동 4층 401, 402, 403호","09:15 - 19:30
12:30 - 14:00 휴게시간
17:00 - 17:30 휴게시간","09:15 - 19:30
12:30 - 14:00 휴게시간
17:00 - 17:30 휴게시간","09:15 - 19:30
12:30 - 14:00 휴게시간
17:00 - 17:30 휴게시간","09:15 - 12:30
접기","09:15 - 19:30
12:30 - 14:00 휴게시간
17:00 - 17:30 휴게시간","09:15 - 15:00
12:30 - 14:00 휴게시간",정기휴무 (매주 일요일),09:15 - 19:30,12:30 - 14:00 ,
지동하이비인후과의원,이비인후과,051-555-0655,부산 동래구 충렬대로 239 수안 메디칼센터,09:30 - 18:00,09:30 - 18:00,14:00 - 18:00,"09:30 - 18:00
접기",09:30 - 18:00,09:30 - 12:30,정보없음,09:30 - 18:00,,
바룸내과의원,내과,0507-1353-5608,부산 동래구 금강공원로 2 온천장 SK HUB olive,"09:00 - 18:00
13:00 - 14:00 휴게시간",,"09:00 - 18:00
13:00 - 14:00 휴게시간","09:00 - 18:00
13:00 - 14:00 휴게시간","09:00 - 18:00
13:00 - 14:00 휴게시간",09:00 - 14:00,정기휴무 (매주 일요일),,,
한마음정신건강의학과의원,정신건강의학과,051-504-3131,부산 동래구 충렬대로 117,"09:00 - 18:30
12:30 - 14:00 휴게시간",,"09:00 - 18:30
12:30 - 14:00 휴게시간",14:00 - 18:30,"09:00 - 18:30
12:30 - 14:00 휴게시간",09:00 - 12:30,정기휴무 (매주 일요일),,,
김지환내과의원,내과,051-710-0900,부산 동래구 명륜로 161 4층,"09:00 - 17:30
12:30 - 13:30 휴게시간",,"09:00 - 17:30
12:30 - 13:30 휴게시간",09:00 - 13:00,"09:00 - 17:30
12:30 - 13:30 휴게시간",09:00 - 13:00,정기휴무 (매주 일요일),,,
서울리더스정형외과의원,정형외과,0507-1463-7591,부산 동래구 사직북로 7 5층,"09:00 - 20:00
13:00 - 14:00 휴게시간",,"09:00 - 19:00
13:00 - 14:00 휴게시간","09:00 - 20:00
13:00 - 14:00 휴게시간","09:00 - 19:00
13:00 - 14:00 휴게시간",09:00 - 14:00,정기휴무 (매주 일요일),,,
류마앤내과의원,내과,051-924-1000,부산 동래구 충렬대로 259 동호 디시티 4층,"09:00 - 18:00
13:00 - 14:00 휴게시간",,"09:00 - 20:00
13:00 - 14:00 휴게시간","09:00 - 18:00
13:00 - 14:00 휴게시간","09:00 - 18:00
13:00 - 14:00 휴게시간",09:00 - 13:00,정기휴무 (매주 일요일),,,
예일신경외과의원,신경외과,051-501-2445,부산 동래구 아시아드대로 191 사직동예일빌딩,09:00 - 19:00,,09:00 - 19:00,09:00 - 19:00,09:00 - 19:00,09:00 - 13:00,정기휴무 (매주 일요일),,,
맘편한정신건강의학과의원,정신건강의학과,0507-1365-5330,부산 동래구 명륜로 90,"09:30 - 18:30
13:00 - 14:00 휴게시간","09:30 - 18:30
13:00 - 14:00 휴게시간",14:00 - 20:00,"09:30 - 18:30
13:00 - 14:00 휴게시간
접기","09:30 - 18:30
13:00 - 14:00 휴게시간",09:30 - 14:00,정기휴무 (매주 일요일),09:30 - 18:30,13:00 - 14:00 ,
한빛내과의원,내과,051-505-9922,부산 동래구 아시아드대로 234 오피스텔동 206호,"09:00 - 18:00
13:00 - 14:00 휴게시간","09:00 - 18:00
13:00 - 14:00 휴게시간","09:00 - 18:00
13:00 - 14:00 휴게시간","09:00 - 18:00
13:00 - 14:00 휴게시간
접기","09:00 - 18:00
13:00 - 14:00 휴게시간",09:00 - 13:00,정보없음,09:00 - 18:00,13:00 - 14:00 ,
한봉수이비인후과의원,이비인후과,051-504-4800,부산 동래구 아시아드대로 221,"09:30 - 18:30
12:30 - 14:00 휴게시간",,"09:30 - 18:30
12:30 - 14:00 휴게시간","09:30 - 18:30
12:30 - 14:00 휴게시간","09:30 - 18:30
12:30 - 14:00 휴게시간",09:30 - 14:00,정기휴무 (매주 일요일),,,
김지연산부인과의원,산부인과,051-529-9167,부산 동래구 충렬대로 252,"09:30 - 17:00
13:00 - 14:30 휴게시간",,"09:30 - 17:00
13:00 - 14:30 휴게시간","09:30 - 17:00
13:00 - 14:30 휴게시간","09:30 - 17:00
13:00 - 14:30 휴게시간",09:30 - 13:00,정기휴무 (매주 일요일),,,
에코이비인후과의원,이비인후과,051-504-0119,부산 동래구 사직북로 24,"09:00 - 18:30
12:30 - 14:00 휴게시간",,"09:00 - 18:30
12:30 - 14:00 휴게시간","09:00 - 18:30
12:30 - 14:00 휴게시간","09:00 - 18:30
12:30 - 14:00 휴게시간",09:00 - 14:00,정기휴무 (매주 일요일),,,
마더즈의원,외과,051-552-0521,부산 동래구 충렬대로 222,"09:00 - 17:30
12:30 - 13:30 휴게시간",,"09:00 - 17:30
12:30 - 13:30 휴게시간","09:00 - 17:30
12:30 - 13:30 휴게시간","09:00 - 17:30
12:30 - 13:30 휴게시간",09:00 - 13:00,정기휴무 (매주 일요일),,,
연세삼성내과의원,내과,051-524-7582,부산 동래구 명안로85번길 52,"09:00 - 18:30
12:30 - 14:00 휴게시간",,"09:00 - 18:30
12:30 - 14:00 휴게시간","09:00 - 18:30
12:30 - 14:00 휴게시간","09:00 - 18:30
12:30 - 14:00 휴게시간",09:00 - 13:00,09:00 - 13:00,,,
새길내과의원,내과,051-553-1088,부산 동래구 금강공원로 11 3층 온천메디플러스,08:30 - 18:00,08:30 - 18:00,08:30 - 18:00,"08:30 - 18:00
접기",08:30 - 18:00,08:30 - 13:00,정기휴무 (매주 일요일),08:30 - 18:00,,
리네이처의원,피부과,051-717-0210,부산 동래구 사직북로 21 3층,"09:30 - 19:00
12:30 - 14:00 휴게시간",,09:30 - 12:30,"09:30 - 20:30
12:30 - 14:00 휴게시간","09:30 - 19:00
12:30 - 14:00 휴게시간",09:30 - 14:00,정기휴무 (매주 일요일),,,
메가마취통증의학과의원,정형외과,051-715-0041,부산 동래구 충렬대로 197 메가마트 동래점 2층,"09:00 - 19:00
13:00 - 14:30 휴게시간",,"09:00 - 19:00
13:00 - 14:30 휴게시간",09:00 - 13:00,"09:00 - 19:00
13:00 - 14:30 휴게시간",09:00 - 14:00,"09:00 - 17:00
13:00 - 14:00 휴게시간",,,
파크피부과의원,피부과,051-505-4564,부산 동래구 아시아드대로 186,"10:00 - 19:00
13:00 - 14:00 휴게시간",,14:00 - 20:00,"10:00 - 19:00
13:00 - 14:00 휴게시간","10:00 - 19:00
13:00 - 14:00 휴게시간",09:30 - 13:30,정기휴무 (매주 일요일),,,
서울늘봄안과의원,안과,0507-1321-7880,부산 동래구 중앙대로 1523 sk스카이허브 2층,"09:00 - 18:30
13:00 - 14:00 휴게시간",,"09:00 - 18:30
13:00 - 14:00 휴게시간","09:00 - 18:30
13:00 - 14:00 휴게시간","09:00 - 18:30
13:00 - 14:00 휴게시간",09:00 - 13:00,정기휴무 (매주 일요일),,,
코아이비인후과의원,이비인후과,051-525-7500,부산 동래구 명안로85번길 52 명장랜드마크 7층,"09:00 - 18:00
13:00 - 14:00 휴게시간",,"09:00 - 18:00
13:00 - 14:00 휴게시간","09:00 - 18:00
13:00 - 14:00 휴게시간","09:00 - 18:00
13:00 - 14:00 휴게시간",09:00 - 13:00,정기휴무 (매주 일요일),,,
아름다운오늘안철현피부과의원,피부과,051-555-0035,부산 동래구 중앙대로 1325,"09:30 - 19:00
13:00 - 14:00 휴게시간",,"09:30 - 18:00
13:00 - 14:00 휴게시간","09:30 - 18:00
13:00 - 14:00 휴게시간","09:30 - 18:00
13:00 - 14:00 휴게시간",09:30 - 13:00,정기휴무 (매주 일요일),,,
서울넘버원신경외과의원,정형외과,0507-1447-7009,부산 동래구 온천장로 75 4층,"09:00 - 19:00
13:00 - 14:00 휴게시간",,"09:00 - 19:00
13:00 - 14:00 휴게시간","09:00 - 19:00
13:00 - 14:00 휴게시간","09:00 - 19:00
13:00 - 14:00 휴게시간",09:00 - 14:00,정기휴무 (매주 일요일),,,
오즈어린이치과의원 동래점,치과,051-552-1275,부산 동래구 충렬대로137번길 4,"09:00 - 18:30
12:30 - 14:00 휴게시간",,"09:00 - 18:30
12:30 - 14:00 휴게시간","09:00 - 18:30
12:30 - 14:00 휴게시간","09:00 - 18:30
12:30 - 14:00 휴게시간",09:00 - 15:00,정기휴무 (매주 일요일),,,
박준석비뇨기과의원,비뇨의학과,0507-1418-6263,부산 동래구 사직북로 21,09:30 - 18:30,,09:30 - 18:00,09:30 - 18:30,09:30 - 18:30,09:30 - 13:00,정기휴무 (매주 일요일),,,
에일린여성의원,산부인과,0507-1421-1008,부산 동래구 사직북로 6 8층,"09:00 - 18:00
13:00 - 14:00 휴게시간",,"09:00 - 19:00
13:00 - 14:00 휴게시간",09:00 - 13:00,"09:00 - 18:00
13:00 - 14:00 휴게시간",09:00 - 13:00,정기휴무 (매주 일요일),,,
디움의원,피부과,0507-1335-8276,부산 동래구 반송로 353,,,정기휴무 (매주 수요일),"10:00 - 19:00
13:00 - 14:00 휴게시간
17:30 접수마감","10:00 - 19:00
13:00 - 14:00 휴게시간
17:30 접수마감","10:00 - 17:00
13:00 - 14:00 휴게시간
15:30 접수마감",정기휴무 (매주 일요일),,,
숭인정신건강의학과의원,정신건강의학과,051-554-9777,부산 동래구 중앙대로 1325,"09:30 - 20:00
13:00 - 14:00 휴게시간",,"09:30 - 21:00
13:00 - 14:00 휴게시간","09:30 - 18:00
13:00 - 14:00 휴게시간","09:30 - 18:00
13:00 - 14:00 휴게시간",정기휴무 (매주 토요일),정기휴무 (매주 일요일),,,
미드림필피부과의원,피부과,051-553-9191,부산 동래구 충렬대로238번길 7 성완 세띠앙,"09:30 - 18:30
13:00 - 14:30 휴게시간",,"09:30 - 18:30
13:00 - 14:30 휴게시간",14:30 - 20:00,"09:30 - 18:30
13:00 - 14:30 휴게시간",09:30 - 13:30,정기휴무 (매주 일요일),,,
류마편한내과의원,내과,051-710-8275,부산 동래구 충렬대로 160 창림빌딩 3층,"09:00 - 18:00
13:00 - 14:00 휴게시간",,09:00 - 13:00,"09:00 - 20:00
13:00 - 14:00 휴게시간","09:00 - 18:00
13:00 - 14:00 휴게시간",09:00 - 13:00,정기휴무 (매주 일요일),,,
삼성정형외과의원,정형외과,051-583-7656,부산 동래구 금강공원로 8-1,"09:00 - 18:30
13:00 - 14:00 휴게시간",,"09:00 - 18:30
13:00 - 14:00 휴게시간","09:00 - 18:30
13:00 - 14:00 휴게시간
접기","09:00 - 18:30
13:00 - 14:00 휴게시간",09:00 - 13:00,정기휴무 (매주 일요일),,,
조은눈안과의원,안과,051-896-0005,부산 동래구 온천장로 123-1 드림메디칼빌딩 5층,"09:00 - 18:30
13:00 - 14:00 휴게시간",,09:00 - 13:00,"09:00 - 18:30
13:00 - 14:00 휴게시간","09:00 - 18:30
13:00 - 14:00 휴게시간",09:00 - 13:00,정기휴무 (매주 일요일),,,
이내과의원,내과,051-523-0300,부산 동래구 안연로 64,"08:40 - 18:00
12:30 - 14:00 휴게시간",,"08:40 - 18:00
12:30 - 14:00 휴게시간","08:40 - 18:00
12:30 - 14:00 휴게시간","08:40 - 18:00
12:30 - 14:00 휴게시간",08:40 - 12:30,정기휴무 (매주 일요일),,,
강병구정신건강의학과의원,정신건강의학과,051-504-3171,부산 동래구 충렬대로 132,"09:00 - 18:30
12:30 - 14:00 휴게시간",,"09:00 - 18:30
12:30 - 14:00 휴게시간",14:00 - 21:00,"09:00 - 18:30
12:30 - 14:00 휴게시간",09:00 - 14:00,정기휴무 (매주 일요일),,,
안락센텀안과의원,안과,051-531-1001,부산 동래구 충렬대로 415 신협건물 5층,,,"09:00 - 18:30
13:00 - 14:00 휴게시간","09:00 - 18:30
13:00 - 14:00 휴게시간","09:00 - 18:30
13:00 - 14:00 휴게시간",09:00 - 13:00,정기휴무 (매주 일요일),,,
바른안과의원,안과,0507-1414-7587,부산 동래구 충렬대로 160 창림빌딩 2층,"09:00 - 18:00
13:00 - 14:00 휴게시간
17:30 접수마감",,"09:00 - 18:00
13:00 - 14:00 휴게시간
17:30 접수마감","09:00 - 18:00
13:00 - 14:00 휴게시간
17:30 접수마감","09:00 - 18:00
13:00 - 14:00 휴게시간
17:30 접수마감","09:00 - 13:00
12:30 접수마감",정기휴무 (매주 일요일),,,
동래우리들병원,신경외과,051-559-5000,부산 동래구 충렬대로 286 동래우리들병원,"09:30 - 18:00
12:30 - 14:00 휴게시간",,"09:30 - 18:00
12:30 - 14:00 휴게시간","09:30 - 18:00
12:30 - 14:00 휴게시간","09:30 - 18:00
12:30 - 14:00 휴게시간",09:30 - 13:00,정기휴무 (매주 일요일),,,
김덕하피부과의원,피부과,051-529-0265,부산 동래구 충렬대로 431,"09:00 - 18:00
13:00 - 14:00 휴게시간
17:30 접수마감",,"09:00 - 13:00
12:30 접수마감","09:00 - 18:00
13:00 - 14:00 휴게시간
17:30 접수마감","09:00 - 18:00
13:00 - 14:00 휴게시간
17:30 접수마감","09:00 - 13:00
12:30 접수마감",정기휴무 (매주 일요일),,,
사직에이스치과의원,치과,0507-1470-2294,부산 동래구 아시아드대로 149-1 4층,"09:30 - 18:30
13:00 - 14:30 휴게시간",,"09:30 - 18:30
13:00 - 14:30 휴게시간","09:30 - 18:30
13:00 - 14:30 휴게시간","09:30 - 18:30
13:00 - 14:30 휴게시간",09:30 - 13:30,정기휴무 (매주 일요일),,,
시온비에스치과교정과치과의원,치과,051-505-2275,"부산 동래구 아시아드대로 179 5층,7층",,,"10:00 - 19:00
13:00 - 14:30 휴게시간","10:00 - 19:00
13:00 - 14:30 휴게시간","10:00 - 19:00
13:00 - 14:30 휴게시간",09:30 - 14:00,정기휴무 (매주 일요일),,,
늘봄내과의원,내과,051-961-8200,"부산 동래구 충렬대로 413 승연메디칼타워 8, 9, 10층","09:00 - 19:00
13:00 - 14:00 휴게시간",,"09:00 - 19:00
13:00 - 14:00 휴게시간","09:00 - 18:00
접기","09:00 - 19:00
13:00 - 14:00 휴게시간",09:00 - 13:00,정기휴무 (매주 일요일),,,
강선영산부인과의원,산부인과,051-553-7500,부산 동래구 충렬대로 239 수안 메디칼센터 3층,"09:00 - 18:00
13:00 - 14:00 휴게시간",,09:00 - 13:00,"09:00 - 18:00
13:00 - 14:00 휴게시간","09:00 - 18:00
13:00 - 14:00 휴게시간",정기휴무 (매주 토요일),정기휴무 (매주 일요일),,,
생림한의원,한의원,051-523-6590,부산 동래구 충렬사로 86,"09:30 - 18:00
12:30 - 14:00 휴게시간",,"09:30 - 18:00
12:30 - 14:00 휴게시간","정기휴무 (매주 목요일)
접기","09:30 - 18:00
12:30 - 14:00 휴게시간","09:30 - 16:00
12:30 - 14:00 휴게시간",정기휴무 (매주 일요일),,,
사직마디의원,마취통증의학과,0507-1415-0306,부산 동래구 사직북로 25-1 늘편한메디컬센터 4층,"09:30 - 19:00
13:00 - 14:30 휴게시간
18:30 접수마감",,"09:30 - 13:30
13:00 접수마감","09:30 - 19:00
13:00 - 14:30 휴게시간
18:30 접수마감","09:30 - 19:00
13:00 - 14:30 휴게시간
18:30 접수마감","09:30 - 13:30
13:00 접수마감",정기휴무 (매주 일요일),,,
명장한의원,한의원,0507-1323-2501,부산 동래구 명장로 48 3층,"09:00 - 19:00
13:00 - 14:00 휴게시간",,"09:00 - 19:00
13:00 - 14:00 휴게시간","09:00 - 19:00
13:00 - 14:00 휴게시간","09:00 - 19:00
13:00 - 14:00 휴게시간",09:00 - 14:00,정기휴무 (매주 일요일),,,
정무철정형외과의원,정형외과,051-554-5500,부산 동래구 동래로 25 3층,"09:00 - 18:30
12:30 - 14:00 휴게시간
18:20 접수마감",,"09:00 - 18:30
12:30 - 14:00 휴게시간
18:20 접수마감","09:00 - 18:30
12:30 - 14:00 휴게시간
18:20 접수마감","09:00 - 18:30
12:30 - 14:00 휴게시간
18:20 접수마감","09:00 - 12:30
12:20 접수마감","00:00 - 00:10
00:00 접수마감",,,
좋은애인요양병원,요양병원,0507-1401-7705,부산 동래구 충렬대로359번길 8,09:00 - 18:00,,09:00 - 17:00,09:00 - 17:00,09:00 - 17:00,09:00 - 13:00,정기휴무 (매주 일요일),,,
부산대동병원장례식장,장례식장,051-550-9991,부산 동래구 충렬대로359번길 8,,,,,,,,,,
하이마취통증의학과의원,정형외과,051-523-5575,"부산 동래구 충렬대로 415 6층, 7층","09:00 - 19:00
13:00 - 14:00 휴게시간",,"09:00 - 20:30
13:00 - 14:00 휴게시간","09:00 - 19:00
13:00 - 14:00 휴게시간","09:00 - 19:00
13:00 - 14:00 휴게시간",09:00 - 14:00,정기휴무 (매주 일요일),,,
다나은의원,가정의학과,051-532-3235,부산 동래구 안연로 88 광민빌딩 3층,09:00 - 18:30,,09:00 - 18:30,09:00 - 18:30,09:00 - 18:30,09:00 - 13:00,정기휴무 (매주 일요일),,,
연세온치과의원,치과,051-951-1000,부산 동래구 온천장로 114 허브메디컬타워 9층,,,"09:30 - 18:30
13:00 - 14:00 휴게시간
18:00 접수마감","09:30 - 18:30
13:00 - 14:00 휴게시간
18:00 접수마감","09:30 - 13:00
12:30 접수마감",,,,,
부산제일안과의원,안과,051-553-1473,부산 동래구 중앙대로 1325 이센타워,"09:00 - 18:00
13:00 - 14:00 휴게시간",,09:00 - 13:00,"09:00 - 18:00
13:00 - 14:00 휴게시간","09:00 - 18:00
13:00 - 14:00 휴게시간",09:00 - 12:00,정기휴무 (매주 일요일),,,
연수소아과의원,소아청소년과,051-554-3945,부산 동래구 충렬대로107번길 54,"09:00 - 17:00
12:30 - 14:00 휴게시간","09:00 - 17:00
12:30 - 14:00 휴게시간",09:00 - 16:00,"09:00 - 17:00
12:30 - 14:00 휴게시간
접기","09:00 - 17:00
12:30 - 14:00 휴게시간",09:00 - 12:30,정기휴무 (매주 일요일),09:00 - 17:00,12:30 - 14:00 ,
김경우정신건강의학과의원,정신건강의학과,0507-1418-1276,부산 동래구 온천장로 1 제501호,"10:00 - 18:30
13:00 - 14:00 휴게시간
12:30, 18:00 접수마감",,"10:00 - 18:30
13:00 - 14:00 휴게시간
12:30, 18:00 접수마감","15:00 - 20:30
20:00 접수마감","10:00 - 18:30
13:00 - 14:00 휴게시간
12:30, 18:00 접수마감","10:00 - 14:00
13:30 접수마감",정기휴무 (매주 일요일),,,
편한치과의원,치과,051-522-0701,부산 동래구 명장로 48 4층,"09:30 - 18:00
13:00 - 14:00 휴게시간
17:30 접수마감",,정기휴무 (매주 수요일),"09:30 - 18:00
13:00 - 14:00 휴게시간
17:30 접수마감","09:30 - 18:00
13:00 - 14:00 휴게시간
17:30 접수마감","09:30 - 12:30
12:00 접수마감",정기휴무 (매주 일요일),,,
포근한소아청소년과의원,소아청소년과,0507-1436-8029,부산 동래구 사직북로19번길 20 2층 포근한소아청소년과의원,"09:00 - 19:00
13:00 - 14:30 휴게시간",,09:00 - 13:00,"09:00 - 19:00
13:00 - 14:30 휴게시간","09:00 - 19:00
13:00 - 14:30 휴게시간",09:00 - 13:00,정기휴무 (매주 일요일),,,
좋은마취통증의학과의원,마취통증의학과,051-506-9775,부산 동래구 아시아드대로 179,"09:00 - 18:00
12:30 - 14:00 휴게시간
17:50 접수마감",,"09:00 - 18:00
12:30 - 14:00 휴게시간
17:50 접수마감","09:00 - 18:00
12:30 - 14:00 휴게시간
17:50 접수마감","09:00 - 18:00
12:30 - 14:00 휴게시간
17:50 접수마감","09:00 - 13:00
12:50 접수마감",정기휴무 (매주 일요일),,,
우리사직의원,가정의학과,051-503-7582,부산 동래구 사직로 80 쌍용예가1차 222동 상가303호,"09:00 - 18:30
12:30 - 14:00 휴게시간",,"09:00 - 18:30
12:30 - 14:00 휴게시간","09:00 - 18:30
12:30 - 14:00 휴게시간","09:00 - 18:30
12:30 - 14:00 휴게시간",09:00 - 14:00,정기휴무 (매주 일요일),,,
심피부과의원,피부과,0507-1336-8275,부산 동래구 충렬대로 413 승연메디칼타워 7층,"09:00 - 18:30
12:30 - 14:00 휴게시간",,"09:00 - 18:30
12:30 - 14:00 휴게시간",14:00 - 18:30,"09:00 - 20:00
12:30 - 14:00 휴게시간",09:00 - 14:00,정기휴무 (매주 일요일),,,
씨에스의원,"병원,의원",051-717-2972,"부산 동래구 명륜로 161 네오앤바하 5층, 6층","09:00 - 18:00
12:00 - 13:00 휴게시간",,"09:00 - 18:00
12:00 - 13:00 휴게시간","09:00 - 18:00
12:00 - 13:00 휴게시간","09:00 - 18:00
12:00 - 13:00 휴게시간",09:00 - 13:00,정기휴무 (매주 일요일),,,
삼성연합의원,"병원,의원",051-504-7582,부산 동래구 여고북로 160,"09:00 - 19:00
13:00 - 14:00 휴게시간",,"09:00 - 21:00
13:00 - 14:00 휴게시간","09:00 - 19:00
13:00 - 14:00 휴게시간","09:00 - 21:00
13:00 - 14:00 휴게시간",09:00 - 13:00,정기휴무 (매주 일요일),,,
유디동래치과의원,치과,051-558-6200,부산 동래구 충렬대로 256 이수빌딩 4층,,,"09:30 - 18:30
13:00 - 14:00 휴게시간","09:30 - 18:30
13:00 - 14:00 휴게시간","09:30 - 18:30
13:00 - 14:00 휴게시간",09:30 - 14:30,정기휴무 (매주 일요일),,,
김진동 삼성내과의원,내과,0507-1379-7790,부산 동래구 안연로 74 무여빌딩 3층,"08:30 - 18:30
12:30 - 14:00 휴게시간",,"08:30 - 18:30
12:30 - 14:00 휴게시간","08:30 - 18:30
12:30 - 14:00 휴게시간","08:30 - 18:30
12:30 - 14:00 휴게시간",08:30 - 13:00,,,,
조준만이비인후과의원,이비인후과,051-558-0035,부산 동래구 명륜로 191,"09:00 - 18:30
12:30 - 14:00 휴게시간",,"09:00 - 18:30
12:30 - 14:00 휴게시간","09:00 - 18:30
12:30 - 14:00 휴게시간","09:00 - 18:30
12:30 - 14:00 휴게시간",09:00 - 13:30,정기휴무 (매주 일요일),,,
참편한치과의원,치과,051-529-7528,부산 동래구 연안로 49 삼영빌딩,"09:30 - 18:30
12:30 - 14:00 휴게시간",,"09:30 - 18:30
12:30 - 14:00 휴게시간",14:00 - 18:30,"09:30 - 18:30
12:30 - 14:00 휴게시간",09:30 - 13:00,정기휴무 (매주 일요일),,,
더바른구강내과치과의원,치과,0507-1325-0215,부산 동래구 충렬대로 207 대동아카데미 2층,"10:00 - 18:30
12:30 - 14:00 휴게시간",,"10:00 - 18:30
12:30 - 14:00 휴게시간","10:00 - 18:30
12:30 - 14:00 휴게시간","10:00 - 18:30
12:30 - 14:00 휴게시간",10:00 - 15:00,정기휴무 (매주 일요일),,,
윤결의원,피부과,051-504-5600,부산 동래구 사직북로 6 5층,,,"10:00 - 19:00
13:00 - 14:00 휴게시간","10:00 - 19:00
13:00 - 14:00 휴게시간","10:00 - 19:00
13:00 - 14:00 휴게시간",10:00 - 14:00,정기휴무 (매주 일요일),,,
사직요양병원,요양병원,051-931-7000,부산 동래구 충렬대로 97,09:00 - 18:00,,09:00 - 18:00,09:00 - 18:00,09:00 - 18:00,09:00 - 13:00,정기휴무 (매주 일요일),,,
김용균내과의원,내과,051-553-8575,부산 동래구 명륜로 77 부산은행 2층,"09:00 - 18:00
13:00 - 14:00 휴게시간",,"09:00 - 18:00
13:00 - 14:00 휴게시간","09:00 - 18:00
13:00 - 14:00 휴게시간","09:00 - 18:00
13:00 - 14:00 휴게시간",09:00 - 12:00,정기휴무 (매주 일요일),,,
명륜편한내과의원,내과,051-558-8877,부산 동래구 시실로24번길 5,"09:00 - 18:00
13:00 - 14:00 휴게시간",,09:00 - 13:00,"09:00 - 18:00
13:00 - 14:00 휴게시간","09:00 - 18:00
13:00 - 14:00 휴게시간",09:00 - 13:00,정기휴무 (매주 일요일),,,
청춘안과의원,안과,0507-1430-0111,부산 동래구 명륜로103번길 19,"09:00 - 18:00
13:00 - 14:00 휴게시간",,"09:00 - 18:00
13:00 - 14:00 휴게시간","09:00 - 18:00
13:00 - 14:00 휴게시간","09:00 - 18:00
13:00 - 14:00 휴게시간",09:30 - 13:00,정기휴무 (매주 일요일),,,
미남맑은내과의원,내과,0507-1434-8273,부산 동래구 아시아드대로 239-1,"09:00 - 18:00
13:00 - 14:00 휴게시간",,"09:00 - 18:00
13:00 - 14:00 휴게시간","09:00 - 18:00
13:00 - 14:00 휴게시간","09:00 - 18:00
13:00 - 14:00 휴게시간",09:00 - 13:00,정기휴무 (매주 일요일),,,
서울숲정신건강의학과의원,정신건강의학과,0507-1306-0486,부산 동래구 사직북로 4 사직동자이언츠파크 5층 503호,"09:00 - 18:00
13:00 - 14:00 휴게시간",,"09:00 - 18:00
13:00 - 14:00 휴게시간",14:00 - 20:00,"09:00 - 18:00
13:00 - 14:00 휴게시간",09:00 - 14:00,정기휴무 (매주 일요일),,,
피엔유(PNU)부산안과의원,안과,051-557-0075,"부산 동래구 온천장로 114 6층, 7층","09:00 - 18:00
13:00 - 14:00 휴게시간",,09:00 - 13:00,"09:00 - 18:00
13:00 - 14:00 휴게시간","09:00 - 18:00
13:00 - 14:00 휴게시간",09:00 - 13:00,정기휴무 (매주 일요일),,,
동래정한방병원,한방병원,051-978-1000,부산 동래구 충렬대로359번길 14 2층~6층,"09:00 - 21:00
13:00 - 14:00 휴게시간",,"09:00 - 21:00
13:00 - 14:00 휴게시간","09:00 - 21:00
13:00 - 14:00 휴게시간","09:00 - 21:00
13:00 - 14:00 휴게시간",09:00 - 17:00,정기휴무 (매주 일요일),,,
하우스이비인후과의원,이비인후과,051-711-7511,부산 동래구 동래로 25 6층,"09:00 - 19:00
12:30 - 14:00 휴게시간",,"09:00 - 19:00
12:30 - 14:00 휴게시간","09:00 - 19:00
12:30 - 14:00 휴게시간","09:00 - 19:00
12:30 - 14:00 휴게시간",09:00 - 14:00,정기휴무 (매주 일요일),,,
해인한의원,한의원,051-523-9183,부산 동래구 명장로20번길 109,"09:00 - 18:30
13:00 - 14:00 휴게시간
18:00 접수마감",,"09:00 - 18:30
13:00 - 14:00 휴게시간
18:00 접수마감","09:00 - 18:30
13:00 - 14:00 휴게시간
18:00 접수마감","09:00 - 18:30
13:00 - 14:00 휴게시간
18:00 접수마감","09:00 - 13:00
12:30 접수마감",정기휴무 (매주 일요일),,,
대한정형외과의원,정형외과,051-504-1145,부산 동래구 아시아드대로 224 온천동 대한메디컬,"09:00 - 18:00
13:00 - 14:00 휴게시간",,"09:00 - 18:00
13:00 - 14:00 휴게시간","09:00 - 18:00
13:00 - 14:00 휴게시간","09:00 - 18:00
13:00 - 14:00 휴게시간",09:00 - 13:00,정기휴무 (매주 일요일),,,
구정태내과의원,내과,051-501-0012,부산 동래구 사직북로19번길 34,09:00 - 18:00,,09:00 - 18:00,09:00 - 18:00,09:00 - 18:00,09:00 - 13:00,정기휴무 (매주 일요일),,,
아름다운이치과 동래점,치과,051-553-7528,부산 동래구 중앙대로 1325 이센타워 7층 아름다운이치과의원,"09:00 - 18:00
12:00 - 13:30 휴게시간",,"09:00 - 18:00
12:00 - 13:30 휴게시간","09:00 - 18:00
12:00 - 13:30 휴게시간","09:00 - 19:30
12:00 - 13:30 휴게시간","09:00 - 16:30
12:00 - 13:30 휴게시간",정기휴무 (매주 일요일),,,
광혜병원 응급실,응급실,051-504-2119,부산 동래구 충렬대로 96 광혜병원,,,,,,,,,,
동래아동병원,소아청소년과,051-715-0500,부산 동래구 충렬대로 384 동래아동병원,"09:00 - 19:00
12:30 - 14:00 휴게시간",,"09:00 - 19:00
12:30 - 14:00 휴게시간","09:00 - 19:00
12:30 - 14:00 휴게시간","09:00 - 19:00
12:30 - 14:00 휴게시간","09:00 - 16:00
12:30 - 14:00 휴게시간",09:30 - 13:00,,,
푸른안과의원,안과,051-557-6613,부산 동래구 충렬대로 239 수안메디컬센터,"09:00 - 18:00
13:00 - 14:00 휴게시간",,"09:00 - 18:00
13:00 - 14:00 휴게시간","09:00 - 18:00
13:00 - 14:00 휴게시간","09:00 - 18:00
13:00 - 14:00 휴게시간",09:00 - 13:00,정기휴무 (매주 일요일),,,
동래어린이치과의원,치과,051-711-1275,부산 동래구 온천장로 123-1 드림메디컬빌딩 8층,"09:30 - 18:30
13:00 - 14:30 휴게시간",,"09:30 - 18:30
13:00 - 14:30 휴게시간","09:30 - 18:30
13:00 - 14:30 휴게시간","09:30 - 18:30
13:00 - 14:30 휴게시간",09:30 - 13:00,정기휴무 (매주 일요일),,,
고은산부인과의원,산부인과,051-532-2777,부산 동래구 명안로85번길 52 명장랜드마크,09:30 - 18:30,,09:30 - 18:30,09:30 - 18:30,09:30 - 18:30,09:30 - 13:30,정기휴무 (매주 일요일),,,
이상성플러스의원,내과,051-502-8525,부산 동래구 쇠미로81번길 22,09:00 - 18:00,,09:00 - 12:30,09:00 - 18:00,09:00 - 18:00,09:00 - 13:00,정기휴무 (매주 일요일),,,
김향안과의원,안과,051-505-2951,부산 동래구 아시아드대로 225 미남메디칼센터,"09:30 - 18:00
13:00 - 14:30 휴게시간",,14:00 - 18:00,"09:30 - 18:00
13:00 - 14:30 휴게시간","09:30 - 18:00
13:00 - 14:30 휴게시간",09:30 - 13:00,정기휴무 (매주 일요일),,,
맘모스소아청소년과의원,소아청소년과,051-556-0187,부산 동래구 충렬대로155번길 19 2층,,,"09:30 - 18:00
12:00 - 13:30 휴게시간",13:30 - 18:00,"09:30 - 18:00
12:00 - 13:30 휴게시간",09:00 - 14:00,정기휴무 (매주 일요일),,,
르네상스의원,피부과,051-529-3559,부산 동래구 충렬대로 244 2층,13:00 - 23:00,,13:00 - 23:00,13:00 - 23:00,13:00 - 23:00,10:00 - 20:00,정기휴무 (매주 일요일),,,
김봉관소아과의원,소아청소년과,051-501-5088,부산 동래구 사직북로19번길 5,"09:00 - 18:30
13:00 - 14:30 휴게시간",,"09:00 - 18:30
13:00 - 14:30 휴게시간","09:00 - 18:30
13:00 - 14:30 휴게시간","09:00 - 18:30
13:00 - 14:30 휴게시간",09:00 - 13:00,정기휴무 (매주 일요일),,,
일신정형외과의원,정형외과,0507-1415-1288,부산 동래구 충렬대로 353 부산은행건물 3층,"09:00 - 18:30
13:00 - 14:00 휴게시간",,"09:00 - 18:30
13:00 - 14:00 휴게시간","09:00 - 18:30
13:00 - 14:00 휴게시간","09:00 - 18:30
13:00 - 14:00 휴게시간",09:00 - 13:00,정기휴무 (매주 일요일),,,
바른치과의원,치과,051-553-2819,부산 동래구 온천장로 75 KH파인우스 상가 201호,"09:30 - 18:30
12:30 - 14:00 휴게시간",,"09:30 - 18:30
12:30 - 14:00 휴게시간","14:00 - 21:00
17:30 - 18:00 휴게시간","09:30 - 18:30
12:30 - 14:00 휴게시간",09:30 - 14:00,정기휴무 (매주 일요일),,,
안락한정신건강의학과의원,정신건강의학과,051-715-7077,부산 동래구 충렬대로 413 승연메디컬 4층 401호,"09:00 - 18:00
13:00 - 14:00 휴게시간",,"09:00 - 18:00
13:00 - 14:00 휴게시간",정기휴무 (매주 목요일),"09:00 - 18:00
13:00 - 14:00 휴게시간",09:00 - 13:00,정기휴무 (매주 일요일),,,
동의당한의원,한의원,051-555-7277,부산 동래구 동래로19번길 2 온천빌딩 1층 동의당한의원,"09:30 - 20:00
13:00 - 14:00 휴게시간",,"09:30 - 20:00
13:00 - 14:00 휴게시간","09:30 - 20:00
13:00 - 14:00 휴게시간","09:30 - 20:00
13:00 - 14:00 휴게시간",09:00 - 14:00,09:00 - 14:00,,,
바른몸청담한의원 사직,한의원,0507-1325-4455,부산 동래구 사직북로 24 가람빌딩 3층,"09:00 - 21:00
12:30 - 14:00 휴게시간
20:30 접수마감",,"09:00 - 21:00
12:30 - 14:00 휴게시간
20:30 접수마감","09:00 - 21:00
12:30 - 14:00 휴게시간
20:30 접수마감","09:00 - 21:00
12:30 - 14:00 휴게시간
20:30 접수마감","09:00 - 14:00
13:30 접수마감","09:00 - 14:00
13:30 접수마감",,,
늘다봄의원,"병원,의원",051-711-1365,부산 동래구 아시아드대로 142,"09:00 - 20:00
12:00 - 13:00 휴게시간
17:00 - 18:00 휴게시간",,"09:00 - 15:00
12:00 - 13:00 휴게시간","09:00 - 20:00
12:00 - 13:00 휴게시간
17:00 - 18:00 휴게시간","09:00 - 20:00
12:00 - 13:00 휴게시간
17:00 - 18:00 휴게시간","09:00 - 15:00
12:00 - 13:00 휴게시간",13:00 - 17:00,,,
사직내과의원,내과,051-502-7010,부산 동래구 사직북로 21,"09:00 - 18:00
13:00 - 14:30 휴게시간",,"09:00 - 18:00
13:00 - 14:30 휴게시간","09:00 - 18:00
13:00 - 14:30 휴게시간","09:00 - 18:00
13:00 - 14:30 휴게시간",09:00 - 13:00,정기휴무 (매주 일요일),,,
박상욱가정의학과의원,가정의학과,051-554-3175,"부산 동래구 동래로148번길 24 1,2층",09:00 - 18:00,,09:00 - 18:00,09:00 - 18:00,09:00 - 18:00,09:00 - 13:00,정기휴무 (매주 일요일),,,
새봄병원,"병원,의원",1899-7572,부산 동래구 충렬대로 152 7~10층,"09:00 - 17:30
12:30 - 13:30 휴게시간",,"09:00 - 17:30
12:30 - 13:30 휴게시간","09:00 - 17:30
12:30 - 13:30 휴게시간","09:00 - 17:30
12:30 - 13:30 휴게시간",09:00 - 12:30,정기휴무 (매주 일요일),,,
부산미남병원,정형외과,051-501-8288,부산 동래구 아시아드대로 213 부산미남병원,"09:00 - 18:00
13:00 - 14:00 휴게시간
12:00, 17:00 접수마감",,"09:00 - 18:00
13:00 - 14:00 휴게시간
12:00, 17:00 접수마감","09:00 - 18:00
13:00 - 14:00 휴게시간
12:00, 17:00 접수마감","09:00 - 18:00
13:00 - 14:00 휴게시간
12:00, 17:00 접수마감","09:00 - 13:00
12:00 접수마감",정기휴무 (매주 일요일),,,
킴스안과의원,안과,0507-1372-9007,부산 동래구 아시아드대로 142 사직빌딩 3층 킴스안과의원,"09:30 - 18:30
13:00 - 14:00 휴게시간",,,"09:30 - 18:30
13:00 - 14:00 휴게시간","09:30 - 18:30
13:00 - 14:00 휴게시간",09:30 - 13:30,정기휴무 (매주 일요일),,,
사직부부치과의원,치과,051-503-7528,부산 동래구 사직북로19번길 6,"09:30 - 18:30
13:00 - 14:00 휴게시간",,"09:30 - 18:30
13:00 - 14:00 휴게시간","09:30 - 18:30
13:00 - 14:00 휴게시간","09:30 - 18:30
13:00 - 14:00 휴게시간",09:30 - 13:00,정기휴무 (매주 일요일),,,
고운미소치과의원,치과,051-507-2879,부산 동래구 사직로 80 사직쌍용예가 222-102호,"09:30 - 18:30
12:30 - 14:00 휴게시간",,,"09:30 - 18:30
12:30 - 14:00 휴게시간","09:30 - 18:30
12:30 - 14:00 휴게시간",09:30 - 14:00,정기휴무 (매주 일요일),,,
청담드림의원,내과,051-515-7878,부산 동래구 온천장로 123-1,"10:00 - 18:30
13:00 - 14:00 휴게시간",,"10:00 - 18:30
13:00 - 14:00 휴게시간",14:00 - 20:00,"10:00 - 20:00
13:00 - 14:00 휴게시간",10:00 - 14:00,정기휴무 (매주 일요일),,,
본메디조아의원,소아청소년과,0507-1344-0080,부산 동래구 충렬대로 413 승연메디컬타워 5층,09:00 - 19:00,,09:00 - 19:00,09:00 - 19:00,09:00 - 19:00,09:00 - 13:00,09:00 - 13:00,,,
자이언트정형외과의원,정형외과,051-557-7800,부산 동래구 충렬대로 219,"09:00 - 19:00
12:30 - 13:30 휴게시간",,"09:00 - 19:00
12:30 - 13:30 휴게시간","09:00 - 19:00
12:30 - 13:30 휴게시간","09:00 - 19:00
12:30 - 13:30 휴게시간",09:00 - 14:00,정기휴무 (매주 일요일),,,
온천부부치과의원,치과,051-552-1976,부산 동래구 금강공원로 5 3층,"09:00 - 18:00
12:30 - 14:00 휴게시간",,"09:00 - 18:00
12:30 - 14:00 휴게시간","09:00 - 18:00
12:30 - 14:00 휴게시간","09:00 - 18:00
12:30 - 14:00 휴게시간",09:00 - 13:00,정기휴무 (매주 일요일),,,
하얀결피부과의원,피부과,051-506-7582,부산 동래구 사직북로 24 5층,"09:30 - 18:30
13:00 - 14:30 휴게시간
18:00 접수마감",,"09:30 - 18:30
13:00 - 14:30 휴게시간
18:00 접수마감","02:30 - 18:30
18:00 접수마감","09:30 - 20:00
13:00 - 14:30 휴게시간
19:30 접수마감","09:30 - 14:00
13:30 접수마감",정기휴무 (매주 일요일),,,
가촌한의원,한의원,051-917-2175,부산 동래구 명륜로 189-2 2층,"09:30 - 18:30
13:00 - 14:00 휴게시간
18:10 접수마감",,"09:30 - 18:30
13:00 - 14:00 휴게시간
18:10 접수마감",정기휴무 (매주 목요일),"09:30 - 18:30
13:00 - 14:00 휴게시간
18:10 접수마감","09:30 - 13:00
12:40 접수마감",정기휴무 (매주 일요일),,,
동명이비인후과의원,이비인후과,051-558-3773,부산 동래구 충렬대로 91,09:30 - 18:00,,09:30 - 18:00,09:30 - 18:00,09:30 - 18:00,정기휴무 (매주 토요일),정기휴무 (매주 일요일),,,
좋은하루치과의원,치과,051-557-2204,부산 동래구 시실로24번길 5 2층 202호,,,"09:30 - 19:00
12:30 - 14:00 휴게시간","09:30 - 20:00
12:30 - 14:00 휴게시간","09:30 - 19:00
12:30 - 14:00 휴게시간",09:30 - 13:30,정기휴무 (매주 일요일),,,
박영호비뇨기과의원,비뇨의학과,051-552-6700,부산 동래구 중앙대로 1325,"09:00 - 18:00
13:00 - 14:00 휴게시간",,09:00 - 13:00,"09:00 - 18:00
13:00 - 14:00 휴게시간","09:00 - 18:00
13:00 - 14:00 휴게시간",09:00 - 13:00,정기휴무 (매주 일요일),,,
속시원김내과의원,내과,0507-1362-7172,부산 동래구 명장로 48 명장1동 새마을금고 2층,"09:00 - 19:00
13:00 - 14:00 휴게시간",,"09:00 - 19:00
13:00 - 14:00 휴게시간","09:00 - 19:00
13:00 - 14:00 휴게시간","09:00 - 19:00
13:00 - 14:00 휴게시간",09:00 - 14:00,정기휴무 (매주 일요일),,,
새로이한의원,한의원,0507-1371-7571,부산 동래구 사직북로 7 2층,"09:30 - 21:00
12:30 - 14:00 휴게시간",,"09:30 - 21:00
12:30 - 14:00 휴게시간","14:00 - 21:00
접기","09:30 - 21:00
12:30 - 14:00 휴게시간",09:30 - 14:00,정기휴무 (매주 일요일),,,
이종관비뇨기과의원,비뇨의학과,051-501-4333,부산 동래구 아시아드대로 225 미남메디칼센터,"09:30 - 18:30
12:30 - 14:00 휴게시간",,"09:30 - 18:30
12:30 - 14:00 휴게시간",14:00 - 18:30,"09:30 - 18:30
12:30 - 14:00 휴게시간",09:30 - 13:00,정기휴무 (매주 일요일),,,
든든한의원,한의원,051-506-7525,부산 동래구 사직북로 10-1 2층,"09:00 - 20:00
13:00 - 14:00 휴게시간",,"09:00 - 19:00
13:00 - 14:00 휴게시간",14:00 - 20:00,"09:00 - 19:00
13:00 - 14:00 휴게시간",09:00 - 15:00,정기휴무 (매주 일요일),,,
사직어린이치과의원,치과,0507-1373-2879,부산 동래구 석사로 46 3층,"09:30 - 18:00
12:30 - 14:00 휴게시간
11:30, 17:00 접수마감",,"09:30 - 18:00
12:30 - 14:00 휴게시간
11:30, 17:00 접수마감","09:30 - 18:00
12:30 - 14:00 휴게시간
11:30, 17:00 접수마감","09:30 - 18:00
12:30 - 14:00 휴게시간
11:30, 17:00 접수마감","09:30 - 14:00
13:00 접수마감",정기휴무 (매주 일요일),,,
갤러리안과의원,안과,051-516-0075,부산 동래구 사직북로 6,"09:30 - 18:00
13:00 - 14:00 휴게시간",,"09:30 - 18:00
13:00 - 14:00 휴게시간","09:30 - 18:00
13:00 - 14:00 휴게시간","09:30 - 18:00
13:00 - 14:00 휴게시간",09:30 - 13:00,정기휴무 (매주 일요일),,,
안락샘내과의원,내과,051-929-3433,부산 동래구 안락로 12 3층 안락샘내과의원,"09:00 - 18:30
13:00 - 14:00 휴게시간","09:00 - 18:30
13:00 - 14:00 휴게시간","09:00 - 19:00
13:00 - 14:00 휴게시간","09:00 - 13:00
접기","09:00 - 18:30
13:00 - 14:00 휴게시간",09:00 - 13:00,정보없음,09:00 - 18:30,13:00 - 14:00 ,
독수리눈안과의원,안과,051-507-0775,부산 동래구 사직북로 24 가람빌딩,"09:00 - 18:30
13:00 - 14:30 휴게시간",,"09:00 - 18:30
13:00 - 14:30 휴게시간",14:30 - 18:30,"09:00 - 18:30
13:00 - 14:30 휴게시간",09:30 - 13:00,정기휴무 (매주 일요일),,,
이웃사랑의원,내과,0507-1424-2989,부산 동래구 충렬사로 50,09:00 - 18:20,,09:00 - 13:00,09:00 - 18:20,09:00 - 18:20,09:00 - 13:00,정기휴무 (매주 일요일),,,
으뜸요양병원,요양병원,051-500-1500,부산 동래구 충렬대로 120 으뜸병원,08:30 - 18:00,,08:30 - 18:00,"08:30 - 18:00
접기",08:30 - 18:00,08:30 - 13:00,정보없음,,,
부산 썬비뇨기과의원,비뇨의학과,051-714-3575,부산 동래구 동래로 25,"09:30 - 19:00
12:30 - 14:00 휴게시간
18:00 접수마감",,"09:30 - 19:00
12:30 - 14:00 휴게시간
18:00 접수마감","14:00 - 19:00
18:00 접수마감","09:30 - 19:00
12:30 - 14:00 휴게시간
18:00 접수마감","09:30 - 14:00
13:00 접수마감",정기휴무 (매주 일요일),,,
대동병원 지역응급의료센터,응급실,051-550-9390,부산 동래구 충렬대로 187 대동병원,,,,,,,,,,
본메디산부인과의원,산부인과,051-525-0800,부산 동래구 충렬대로 413 승연메디컬타워 6층,09:00 - 17:00,09:00 - 17:00,09:00 - 13:00,"09:00 - 17:00
접기",09:00 - 17:00,09:00 - 13:00,정기휴무 (매주 일요일),09:00 - 17:00,,
밝은현안과의원,안과,051-531-2200,부산 동래구 명안로85번길 52 명장랜드마크,"09:30 - 18:00
13:00 - 14:00 휴게시간",,"09:30 - 18:00
13:00 - 14:00 휴게시간","09:30 - 18:00
13:00 - 14:00 휴게시간","09:30 - 18:00
13:00 - 14:00 휴게시간",09:30 - 13:00,정기휴무 (매주 일요일),,,
진정신건강의학과의원,정신건강의학과,0507-1324-5536,부산 동래구 충렬대로 239 수안메디칼센터 5층,"09:00 - 18:30
12:30 - 14:00 휴게시간",,"09:00 - 18:30
12:30 - 14:00 휴게시간","09:00 - 18:30
12:30 - 14:00 휴게시간","09:00 - 18:30
12:30 - 14:00 휴게시간",09:00 - 13:30,정기휴무 (매주 일요일),,,
김백순이비인후과의원,이비인후과,051-555-2535,부산 동래구 충렬대로238번길 7 성완 세띠앙,"09:30 - 18:00
13:00 - 14:00 휴게시간",,"09:30 - 18:00
13:00 - 14:00 휴게시간",14:00 - 18:00,"09:30 - 18:00
13:00 - 14:00 휴게시간",09:30 - 12:00,정기휴무 (매주 일요일),,,
서울정형외과의원,정형외과,051-552-0675,부산 동래구 충렬대로 233 서울정형외과의원빌딩,"09:30 - 18:30
12:30 - 14:00 휴게시간",,"09:30 - 18:30
12:30 - 14:00 휴게시간","09:30 - 18:30
12:30 - 14:00 휴게시간","09:30 - 18:30
12:30 - 14:00 휴게시간",09:30 - 12:30,정기휴무 (매주 일요일),,,
청랑한의원,한의원,051-522-7975,부산 동래구 충렬대로 413 승연메디컬센터 2층 청랑한의원,"09:00 - 18:30
13:00 - 14:00 휴게시간
12:45, 18:15 접수마감",,"09:00 - 20:30
13:00 - 14:00 휴게시간
12:45, 20:15 접수마감","09:00 - 18:30
13:00 - 14:00 휴게시간
12:45, 18:15 접수마감","09:00 - 18:30
13:00 - 14:00 휴게시간
12:45, 18:15 접수마감","09:00 - 13:00
12:45 접수마감",정기휴무 (매주 일요일),,,
문형기소아과의원,소아청소년과,051-524-3000,부산 동래구 충렬대로 431,09:00 - 18:00,,09:00 - 13:00,09:00 - 18:00,09:00 - 18:00,09:00 - 13:00,정기휴무 (매주 일요일),,,
밝은빛안과의원,안과,051-506-6663,부산 동래구 사직북로 25-1 늘편한메디컬 5층,"09:00 - 18:00
13:00 - 14:00 휴게시간",,"09:00 - 18:00
13:00 - 14:00 휴게시간",14:00 - 18:00,"09:00 - 18:00
13:00 - 14:00 휴게시간",09:00 - 13:00,정기휴무 (매주 일요일),,,
다온한의원,한의원,051-503-3777,부산 동래구 사직로70번길 68 1층,"09:30 - 19:00
13:00 - 14:00 휴게시간",,"09:30 - 20:00
13:00 - 14:00 휴게시간","09:30 - 19:00
접기","09:30 - 19:00
13:00 - 14:00 휴게시간",09:30 - 15:00,정기휴무 (매주 일요일),,,
굿모닝이비인후과의원,이비인후과,051-532-5075,부산 동래구 충렬대로 415 신협메디컬센터 3층,"09:00 - 18:30
13:00 - 14:00 휴게시간",,"09:00 - 18:30
13:00 - 14:00 휴게시간","09:00 - 18:30
13:00 - 14:00 휴게시간","09:00 - 18:30
13:00 - 14:00 휴게시간",09:00 - 13:00,정기휴무 (매주 일요일),,,
동래에이스정형외과의원,정형외과,0507-1307-3375,부산 동래구 충렬대로237번길 3 2층,"09:00 - 20:00
13:00 - 14:00 휴게시간",,"09:00 - 19:00
13:00 - 14:00 휴게시간","09:00 - 20:00
13:00 - 14:00 휴게시간","09:00 - 19:00
13:00 - 14:00 휴게시간",09:00 - 14:00,정기휴무 (매주 일요일),,,
동래성병년정형외과의원,정형외과,051-556-8575,부산 동래구 중앙대로 1325,"09:00 - 18:00
13:00 - 14:00 휴게시간",,14:00 - 18:00,"09:00 - 18:00
13:00 - 14:00 휴게시간","09:00 - 18:00
13:00 - 14:00 휴게시간",09:00 - 13:00,정기휴무 (매주 일요일),,,
세인요양병원,요양병원,051-501-7500,부산 동래구 여고로 5,,,,,,,,,,
사직365부부한의원,한의원,051-715-3655,부산 동래구 아시아드대로 149-1 2층 사직365부부한의원,"09:00 - 19:00
12:30 - 14:00 휴게시간",,"09:00 - 19:00
12:30 - 14:00 휴게시간","09:00 - 19:00
12:30 - 14:00 휴게시간","09:00 - 19:00
12:30 - 14:00 휴게시간",09:00 - 15:00,정기휴무 (매주 일요일),,,
아시아드치과의원,치과,0507-1475-7074,부산 동래구 아시아드대로134번길 14,"10:00 - 18:30
13:00 - 14:00 휴게시간",,"10:00 - 18:30
13:00 - 14:00 휴게시간","10:00 - 18:30
13:00 - 14:00 휴게시간","10:00 - 18:30
13:00 - 14:00 휴게시간",09:30 - 14:00,정기휴무 (매주 일요일),,,
함소아한의원 동래,한의원,0507-1336-1075,부산 동래구 충렬대로75번길 24 3층,"10:00 - 18:00
12:30 - 14:00 휴게시간
12:00, 17:30 접수마감",,"10:00 - 18:00
12:30 - 14:00 휴게시간
12:00, 17:30 접수마감","정기휴무 (매주 목요일)
접기","10:00 - 18:00
12:30 - 14:00 휴게시간
12:00, 17:30 접수마감","10:00 - 17:00
12:30 - 14:00 휴게시간
12:00, 16:30 접수마감",정기휴무 (매주 일요일),,,
해님소아청소년과의원,소아청소년과,051-914-0100,부산 동래구 우장춘로 14,"09:00 - 18:00
12:30 - 14:00 휴게시간
17:30 접수마감",,"09:00 - 18:00
12:30 - 14:00 휴게시간
17:30 접수마감","09:00 - 18:00
12:30 - 14:00 휴게시간
17:30 접수마감","09:00 - 18:00
12:30 - 14:00 휴게시간
17:30 접수마감","09:00 - 13:00
12:30 접수마감",정기휴무 (매주 일요일),,,
대한민국정형외과병원,정형외과,0507-1433-7594,"부산 동래구 아시아드대로 239-1 월드메디컬타워 4층, 5층","08:30 - 17:30
13:00 - 14:00 휴게시간",,"08:30 - 17:30
13:00 - 14:00 휴게시간","08:30 - 17:30
13:00 - 14:00 휴게시간","08:30 - 17:30
13:00 - 14:00 휴게시간",08:30 - 14:00,정기휴무 (매주 일요일),,,
"편한,안 정신건강의학과의원",정신건강의학과,0507-1431-5426,부산 동래구 사직북로 7 7층,09:30 - 19:00,,14:00 - 20:00,09:30 - 19:00,09:30 - 19:00,09:30 - 14:00,정기휴무 (매주 일요일),,,
부산예한방병원,한방병원,051-714-0000,"부산 동래구 중앙대로 1523 SKHUBSKY 3, 4층","09:30 - 20:00
13:00 - 14:00 휴게시간",,"09:30 - 20:00
13:00 - 14:00 휴게시간","09:30 - 20:00
13:00 - 14:00 휴게시간
접기","09:30 - 20:00
13:00 - 14:00 휴게시간",09:30 - 15:30,09:30 - 16:00,,,
예일가정의학과의원,가정의학과,051-525-9888,부산 동래구 안남로 23 보림프라자,"09:00 - 18:00
12:30 - 14:00 휴게시간",,09:00 - 13:00,"09:00 - 18:00
12:30 - 14:00 휴게시간","09:00 - 18:00
12:30 - 14:00 휴게시간",09:00 - 13:00,정기휴무 (매주 일요일),,,
제중한의원 부산,한의원,0507-1332-1075,부산 동래구 석사로 10-1 률영빌딩 2층,"09:30 - 19:00
13:00 - 14:00 휴게시간",,정기휴무 (매주 수요일),"09:30 - 19:00
13:00 - 14:00 휴게시간","09:30 - 19:00
13:00 - 14:00 휴게시간",09:30 - 14:00,정기휴무 (매주 일요일),,,
예본치과의원,치과,051-554-5066,부산 동래구 충렬대로 132 3층 예본치과의원,09:30 - 18:30,,14:00 - 18:30,09:30 - 18:30,09:30 - 18:30,09:30 - 13:30,정기휴무 (매주 일요일),,,
동래성모병원,내과,051-559-8888,부산 동래구 충렬대로 188 명륜동 메디컬센터 7-10층,"09:00 - 18:00
12:00 - 13:00 휴게시간",,"09:00 - 18:00
12:00 - 13:00 휴게시간","09:00 - 18:00
12:00 - 13:00 휴게시간","09:00 - 18:00
12:00 - 13:00 휴게시간",정기휴무 (매주 토요일),정기휴무 (매주 일요일),,,
닥터조이치과의원,치과,0507-1486-7071,부산 동래구 충렬대로 219 4층 닥터조이치과의원,09:30 - 20:30,,09:30 - 18:30,09:30 - 20:30,09:30 - 18:30,09:30 - 14:00,정기휴무 (매주 일요일),,,
한국한의원,한의원,051-501-0025,부산 동래구 충렬대로 154,,,,,,,,,,
속편안내과의원,내과,051-532-8008,"부산 동래구 서동중심로 4 2, 3층","09:00 - 18:30
18:20 접수마감",,"09:00 - 18:30
18:20 접수마감","09:00 - 18:30
18:20 접수마감","09:00 - 18:30
18:20 접수마감","09:00 - 13:00
12:50 접수마감",정기휴무 (매주 일요일),,,
월드부산의원,비뇨의학과,0507-1338-3500,부산 동래구 충렬대로237번길 88,"09:00 - 17:00
12:00 - 14:00 휴게시간",,"09:00 - 17:00
12:00 - 14:00 휴게시간","09:00 - 17:00
12:00 - 14:00 휴게시간","09:00 - 17:00
12:00 - 14:00 휴게시간",09:00 - 12:00,정기휴무 (매주 일요일),,,
예쁜미소바른이치과의원,치과,051-791-2804,부산 동래구 동래로 25 이즈메디컬 4F,"10:30 - 19:00
13:00 - 14:30 휴게시간",,"10:30 - 19:00
13:00 - 14:30 휴게시간","10:30 - 19:00
13:00 - 14:30 휴게시간","10:30 - 19:00
13:00 - 14:30 휴게시간","09:00 - 16:00
13:00 - 13:30 휴게시간",정기휴무 (매주 일요일),,,
사직마취통증의학과의원,마취통증의학과,051-505-4788,부산 동래구 석사로 5 5층,"09:30 - 18:30
13:00 - 14:00 휴게시간",,09:30 - 14:00,"09:30 - 20:30
13:00 - 14:00 휴게시간
접기","09:30 - 18:30
13:00 - 14:00 휴게시간",09:30 - 14:00,정기휴무 (매주 일요일),,,
제이공감 정신건강의학과의원,정신건강의학과,051-715-7543,부산 동래구 미남로132번길 112 경우빌딩 5층,"09:30 - 17:30
13:00 - 14:00 휴게시간",,"09:30 - 17:00
13:00 - 14:00 휴게시간","09:30 - 17:30
13:00 - 14:00 휴게시간","09:30 - 17:00
13:00 - 14:00 휴게시간",정기휴무 (매주 토요일),정기휴무 (매주 일요일),,,
우리정형외과의원,정형외과,051-522-0601,부산 동래구 명안로85번길 52 명장랜드마크,"09:00 - 18:00
13:00 - 14:00 휴게시간",,"09:00 - 18:00
13:00 - 14:00 휴게시간","09:00 - 18:00
13:00 - 14:00 휴게시간","09:00 - 18:00
13:00 - 14:00 휴게시간",09:00 - 13:00,정기휴무 (매주 일요일),,,
경희이대기한의원,한의원,051-555-1075,부산 동래구 충렬대로 180-10 대이빌딩 3층,"10:00 - 18:00
13:00 - 14:00 휴게시간
17:30 접수마감",,"10:00 - 18:00
13:00 - 14:00 휴게시간
17:30 접수마감","10:00 - 18:00
13:00 - 14:00 휴게시간
17:30 접수마감","10:00 - 18:00
13:00 - 14:00 휴게시간
17:30 접수마감","10:00 - 13:00
12:30 접수마감",정기휴무 (매주 일요일),,,
열린치과의원,치과,051-521-2822,부산 동래구 안남로 23 보림프라자,"09:30 - 18:30
12:30 - 14:00 휴게시간",,"09:30 - 18:30
12:30 - 14:00 휴게시간","09:30 - 18:30
12:30 - 14:00 휴게시간","09:30 - 18:30
12:30 - 14:00 휴게시간",09:30 - 12:30,정기휴무 (매주 일요일),,,
봄날재활의학과의원,재활의학과,051-556-7575,"부산 동래구 온천장로 114 허브메디컬센터 4층, 5층","09:00 - 19:00
12:30 - 14:00 휴게시간",,"09:00 - 19:00
12:30 - 14:00 휴게시간","09:00 - 19:00
12:30 - 14:00 휴게시간","09:00 - 19:00
12:30 - 14:00 휴게시간",09:00 - 13:00,정기휴무 (매주 일요일),,,
제이에스 성형외과의원,성형외과,051-711-1211,부산 동래구 충렬대로 219 마노 5층 제이에스성형외과의원,"09:30 - 18:00
13:00 - 14:00 휴게시간",,"09:30 - 18:00
13:00 - 14:00 휴게시간","09:30 - 18:00
13:00 - 14:00 휴게시간","10:00 - 19:00
13:00 - 14:00 휴게시간",09:30 - 13:30,정기휴무 (매주 일요일),,,
동래장편한내과의원,내과,051-556-8300,부산 동래구 온천장로 123-1,09:00 - 18:00,,09:00 - 18:00,09:00 - 18:00,09:00 - 18:00,09:00 - 13:00,정기휴무 (매주 일요일),,,
박성인안과의원,안과,051-552-0110,부산 동래구 금강공원로 5-1,,,,,,,,,,
김성우우화외과의원,외과,051-554-1810,부산 동래구 온천장로 1 선호빌딩 4층,"09:00 - 18:30
12:30 - 14:00 휴게시간",,"09:00 - 18:30
12:30 - 14:00 휴게시간","09:00 - 18:30
12:30 - 14:00 휴게시간","09:00 - 18:30
12:30 - 14:00 휴게시간",09:00 - 13:00,정기휴무 (매주 일요일),,,
참치과의원,치과,051-555-8828,부산 동래구 충렬대로237번길 34,,,,,,,,,,
청담바로의원,성형외과,051-996-8585,부산 동래구 동래로 25 이즈메디컬 6층,10:00 - 20:00,10:00 - 20:00,10:00 - 20:00,"10:00 - 20:00
접기",10:00 - 20:00,10:00 - 16:00,정보없음,10:00 - 20:00,,
명륜한의원 동래점,한의원,0507-1432-0141,부산 동래구 명륜로 104-1 2층,09:30 - 21:00,,09:30 - 21:00,09:30 - 21:00,09:30 - 21:00,09:30 - 14:00,09:30 - 14:00,,,
더노블의원,피부과,051-552-1777,부산 동래구 차밭골로 13 7층 701호,,,"10:00 - 19:00
13:00 - 14:00 휴게시간","10:00 - 19:00
13:00 - 14:00 휴게시간","10:00 - 20:00
13:00 - 14:00 휴게시간",10:00 - 15:00,정기휴무 (매주 일요일),,,
하나인치과병원,치과,051-525-4446,부산 동래구 명안로85번길 42 하나인치과병원,09:30 - 20:30,,"09:30 - 18:30
13:00 - 14:00 휴게시간","09:30 - 20:30
접기","09:30 - 18:30
13:00 - 14:00 휴게시간",09:30 - 13:00,정기휴무 (매주 일요일),,,
온정치과의원,치과,0507-1397-7528,부산 동래구 충렬대로 415 4층,"09:30 - 18:30
13:00 - 14:30 휴게시간",,"09:30 - 20:30
13:00 - 14:30 휴게시간","09:30 - 18:30
13:00 - 14:30 휴게시간","09:30 - 18:30
13:00 - 14:30 휴게시간",09:30 - 13:30,정기휴무 (매주 일요일),,,
김기룡내과의원,내과,051-552-7727,부산 동래구 충렬대로 248,09:00 - 18:00,09:00 - 18:00,09:00 - 18:00,"09:00 - 18:00
접기",09:00 - 18:00,09:00 - 12:30,정보없음,09:00 - 18:00,,
서울청담성형외과의원,성형외과,1599-7533,부산 동래구 아시아드대로 239-1 월드메디컬타워 6층,,,10:00 - 19:00,10:00 - 19:00,10:00 - 19:00,10:00 - 16:00,정기휴무 (매주 일요일),,,
최춘한내과의원,내과,051-501-2900,부산 동래구 아시아드대로 184,"09:00 - 18:00
13:00 - 14:00 휴게시간",,"09:00 - 13:00
13:00 - 14:00 휴게시간","09:00 - 18:00
13:00 - 14:00 휴게시간","09:00 - 18:00
13:00 - 14:00 휴게시간","09:00 - 13:00
13:00 - 14:00 휴게시간",정보없음,,,
오대성소아청소년과의원,소아청소년과,051-502-6846,부산 동래구 여고로113번길 74,"09:00 - 18:30
13:00 - 14:00 휴게시간",,"09:00 - 18:30
13:00 - 14:00 휴게시간","09:00 - 18:30
13:00 - 14:00 휴게시간","09:00 - 18:30
13:00 - 14:00 휴게시간",09:00 - 14:00,정기휴무 (매주 일요일),,,
동래봉생병원 응급실,응급실,051-520-5600,부산 동래구 안연로109번길 27 봉생병원,,,,,,,,,,
정상한의원,한의원,051-553-3116,부산 동래구 금강공원로 24 1층 정상한의원,"09:00 - 20:00
13:00 - 14:00 휴게시간",,"09:00 - 20:00
13:00 - 14:00 휴게시간","09:00 - 20:00
13:00 - 14:00 휴게시간
접기","09:00 - 20:00
13:00 - 14:00 휴게시간",09:00 - 14:00,정기휴무 (매주 일요일),,,
사람인치과의원,치과,051-503-5335,부산 동래구 아시아드대로 186,"10:00 - 18:00
13:00 - 14:00 휴게시간",,정기휴무 (매주 수요일),"10:00 - 18:00
13:00 - 14:00 휴게시간","10:00 - 18:00
13:00 - 14:00 휴게시간",10:00 - 17:00,정기휴무 (매주 일요일),,,
더사랑의원,"병원,의원",051-507-8575,부산 동래구 아시아드대로 239,,,,,,,,,,
미주치과병원,치과,0507-1373-5124,부산 동래구 충렬대로 114 듀오빌,"09:00 - 19:00
13:00 - 14:00 휴게시간",,"09:00 - 19:00
13:00 - 14:00 휴게시간","09:00 - 19:00
13:00 - 14:00 휴게시간
접기","09:00 - 19:00
13:00 - 14:00 휴게시간",09:00 - 13:00,09:00 - 13:00,,,
화이트치과의원,치과,051-531-2202,부산 동래구 충렬대로 467,"09:30 - 18:00
13:00 - 14:00 휴게시간",,"09:30 - 18:00
13:00 - 14:00 휴게시간",09:30 - 13:00,"09:30 - 18:00
13:00 - 14:00 휴게시간",09:30 - 13:00,정기휴무 (매주 일요일),,,
미라인여성의원,피부과,051-817-7755,부산 동래구 충렬대로 194 동림빌딩,10:00 - 21:00,,10:00 - 19:00,10:00 - 21:00,10:00 - 19:00,10:00 - 14:00,정기휴무 (매주 일요일),,,
온누리마취통증의학과의원,마취통증의학과,051-714-1831,부산 동래구 동래로 25 이즈메디컬빌딩 7층,"09:30 - 19:00
13:00 - 14:30 휴게시간",,14:30 - 19:00,"09:30 - 19:00
13:00 - 14:30 휴게시간","09:30 - 19:00
13:00 - 14:30 휴게시간",09:30 - 14:00,정기휴무 (매주 일요일),,,
강남비뇨기과의원,비뇨의학과,051-556-0386,부산 동래구 금강공원로 20,"09:00 - 18:30
13:00 - 14:00 휴게시간",,"09:00 - 18:30
13:00 - 14:00 휴게시간","09:00 - 18:30
13:00 - 14:00 휴게시간","09:00 - 18:30
13:00 - 14:00 휴게시간",09:00 - 13:00,정기휴무 (매주 일요일),,,
김민철정신건강의학과의원,정신건강의학과,0507-1337-3977,부산 동래구 명륜로 106 혜준빌딩 5층,"09:00 - 18:30
12:30 - 14:00 휴게시간",,09:00 - 14:00,"09:00 - 18:30
12:30 - 14:00 휴게시간","09:00 - 18:30
12:30 - 14:00 휴게시간",09:00 - 14:00,정기휴무 (매주 일요일),,,
훈내과의원,내과,051-527-3700,부산 동래구 충렬대로 467,"09:00 - 18:00
13:00 - 14:00 휴게시간
17:50 접수마감",,"09:00 - 13:00
12:50 접수마감","09:00 - 18:00
13:00 - 14:00 휴게시간
17:50 접수마감","09:00 - 18:00
13:00 - 14:00 휴게시간
17:50 접수마감","09:00 - 14:00
13:50 접수마감",정기휴무 (매주 일요일),,,
더아름다운한의원,한의원,0507-1311-5836,부산 동래구 충렬대로 256 2층,09:30 - 19:00,,09:30 - 14:00,09:30 - 19:00,09:30 - 19:00,09:30 - 14:00,정기휴무 (매주 일요일),,,
미남동의요양병원,요양병원,051-507-7714,부산 동래구 아시아드대로 239-1 혜림빌딩,09:00 - 17:30,,09:00 - 17:30,09:00 - 17:30,09:00 - 17:30,09:00 - 13:00,정기휴무 (매주 일요일),,,
지성한의원,한의원,051-503-9947,부산 동래구 미남로132번길 17 희산빌딩,"09:00 - 17:00
12:00 - 13:30 휴게시간","09:00 - 17:00
12:00 - 13:30 휴게시간","09:00 - 17:00
12:00 - 13:30 휴게시간","정기휴무 (매주 목요일)
접기","09:00 - 17:00
12:00 - 13:30 휴게시간",09:00 - 13:00,정기휴무 (매주 일요일),09:00 - 17:00,12:00 - 13:30 ,
동래미래로여성의원,산부인과,051-556-1331,부산 동래구 충렬대로155번길 19 3층 301호 (속편한내과 건물 3층),"09:00 - 17:30
13:00 - 14:00 휴게시간",,"09:00 - 17:30
13:00 - 14:00 휴게시간","09:00 - 17:30
13:00 - 14:00 휴게시간","09:00 - 17:30
13:00 - 14:00 휴게시간",09:00 - 12:30,정기휴무 (매주 일요일),,,
의료법인윤재의료재단금강요양병원,요양병원,051-555-5850,부산 동래구 금강공원로 32 금강요양병원,"09:00 - 18:00
12:00 - 13:00 휴게시간",,"09:00 - 18:00
12:00 - 13:00 휴게시간","09:00 - 18:00
12:00 - 13:00 휴게시간","09:00 - 18:00
12:00 - 13:00 휴게시간",09:00 - 12:00,정기휴무 (매주 일요일),,,
배지호신경과의원,신경과,0507-1445-3114,부산 동래구 중앙대로 1325,"09:00 - 18:00
12:30 - 14:00 휴게시간",,09:00 - 12:30,"09:00 - 18:00
12:30 - 14:00 휴게시간","09:00 - 18:00
12:30 - 14:00 휴게시간",09:30 - 12:30,정기휴무 (매주 일요일),,,
보람신경외과의원,정형외과,0507-1349-8277,부산 동래구 충렬대로459번길 1 보람신경외과의원,"09:00 - 18:00
12:30 - 13:30 휴게시간",,"09:00 - 18:00
12:30 - 13:30 휴게시간","09:00 - 18:00
12:30 - 13:30 휴게시간","09:00 - 18:00
12:30 - 13:30 휴게시간",09:00 - 13:00,정기휴무 (매주 일요일),,,
건강한재활의학과의원,재활의학과,051-554-0075,부산 동래구 온천장로 123-1,"09:00 - 18:30
12:30 - 14:00 휴게시간",,14:00 - 19:30,"09:00 - 18:30
12:30 - 14:00 휴게시간","09:00 - 18:30
12:30 - 14:00 휴게시간",09:00 - 14:00,정기휴무 (매주 일요일),,,
동래 보스톤치과의원,치과,0507-1423-2881,부산 동래구 충렬대로 251 3층 부산동래보스톤치과,"09:30 - 18:30
13:00 - 14:00 휴게시간",,"09:30 - 18:30
13:00 - 14:00 휴게시간","09:30 - 21:00
13:00 - 14:00 휴게시간","09:30 - 18:30
13:00 - 14:00 휴게시간",09:30 - 14:00,정기휴무 (매주 일요일),,,
명제한의원,한의원,051-503-7272,부산 동래구 충렬대로108번길 16 명제한의원,"09:10 - 18:30
13:00 - 14:30 휴게시간",,"09:10 - 18:30
13:00 - 14:30 휴게시간","정기휴무 (매주 목요일)
접기","09:10 - 18:30
13:00 - 14:30 휴게시간",09:10 - 15:30,정기휴무 (매주 일요일),,,
조석태마취통증의학과의원,마취통증의학과,051-553-9777,부산 동래구 충렬대로107번길 106,"08:40 - 18:00
12:30 - 13:30 휴게시간
17:45 접수마감",,정기휴무 (매주 수요일),"08:40 - 18:00
12:30 - 13:30 휴게시간
17:45 접수마감","08:40 - 18:00
12:30 - 13:30 휴게시간
17:45 접수마감","08:40 - 15:00
14:45 접수마감","08:40 - 13:00
12:45 접수마감",,,
성산현대요양병원,요양병원,051-555-6533,부산 동래구 시실로 12,"09:00 - 17:30
12:10 - 13:10 휴게시간","09:00 - 17:30
12:10 - 13:10 휴게시간","09:00 - 17:30
12:10 - 13:10 휴게시간","09:00 - 17:30
12:10 - 13:10 휴게시간","09:00 - 17:30
12:10 - 13:10 휴게시간",09:00 - 13:00,정기휴무 (매주 일요일),09:00 - 17:30,12:10 - 13:10 ,
설대식이비인후과,이비인후과,No phone number available,부산 동래구 온천장로 5,,,,,,,,,,
성내과의원,내과,051-529-7585,부산 동래구 명장로 142,09:00 - 18:30,,09:00 - 18:30,09:00 - 13:00,09:00 - 18:30,09:00 - 13:00,정기휴무 (매주 일요일),,,
최환준내과의원,내과,051-504-1380,부산 동래구 아시아드대로 225 미남메디칼센터,"09:00 - 18:30
12:30 - 14:00 휴게시간",,"09:00 - 18:30
12:30 - 14:00 휴게시간",14:00 - 18:30,"09:00 - 18:30
12:30 - 14:00 휴게시간",09:00 - 12:30,정기휴무 (매주 일요일),,,
동래장천한의원,한의원,051-552-2501,부산 동래구 온천천로 77 1층,"09:30 - 18:30
12:30 - 13:30 휴게시간
18:00 접수마감",,"09:30 - 18:30
12:30 - 13:30 휴게시간
18:00 접수마감","09:30 - 13:30
13:00 접수마감","09:30 - 18:30
12:30 - 13:30 휴게시간
18:00 접수마감","09:30 - 13:30
13:00 접수마감",정기휴무 (매주 일요일),,,
황을지정신건강의학과의원,정신건강의학과,051-557-8575,부산 동래구 충렬대로 157,"09:00 - 17:00
13:00 - 14:00 휴게시간",,09:00 - 13:00,"09:00 - 17:00
13:00 - 14:00 휴게시간","09:00 - 17:00
13:00 - 14:00 휴게시간",09:00 - 13:00,정기휴무 (매주 일요일),,,
기운찬한방병원,한방병원,051-501-5551,"부산 동래구 충렬대로 152 5층, 6층","09:00 - 21:00
13:00 - 14:00 휴게시간",,"09:00 - 21:00
13:00 - 14:00 휴게시간","09:00 - 21:00
13:00 - 14:00 휴게시간","09:00 - 21:00
13:00 - 14:00 휴게시간",09:00 - 17:00,09:00 - 17:00,,,
이센스치과의원,치과,0507-1428-2832,부산 동래구 충렬대로 252 동래e메디컬센터 4층,"09:30 - 18:30
13:00 - 14:00 휴게시간
17:30 접수마감",,"14:00 - 21:00
20:00 접수마감","09:30 - 18:30
13:00 - 14:00 휴게시간
17:30 접수마감","09:30 - 18:30
13:00 - 14:00 휴게시간
17:30 접수마감","09:30 - 15:00
14:00 접수마감",정기휴무 (매주 일요일),,,
동래요양병원,요양병원,051-557-7011,부산 동래구 명륜로 147 동래타워,,,,,,,,,,
박이훈치과의원,치과,051-503-2875,부산 동래구 사직북로 4 사직동 자이언츠 파크,"09:30 - 18:30
13:00 - 14:30 휴게시간",,"09:30 - 18:30
13:00 - 14:30 휴게시간","09:30 - 18:30
13:00 - 14:30 휴게시간","09:30 - 18:30
13:00 - 14:30 휴게시간",09:30 - 14:00,정기휴무 (매주 일요일),,,
이플러스치과의원,치과,0507-1313-7528,부산 동래구 차밭골로 13 4층,"09:30 - 19:00
12:30 - 14:00 휴게시간",,"09:30 - 21:00
12:30 - 14:00 휴게시간","09:30 - 19:00
12:30 - 14:00 휴게시간","09:30 - 19:00
12:30 - 14:00 휴게시간",09:30 - 14:00,정기휴무 (매주 일요일),,,
동래한의원,한의원,051-927-1275,부산 동래구 충렬대로 157-1 2층,"09:30 - 19:30
13:00 - 14:00 휴게시간",,"09:30 - 19:30
13:00 - 14:00 휴게시간","09:30 - 19:30
13:00 - 14:00 휴게시간","09:30 - 19:30
13:00 - 14:00 휴게시간",09:00 - 14:00,정기휴무 (매주 일요일),,,
예미안치과의원,치과,0507-1480-2278,부산 동래구 명륜로 188 파리바게트 2층,"09:30 - 18:30
12:30 - 14:00 휴게시간
18:00 접수마감",,"09:30 - 18:30
12:30 - 14:00 휴게시간
18:00 접수마감","14:00 - 20:30
20:00 접수마감","09:30 - 18:30
12:30 - 14:00 휴게시간
18:00 접수마감","09:30 - 13:30
13:00 접수마감",정기휴무 (매주 일요일),,,
우리미치과의원,치과,051-558-2875,부산 동래구 충렬대로 248 인촌빌딩 3층,"09:30 - 18:00
12:30 - 13:30 휴게시간","09:30 - 19:30
12:30 - 13:30 휴게시간","09:30 - 18:00
12:30 - 13:30 휴게시간","정기휴무 (매주 목요일)
접기","09:30 - 19:00
12:30 - 13:30 휴게시간",09:30 - 13:00,정보없음,09:30 - 19:30,12:30 - 13:30 ,
한나라한의원,한의원,051-515-7070,부산 동래구 아시아드대로 183,"09:30 - 18:00
13:00 - 14:00 휴게시간
17:00 접수마감","09:30 - 18:00
13:00 - 14:00 휴게시간
17:00 접수마감","09:30 - 18:00
13:00 - 14:00 휴게시간
17:00 접수마감",정기휴무 (매주 목요일),"09:30 - 18:00
13:00 - 14:00 휴게시간
17:00 접수마감","09:30 - 16:00
13:00 - 14:00 휴게시간
15:00 접수마감","09:30 - 12:00
11:00 접수마감",09:30 - 18:00,13:00 - 14:00 ,17:00
운곡한의원,한의원,051-555-3723,부산 동래구 동래로 17,정기휴무 (매주 월요일),,"09:30 - 16:00
12:30 - 14:00 휴게시간",14:00 - 18:00,"09:30 - 16:00
12:30 - 14:00 휴게시간",08:30 - 13:00,정기휴무 (매주 일요일),,,
굿모닝가정의학과의원,가정의학과,051-526-7555,부산 동래구 명장로 50 2층,"09:00 - 18:30
12:30 - 14:00 휴게시간
18:15 접수마감",,"09:00 - 18:30
12:30 - 14:00 휴게시간
18:15 접수마감","09:00 - 18:30
12:30 - 14:00 휴게시간
18:15 접수마감","09:00 - 18:30
12:30 - 14:00 휴게시간
18:15 접수마감","09:00 - 13:00
12:45 접수마감",정기휴무 (매주 일요일),,,
참사랑요양병원,요양병원,No phone number available,부산 동래구 충렬대로 258 이도빌딩,,,,,,,,,,
미소를만드는치과 교정과 치과의원,치과,051-552-7528,부산 동래구 충렬대로 194 동림빌딩 5층,"10:30 - 19:00
13:00 - 14:30 휴게시간",,"10:30 - 19:00
13:00 - 14:30 휴게시간",정기휴무 (매주 목요일),"10:30 - 19:00
13:00 - 14:30 휴게시간",09:30 - 14:00,정기휴무 (매주 일요일),,,
진심을 담은 치과교정과 치과의원,치과,0507-1438-8575,부산 동래구 우장춘로 7 601호,"10:00 - 18:30
12:30 - 14:00 휴게시간
18:00 접수마감",,"10:00 - 18:30
12:30 - 14:00 휴게시간
18:00 접수마감","14:00 - 20:00
17:30 - 18:00 휴게시간
19:30 접수마감
접기","10:00 - 18:30
12:30 - 14:00 휴게시간
18:00 접수마감","09:00 - 13:00
12:30 접수마감",정기휴무 (매주 일요일),,,
동래봉생병원장례식장,장례식장,051-531-7100,부산 동래구 안연로109번길 26,,,,,,,,,,
손명집창문외과의원,외과,051-558-8880,부산 동래구 중앙대로 1325,"09:00 - 18:00
13:00 - 14:00 휴게시간",,"09:00 - 18:00
13:00 - 14:00 휴게시간",09:00 - 13:00,"09:00 - 18:00
13:00 - 14:00 휴게시간",09:00 - 13:00,정기휴무 (매주 일요일),,,
한마음연합의원,내과,051-527-2017,부산 동래구 안락로 12 LG 25,09:00 - 18:00,,09:00 - 18:00,09:00 - 18:00,09:00 - 18:00,09:00 - 13:00,정기휴무 (매주 일요일),,,
의료법인 강혜의료재단 온천사랑의요양병원,요양병원,051-500-9000,부산 동래구 금강공원로 40,"09:00 - 17:00
12:00 - 13:00 휴게시간","09:00 - 17:00
12:00 - 13:00 휴게시간","09:00 - 17:00
12:00 - 13:00 휴게시간","09:00 - 17:00
12:00 - 13:00 휴게시간
접기","09:00 - 17:00
12:00 - 13:00 휴게시간",09:00 - 12:00,정보없음,09:00 - 17:00,12:00 - 13:00 ,
e플랜트치과의원 부산점,치과,051-559-5882,부산 동래구 중앙대로 1523 SK HUB SKY,"10:00 - 18:30
13:00 - 14:30 휴게시간",,"10:00 - 18:30
13:00 - 14:30 휴게시간",14:30 - 20:00,"10:00 - 18:30
13:00 - 14:30 휴게시간",09:15 - 13:00,정기휴무 (매주 일요일),,,
플란트치과의원,치과,051-503-2000,부산 동래구 동래로 25 이즈메디컬 5F,"09:30 - 18:30
13:00 - 14:00 휴게시간",,"09:30 - 18:30
13:00 - 14:00 휴게시간",정기휴무 (매주 목요일),"09:30 - 20:00
13:00 - 14:00 휴게시간",09:30 - 13:30,정기휴무 (매주 일요일),,,
금정치과의원,치과,051-532-2800,부산 동래구 여고북로 167,"09:30 - 19:00
13:00 - 14:30 휴게시간",,"09:30 - 19:00
13:00 - 14:30 휴게시간","09:30 - 19:00
13:00 - 14:30 휴게시간","09:30 - 19:00
13:00 - 14:30 휴게시간",09:30 - 14:00,정기휴무 (매주 일요일),,,
영천배골한의원,한의원,051-553-1075,부산 동래구 중앙대로1367번길 56-23,"09:30 - 18:30
18:00 접수마감",,"09:30 - 18:30
18:00 접수마감","09:30 - 18:30
18:00 접수마감","09:30 - 18:30
18:00 접수마감","09:30 - 13:00
12:30 접수마감",정기휴무 (매주 일요일),,,
대통한의원,한의원,051-525-1075,부산 동래구 안남로 23 보림프라자 306호,,,,,,,,,,
수려한의원,한의원,051-507-1236,부산 동래구 사직북로 18 대성빌딩 2층,"09:30 - 18:30
12:30 - 14:00 휴게시간
18:15 접수마감",,"09:30 - 18:30
12:30 - 14:00 휴게시간
18:15 접수마감","09:30 - 17:00
12:30 - 14:00 휴게시간
16:45 접수마감","09:30 - 18:30
12:30 - 14:00 휴게시간
18:15 접수마감","09:30 - 15:00
14:45 접수마감",정기휴무 (매주 일요일),,,
시선한의원,한의원,1800-6736,부산 동래구 충렬대로238번길 7 성완세띠앙Bldg 7층,"10:00 - 19:00
13:00 - 14:00 휴게시간
18:30 접수마감",,"14:00 - 19:00
18:30 접수마감","10:00 - 19:00
13:00 - 14:00 휴게시간
18:30 접수마감","10:00 - 19:00
13:00 - 14:00 휴게시간
18:30 접수마감",정기휴무 (매주 토요일),정기휴무 (매주 일요일),,,
동래주니어치과의원,치과,051-714-2878,부산 동래구 충렬대로 384,"09:30 - 18:30
13:00 - 14:00 휴게시간",,"09:30 - 18:30
13:00 - 14:00 휴게시간","09:30 - 18:30
13:00 - 14:00 휴게시간","09:30 - 18:30
13:00 - 14:00 휴게시간",09:30 - 14:00,정기휴무 (매주 일요일),,,
위튼한의원 동래점,한의원,051-531-3320,부산 동래구 중앙대로 1319 3층,"09:30 - 19:00
12:30 - 14:00 휴게시간",,정기휴무 (매주 수요일),"09:30 - 21:00
12:30 - 14:00 휴게시간","09:30 - 19:00
12:30 - 14:00 휴게시간",09:30 - 13:00,정기휴무 (매주 일요일),,,
청림한의원,한의원,051-507-0075,부산 동래구 아시아드대로 223 B동 2층 청림한의원,"09:00 - 18:30
12:30 - 14:00 휴게시간","09:00 - 18:30
12:30 - 14:00 휴게시간","09:00 - 18:30
12:30 - 14:00 휴게시간","09:00 - 18:30
12:30 - 14:00 휴게시간
접기","09:00 - 18:30
12:30 - 14:00 휴게시간",09:00 - 13:00,정기휴무 (매주 일요일),09:00 - 18:30,12:30 - 14:00 ,
동래아트치과의원,치과,051-710-2879,부산 동래구 충렬대로 160 5층,09:30 - 20:30,,09:30 - 20:30,09:30 - 18:30,09:30 - 18:30,09:30 - 14:00,정기휴무 (매주 일요일),,,
성심의원,외과,051-505-2117,부산 동래구 여고로113번길 35,"09:00 - 18:30
13:00 - 14:00 휴게시간",,"09:00 - 18:30
13:00 - 14:00 휴게시간","14:00 - 18:30
접기","09:00 - 18:30
13:00 - 14:00 휴게시간",09:00 - 16:00,정기휴무 (매주 일요일),,,
의료법인동영의료재단상록병원,정신건강의학과,051-555-8009,부산 동래구 충렬대로 426,"09:00 - 17:30
12:30 - 13:30 휴게시간
17:00 접수마감",,"09:00 - 17:30
12:30 - 13:30 휴게시간
17:00 접수마감","09:00 - 17:30
12:30 - 13:30 휴게시간
17:00 접수마감","09:00 - 17:30
12:30 - 13:30 휴게시간
17:00 접수마감",정기휴무 (매주 토요일),정기휴무 (매주 일요일),,,
365늘봄한의원,한의원,0507-1398-9003,부산 동래구 석사로 5 3층 365늘봄한의원,"09:30 - 20:30
13:00 - 14:00 휴게시간",,"09:30 - 20:30
13:00 - 14:00 휴게시간","09:30 - 19:00
13:00 - 14:00 휴게시간","09:30 - 19:00
13:00 - 14:00 휴게시간",09:30 - 15:00,10:00 - 14:00,,,
박규욱비뇨기과의원,비뇨의학과,051-552-2824,부산 동래구 충렬대로 248,"09:00 - 17:30
12:50 - 14:00 휴게시간",,"09:00 - 17:30
12:50 - 14:00 휴게시간","09:00 - 17:30
12:50 - 14:00 휴게시간","09:00 - 17:30
12:50 - 14:00 휴게시간",09:00 - 12:00,정기휴무 (매주 일요일),,,
박성배피부과의원,피부과,051-554-2100,부산 동래구 충렬대로 249-1,"09:30 - 18:00
12:30 - 14:00 휴게시간",,"09:30 - 18:00
12:30 - 14:00 휴게시간","09:30 - 18:00
12:30 - 14:00 휴게시간","09:30 - 18:00
12:30 - 14:00 휴게시간",09:30 - 13:00,정기휴무 (매주 일요일),,,
이현정정신건강의학과의원,정신건강의학과,051-555-8772,부산 동래구 충렬대로 248,"09:30 - 18:00
13:00 - 14:00 휴게시간",,"09:30 - 18:00
13:00 - 14:00 휴게시간",09:30 - 13:00,"09:30 - 18:00
13:00 - 14:00 휴게시간",09:30 - 12:00,정기휴무 (매주 일요일),,,
뷰티플란트치과의원,치과,051-791-1151,부산 동래구 아시아드대로 142 사직빌딩 5층 뷰티플란트치과의원,"09:30 - 18:30
13:00 - 14:00 휴게시간",,"09:30 - 20:30
13:00 - 14:00 휴게시간","09:30 - 18:30
13:00 - 14:00 휴게시간","09:30 - 18:30
13:00 - 14:00 휴게시간",09:30 - 14:00,정기휴무 (매주 일요일),,,
새힘병원,"병원,의원",0507-1333-2817,부산 동래구 아시아드대로 261,"09:00 - 18:00
12:30 - 13:30 휴게시간",,"09:00 - 18:00
12:30 - 13:30 휴게시간","09:00 - 18:00
12:30 - 13:30 휴게시간","09:00 - 18:00
12:30 - 13:30 휴게시간",09:00 - 13:00,정기휴무 (매주 일요일),,,
복있는치과의원,치과,051-552-2080,부산 동래구 중앙대로1381번길 17,"09:30 - 18:00
13:00 - 14:00 휴게시간",,"09:30 - 18:00
13:00 - 14:00 휴게시간","09:30 - 18:00
13:00 - 14:00 휴게시간","09:30 - 18:00
13:00 - 14:00 휴게시간",10:30 - 13:00,정기휴무 (매주 일요일),,,
이주홍내과의원,내과,051-526-6030,부산 동래구 명장로20번길 32,"09:00 - 18:00
12:30 - 14:00 휴게시간
17:50 접수마감",,"09:00 - 18:00
12:30 - 14:00 휴게시간
17:50 접수마감","09:00 - 18:00
12:30 - 14:00 휴게시간
17:50 접수마감","09:00 - 18:00
12:30 - 14:00 휴게시간
17:50 접수마감","09:00 - 13:00
12:50 접수마감",정기휴무 (매주 일요일),,,
육육치과의원,치과,051-556-6607,부산 동래구 중앙대로 1523 SK허브스카이 2층,09:30 - 18:30,,09:30 - 18:30,09:30 - 18:30,09:30 - 18:30,09:30 - 13:00,정기휴무 (매주 일요일),,,
새하하재활의학과의원,재활의학과,0507-1433-7585,부산 동래구 충렬대로 417,"09:00 - 18:30
13:00 - 14:00 휴게시간",,"09:00 - 18:30
13:00 - 14:00 휴게시간","09:00 - 18:30
13:00 - 14:00 휴게시간","09:00 - 18:30
13:00 - 14:00 휴게시간",09:00 - 13:00,정기휴무 (매주 일요일),,,
이종환가정의학과의원,가정의학과,051-525-9474,부산 동래구 명서로 154,"09:00 - 19:00
13:00 - 14:00 휴게시간","09:00 - 19:00
13:00 - 14:00 휴게시간","09:00 - 19:00
13:00 - 14:00 휴게시간","09:00 - 19:00
13:00 - 14:00 휴게시간","09:00 - 19:00
13:00 - 14:00 휴게시간",09:00 - 13:00,정기휴무 (매주 일요일),09:00 - 19:00,13:00 - 14:00 ,
이승하한의원,한의원,0507-1351-5578,부산 동래구 사직북로19번길 18 Lshouse 이승하 한의원 8층,"09:00 - 18:00
12:30 - 14:00 휴게시간",,"09:00 - 18:00
12:30 - 14:00 휴게시간",14:00 - 18:00,"09:00 - 18:00
12:30 - 14:00 휴게시간",09:30 - 13:00,정기휴무 (매주 일요일),,,
연세바른치과의원,치과,051-557-2875,부산 동래구 온천장로 1 2층,"09:30 - 18:30
12:30 - 14:00 휴게시간
18:00 접수마감",,"09:30 - 18:30
12:30 - 14:00 휴게시간
18:00 접수마감","09:30 - 20:30
12:30 - 14:00 휴게시간
20:00 접수마감","09:30 - 18:30
12:30 - 14:00 휴게시간
18:00 접수마감","09:00 - 13:30
13:00 접수마감",정기휴무 (매주 일요일),,,
나르샤병원,정형외과,0507-1368-7878,부산 동래구 중앙대로1493번길 6 나르샤병원,"09:00 - 18:00
12:30 - 13:30 휴게시간",,"09:00 - 17:00
12:30 - 13:30 휴게시간","09:00 - 17:00
12:30 - 13:30 휴게시간","09:00 - 17:00
12:30 - 13:30 휴게시간",09:00 - 13:00,정기휴무 (매주 일요일),,,
