수,목,토(6/3),금,월,병원이름,병원주소,화,화(6/6),토,일,매일,수(6/7),월(6/5),병원종류,전화번호
"10:00 - 20:00
13:00 - 14:00 휴게시간
12:30, 19:30 접수마감","10:00 - 20:00
13:00 - 14:00 휴게시간
12:30, 19:30 접수마감",,"10:00 - 20:00
13:00 - 14:00 휴게시간
12:30, 19:30 접수마감","10:00 - 20:00
13:00 - 14:00 휴게시간
12:30, 19:30 접수마감",예담한의원,부산 사상구 낙동대로 733 롯데마트 사상점 4층 예담한의원,,"현충일10:00 - 17:00
13:00 - 14:00 휴게시간","10:00 - 17:00
13:00 - 14:00 휴게시간
12:30, 16:30 접수마감","10:00 - 17:00
13:00 - 14:00 휴게시간
12:30, 16:30 접수마감",,,,한의원,051-403-4080
09:00 - 18:00,"09:00 - 18:00
접기",,09:00 - 18:00,09:00 - 18:00,좋은부산요양병원,부산 사상구 학감대로39번길 67,09:00 - 18:00,,정보없음,정보없음,,,,요양병원,051-326-0900
14:00 - 18:30,"10:00 - 18:30
13:00 - 14:00 휴게시간",,"10:00 - 18:30
13:00 - 14:00 휴게시간","10:00 - 18:30
13:00 - 14:00 휴게시간",사상미사랑피부과의원,부산 사상구 사상로 200,,현충일 휴무,10:00 - 14:00,정기휴무 (매주 일요일),,,,피부과,051-326-7582
"09:30 - 20:00
12:30 - 14:00 휴게시간","09:30 - 20:00
12:30 - 14:00 휴게시간",,"09:30 - 18:00
12:30 - 14:00 휴게시간","09:30 - 20:00
12:30 - 14:00 휴게시간",엘리트치과병원,부산 사상구 가야대로 276,,현충일 휴무,09:30 - 13:00,정기휴무 (매주 일요일),,,,치과,051-322-2875
"09:00 - 17:30
12:30 - 13:30 휴게시간
12:00, 17:00 접수마감","09:00 - 17:30
12:30 - 13:30 휴게시간
12:00, 17:00 접수마감",,"09:00 - 17:30
12:30 - 13:30 휴게시간
12:00, 17:00 접수마감","09:00 - 18:00
12:30 - 13:30 휴게시간
12:00, 17:30 접수마감",의료법인 센텀의료재단 서부산센텀병원,부산 사상구 새벽로 226,,현충일 휴무,"09:00 - 13:00
12:30 접수마감",정기휴무 (매주 일요일),,,,정형외과,1644-5530
"09:00 - 19:00
13:00 - 14:00 휴게시간
18:50 접수마감","09:00 - 19:00
13:00 - 14:00 휴게시간
18:50 접수마감",,"09:00 - 19:00
13:00 - 14:00 휴게시간
18:50 접수마감","09:00 - 19:00
13:00 - 14:00 휴게시간
18:50 접수마감",더조은이비인후과의원,부산 사상구 사상로 200,,현충일 휴무,"09:00 - 13:00
12:50 접수마감",정기휴무 (매주 일요일),,,,이비인후과,051-311-7528
"09:00 - 18:30
13:00 - 14:00 휴게시간",09:00 - 13:00,,"09:00 - 18:30
13:00 - 14:00 휴게시간","09:00 - 18:30
13:00 - 14:00 휴게시간",재원메디컬의원,부산 사상구 사상로 236,,현충일 휴무,08:30 - 13:00,정기휴무 (매주 일요일),,,,"병원,의원",051-305-7588
"10:00 - 18:00
12:50 - 14:00 휴게시간","정기휴무 (매주 목요일)
접기",,"10:00 - 18:00
12:50 - 14:00 휴게시간","10:00 - 18:00
12:50 - 14:00 휴게시간",백문기한의원,부산 사상구 광장로87번길 63,,"현충일10:00 - 17:00
12:50 - 14:00 휴게시간","10:00 - 17:00
12:50 - 14:00 휴게시간",정기휴무 (매주 일요일),,,,한의원,051-312-7648
"09:00 - 18:00
13:00 - 14:00 휴게시간","09:00 - 18:00
13:00 - 14:00 휴게시간",,"09:00 - 18:00
13:00 - 14:00 휴게시간","09:00 - 18:00
13:00 - 14:00 휴게시간",하나의원,부산 사상구 백양대로342번길 16,,현충일 휴무,09:00 - 13:00,정기휴무 (매주 일요일),,,,외과,051-313-8760
09:00 - 18:30,09:00 - 18:30,,09:00 - 18:30,09:00 - 18:30,한사랑가정의원,부산 사상구 엄궁북로 24 한사랑가정의원,,현충일 휴무,09:00 - 13:30,정기휴무 (매주 일요일),,,,소아청소년과,051-317-9234
"09:00 - 18:00
12:00 - 13:00 휴게시간","09:00 - 18:00
12:00 - 13:00 휴게시간",,"09:00 - 18:00
12:00 - 13:00 휴게시간","09:00 - 18:00
12:00 - 13:00 휴게시간",사상구보건소,부산 사상구 학감대로 242,,현충일 휴무,정기휴무 (매주 토요일),정기휴무 (매주 일요일),,,,보건소,051-310-4791
"09:00 - 18:30
12:30 - 14:00 휴게시간","09:00 - 18:30
12:30 - 14:00 휴게시간",,"09:00 - 18:30
12:30 - 14:00 휴게시간","09:00 - 18:30
12:30 - 14:00 휴게시간",삼성본정형외과의원,부산 사상구 가야대로 276 M-suare 메디컬센터 8층,"09:00 - 18:30
12:30 - 14:00 휴게시간",,09:00 - 13:00,정기휴무 (매주 일요일),,,,정형외과,051-711-0280
"09:00 - 18:00
12:30 - 14:00 휴게시간","09:00 - 18:00
12:30 - 14:00 휴게시간",,"09:00 - 18:00
12:30 - 14:00 휴게시간","09:00 - 18:00
12:30 - 14:00 휴게시간",성모이비인후과의원,부산 사상구 낙동대로 786,,현충일 휴무,09:00 - 12:00,정기휴무 (매주 일요일),,,,이비인후과,051-316-1117
"10:00 - 20:00
13:00 - 14:00 휴게시간
18:00 - 18:30 휴게시간","10:00 - 20:00
13:00 - 14:00 휴게시간
18:00 - 18:30 휴게시간
접기",,"10:00 - 20:00
13:00 - 14:00 휴게시간
18:00 - 18:30 휴게시간","10:00 - 20:00
13:00 - 14:00 휴게시간
18:00 - 18:30 휴게시간",예인의원,부산 사상구 광장로 17 이마트,,"현충일10:00 - 17:00
13:00 - 14:00 휴게시간","10:00 - 17:00
13:00 - 14:00 휴게시간","10:00 - 17:00
13:00 - 14:00 휴게시간",,,,내과,051-317-7855
"09:00 - 17:00
12:30 - 13:30 휴게시간","09:00 - 17:00
12:30 - 13:30 휴게시간",,"09:00 - 17:00
12:30 - 13:30 휴게시간","09:00 - 18:00
12:30 - 13:30 휴게시간",좋은삼선병원,부산 사상구 가야대로 326,,현충일 휴무,09:00 - 13:00,정기휴무 (매주 일요일),,,,종합병원,051-322-0900
09:00 - 13:00,"09:00 - 18:30
13:00 - 14:00 휴게시간",,"09:00 - 18:30
13:00 - 14:00 휴게시간","09:00 - 18:30
13:00 - 14:00 휴게시간",명인내과의원,부산 사상구 낙동대로 790 신우프라자,,현충일 휴무,09:00 - 13:00,정기휴무 (매주 일요일),,,,내과,051-321-2119
"09:00 - 18:00
13:00 - 14:00 휴게시간","09:00 - 18:00
13:00 - 14:00 휴게시간
접기",,"09:00 - 18:00
13:00 - 14:00 휴게시간","09:00 - 18:00
13:00 - 14:00 휴게시간",안호식소아청소년과의원,부산 사상구 가야대로 274,"09:00 - 18:00
13:00 - 14:00 휴게시간",,09:00 - 13:00,정보없음,,,,소아청소년과,051-311-1114
"09:30 - 18:00
12:45 - 14:00 휴게시간","09:30 - 18:00
12:45 - 14:00 휴게시간",,"09:30 - 18:00
12:45 - 14:00 휴게시간","09:30 - 18:00
12:45 - 14:00 휴게시간",필업비뇨기과의원,부산 사상구 광장로 77,,현충일 휴무,09:30 - 12:30,정기휴무 (매주 일요일),,,,비뇨의학과,051-317-7582
"09:00 - 17:00
12:30 - 13:30 휴게시간","09:00 - 17:00
12:30 - 13:30 휴게시간",,"09:00 - 17:00
12:30 - 13:30 휴게시간","09:00 - 17:00
12:30 - 13:30 휴게시간",보훈공단 부산보훈병원,부산 사상구 백양대로 420,,현충일 휴무,정기휴무 (매주 토요일),정기휴무 (매주 일요일),,,,보훈병원,1800-3100
"09:30 - 19:00
13:00 - 14:30 휴게시간","09:30 - 19:00
13:00 - 14:30 휴게시간",,"09:30 - 20:00
13:00 - 14:30 휴게시간","09:30 - 20:00
13:00 - 14:30 휴게시간",선샤인피부과의원,부산 사상구 가야대로 276 엘리트치과병원건물 3층 선샤인피부과의원,,현충일 휴무,09:30 - 14:00,정기휴무 (매주 일요일),,,,피부과,0507-1495-3210
"09:10 - 18:00
13:00 - 14:00 휴게시간
17:30 접수마감","09:10 - 18:00
13:00 - 14:00 휴게시간
17:30 접수마감",,"09:10 - 18:00
13:00 - 14:00 휴게시간
17:30 접수마감","09:10 - 18:00
13:00 - 14:00 휴게시간
17:30 접수마감",박만규피부과의원,부산 사상구 가야대로 272,,현충일 휴무,"09:10 - 13:00
12:30 접수마감",정기휴무 (매주 일요일),,,,피부과,0507-1492-5445
"09:00 - 18:30
12:30 - 14:00 휴게시간","09:00 - 18:30
12:30 - 14:00 휴게시간",,"09:00 - 18:30
12:30 - 14:00 휴게시간","09:00 - 18:30
12:30 - 14:00 휴게시간",가본이비인후과의원,부산 사상구 엄궁북로 22,,현충일 휴무,09:00 - 13:00,정기휴무 (매주 일요일),,,,이비인후과,051-325-5075
"09:00 - 18:00
12:30 - 14:00 휴게시간","09:00 - 18:00
12:30 - 14:00 휴게시간",,"09:00 - 18:00
12:30 - 14:00 휴게시간","09:00 - 18:00
12:30 - 14:00 휴게시간",우리탑치과의원,부산 사상구 가야대로 290 4층,,현충일 휴무,09:00 - 13:00,정기휴무 (매주 일요일),,,,치과,0507-1420-2804
14:00 - 20:30,"09:00 - 19:00
13:00 - 14:00 휴게시간",,"09:00 - 19:00
13:00 - 14:00 휴게시간","09:00 - 19:00
13:00 - 14:00 휴게시간",사상늘편한재활의학과의원,"부산 사상구 사상로 194 2층, 8층 사상늘편한재활의학과의원",,현충일 휴무,09:00 - 14:00,정기휴무 (매주 일요일),,,,정형외과,0507-1338-7577
"09:00 - 18:30
12:30 - 14:00 휴게시간","09:00 - 18:30
12:30 - 14:00 휴게시간
접기",,"09:00 - 18:30
12:30 - 14:00 휴게시간","09:00 - 18:30
12:30 - 14:00 휴게시간",부산탑이비인후과의원,부산 사상구 가야대로 276 M-square 메디컬센터 5층 501호 (주례동),,현충일09:00 - 13:00,09:00 - 13:00,정기휴무 (매주 일요일),,,,이비인후과,051-710-7655
"09:00 - 18:30
12:30 - 14:00 휴게시간","09:00 - 18:30
12:30 - 14:00 휴게시간",,"09:00 - 18:30
12:30 - 14:00 휴게시간","09:00 - 18:30
12:30 - 14:00 휴게시간",참사랑의원,부산 사상구 덕상로 14 대원빌딩,,현충일 휴무,09:00 - 13:00,정기휴무 (매주 일요일),,,,가정의학과,051-304-7584
"09:30 - 19:00
13:00 - 14:00 휴게시간
18:50 접수마감","09:30 - 19:00
13:00 - 14:00 휴게시간
18:50 접수마감",,"09:30 - 19:00
13:00 - 14:00 휴게시간
18:50 접수마감","09:30 - 19:00
13:00 - 14:00 휴게시간
18:50 접수마감",새봄산부인과의원,부산 사상구 광장로 77 4층,,현충일 휴무,"09:30 - 15:30
13:00 - 14:00 휴게시간
15:20 접수마감",정기휴무 (매주 일요일),,,,산부인과,051-311-1331
"09:00 - 18:00
13:00 - 14:00 휴게시간","09:00 - 18:00
13:00 - 14:00 휴게시간",,"09:00 - 18:00
13:00 - 14:00 휴게시간","09:00 - 18:00
13:00 - 14:00 휴게시간",서정출이비인후과의원,부산 사상구 운산로 52,,현충일 휴무,09:00 - 13:00,정기휴무 (매주 일요일),,,,이비인후과,051-316-8275
"09:00 - 18:30
13:00 - 14:00 휴게시간","09:00 - 18:30
13:00 - 14:00 휴게시간",,09:00 - 13:00,"09:00 - 18:30
13:00 - 14:00 휴게시간",킴스가정의학과의원,부산 사상구 대동로 107 명정빌딩 2층,,현충일 휴무,정기휴무 (매주 토요일),"09:00 - 17:00
13:00 - 14:00 휴게시간",,,,가정의학과,051-323-7577
"09:00 - 19:00
13:00 - 14:00 휴게시간","09:00 - 19:00
13:00 - 14:00 휴게시간",,"09:00 - 19:00
13:00 - 14:00 휴게시간","09:00 - 19:00
13:00 - 14:00 휴게시간",연세윤내과의원,부산 사상구 사상로 200 엠시티빌딩 4층,,휴무,09:00 - 14:00,09:00 - 13:00,,,,내과,051-321-1231
"09:00 - 18:30
13:00 - 14:00 휴게시간","09:00 - 18:30
13:00 - 14:00 휴게시간",,"09:00 - 18:30
13:00 - 14:00 휴게시간","09:00 - 18:30
13:00 - 14:00 휴게시간",임용수이비인후과의원,부산 사상구 대동로 98 학장반도보라타운,,현충일 휴무,09:00 - 13:00,정기휴무 (매주 일요일),,,,이비인후과,051-322-9937
"09:30 - 20:00
12:30 - 14:00 휴게시간","09:30 - 19:00
12:30 - 14:00 휴게시간",,"09:30 - 19:00
12:30 - 14:00 휴게시간","09:30 - 19:00
12:30 - 14:00 휴게시간",마린플란트치과의원,"부산 사상구 사상로 194 괘법동 메디컬센터 4층, 5층",,현충일 휴무,09:30 - 14:00,09:30 - 14:00,,,,치과,051-322-3332
09:00 - 13:00,"09:00 - 17:30
13:00 - 14:00 휴게시간
접기",,"09:00 - 17:30
13:00 - 14:00 휴게시간","09:00 - 17:30
13:00 - 14:00 휴게시간",셀빙강내과의원,부산 사상구 사상로 231,"09:00 - 17:30
13:00 - 14:00 휴게시간",,09:00 - 13:00,정기휴무 (매주 일요일),,,,내과,051-325-8275
"09:00 - 18:00
12:30 - 13:30 휴게시간","09:00 - 18:00
12:30 - 13:30 휴게시간
접기",,"09:00 - 18:00
12:30 - 13:30 휴게시간","09:00 - 18:00
12:30 - 13:30 휴게시간",큰솔병원,부산 사상구 대동로 141,"09:00 - 18:00
12:30 - 13:30 휴게시간",,09:00 - 13:00,정기휴무 (매주 일요일),,,,"병원,의원",051-325-9700
"09:00 - 18:00
13:00 - 14:00 휴게시간","09:00 - 18:00
13:00 - 14:00 휴게시간",,"09:00 - 18:00
13:00 - 14:00 휴게시간","09:00 - 18:00
13:00 - 14:00 휴게시간",부영병원,부산 사상구 학감대로123번길 76,,현충일 휴무,09:00 - 13:00,정기휴무 (매주 일요일),,,,"병원,의원",051-320-6800
"09:30 - 18:30
12:30 - 14:00 휴게시간","09:30 - 18:30
12:30 - 14:00 휴게시간",휴무,"09:30 - 18:30
12:30 - 14:00 휴게시간","09:30 - 18:30
12:30 - 14:00 휴게시간",채움치과의원,부산 사상구 광장로 76 4층,,현충일 휴무,,정기휴무 (매주 일요일),,,,치과,051-321-2875
"09:00 - 17:00
12:30 - 13:30 휴게시간","09:00 - 17:00
12:30 - 13:30 휴게시간",,"09:00 - 20:00
12:30 - 13:30 휴게시간","09:00 - 17:00
12:30 - 13:30 휴게시간",우리병원,부산 사상구 사상로 237,,현충일 휴무,정기휴무 (매주 토요일),정기휴무 (매주 일요일),,,,"병원,의원",051-323-6613
"09:30 - 18:30
13:00 - 14:00 휴게시간",14:00 - 19:00,,"09:30 - 18:30
13:00 - 14:00 휴게시간","09:30 - 18:30
13:00 - 14:00 휴게시간",좋은성모안과의원,부산 사상구 백양대로 886 정예독서실 4층,,현충일 휴무,09:30 - 13:00,정기휴무 (매주 일요일),,,,안과,051-936-6000
09:00 - 18:00,09:00 - 18:00,,09:00 - 18:00,09:00 - 18:00,나비산부인과의원,부산 사상구 사상로 236 재원메디칼 4층,,현충일 휴무,09:00 - 13:00,정기휴무 (매주 일요일),,,,산부인과,051-313-3321
"09:30 - 18:00
12:30 - 14:00 휴게시간",09:30 - 12:30,,"09:30 - 18:00
12:30 - 14:00 휴게시간","09:30 - 18:00
12:30 - 14:00 휴게시간",이건주이비인후과의원,부산 사상구 백양대로 884 우신모라아파트,,현충일09:30 - 12:30,09:30 - 12:30,정기휴무 (매주 일요일),,,,이비인후과,051-324-2458
14:00 - 20:30,"09:00 - 19:00
13:00 - 14:00 휴게시간",,"09:00 - 19:00
13:00 - 14:00 휴게시간","09:00 - 19:00
13:00 - 14:00 휴게시간",사상늘편한재활의학과의원,"부산 사상구 사상로 194 2층, 8층 사상늘편한재활의학과의원",,현충일 휴무,09:00 - 14:00,정기휴무 (매주 일요일),,,,정형외과,0507-1338-7577
"09:00 - 19:00
13:00 - 14:00 휴게시간
18:30 접수마감","09:00 - 19:00
13:00 - 14:00 휴게시간
18:30 접수마감",,"09:00 - 19:00
13:00 - 14:00 휴게시간
18:30 접수마감","09:00 - 19:00
13:00 - 14:00 휴게시간
18:30 접수마감",부산정형외과의원,부산 사상구 사상로 325 부산정형외과,,현충일 휴무,"09:00 - 14:00
13:30 접수마감",정기휴무 (매주 일요일),,,,정형외과,051-303-0039
"09:00 - 18:00
13:00 - 14:00 휴게시간",09:00 - 13:00,,"09:00 - 18:00
13:00 - 14:00 휴게시간","09:00 - 18:00
13:00 - 14:00 휴게시간",주례성모안과의원,부산 사상구 가야대로 276 엠스퀘어메디컬 9층,,현충일 휴무,09:00 - 13:00,정기휴무 (매주 일요일),,,,안과,0507-1348-1920
"09:00 - 18:30
13:00 - 14:00 휴게시간","09:00 - 18:30
13:00 - 14:00 휴게시간",,"09:00 - 18:30
13:00 - 14:00 휴게시간","09:00 - 19:00
13:00 - 14:00 휴게시간",큰내과의원,부산 사상구 광장로 77,,현충일 휴무,"09:00 - 15:30
13:00 - 14:00 휴게시간",정기휴무 (매주 일요일),,,,내과,051-321-1117
"09:00 - 19:00
12:30 - 14:00 휴게시간
18:30 접수마감","09:00 - 19:00
12:30 - 14:00 휴게시간
18:30 접수마감
접기",,"09:00 - 19:00
12:30 - 14:00 휴게시간
18:30 접수마감","09:00 - 19:00
12:30 - 14:00 휴게시간
18:30 접수마감",미래어린이병원,"부산 사상구 낙동대로 790 3층, 4층, 7층 미래어린이병원",,현충일09:00 - 13:00,"09:00 - 16:00
13:00 - 14:00 휴게시간
15:30 접수마감","09:00 - 13:00
12:30 접수마감",,,,소아청소년과,051-313-1717
"09:00 - 18:30
12:30 - 14:00 휴게시간","09:00 - 18:30
12:30 - 14:00 휴게시간",,"09:00 - 18:30
12:30 - 14:00 휴게시간","09:00 - 18:30
12:30 - 14:00 휴게시간",센텀안과의원,부산 사상구 사상로 236,,현충일 휴무,09:00 - 12:30,정기휴무 (매주 일요일),,,,안과,051-315-9985
"09:00 - 18:30
13:00 - 14:00 휴게시간","09:00 - 18:30
13:00 - 14:00 휴게시간",,"09:00 - 18:30
13:00 - 14:00 휴게시간","09:00 - 18:30
13:00 - 14:00 휴게시간",박시영이비인후과의원,부산 사상구 사상로 246,,현충일 휴무,09:00 - 13:00,정기휴무 (매주 일요일),,,,이비인후과,051-315-6316
"10:00 - 18:30
13:00 - 15:00 휴게시간","10:00 - 18:30
13:00 - 14:30 휴게시간",,"10:00 - 18:30
13:00 - 14:30 휴게시간","10:00 - 18:30
13:00 - 14:30 휴게시간",김창영치과의원,부산 사상구 백양대로 903 김창영치과의원,,현충일 휴무,10:00 - 13:00,정기휴무 (매주 일요일),,,,치과,051-325-2828
09:00 - 20:00,09:00 - 20:00,,09:00 - 20:00,09:00 - 20:00,강한의원,부산 사상구 가야대로282번길 8,,현충일 휴무,"09:00 - 13:00
13:00 - 14:00 휴게시간",정기휴무 (매주 일요일),,,,한의원,0507-1400-8300
09:30 - 16:00,09:30 - 16:00,,09:30 - 16:00,09:30 - 16:00,애플의원,부산 사상구 사상로 201 애플아울렛별관5층,,현충일 휴무,09:30 - 13:30,정기휴무 (매주 일요일),,,,피부과,0507-1485-0366
"09:00 - 18:30
13:00 - 14:00 휴게시간",14:00 - 18:30,,"09:00 - 18:30
13:00 - 14:00 휴게시간","09:00 - 18:30
13:00 - 14:00 휴게시간",화인정형외과의원,부산 사상구 낙동대로 790 서울약국,,현충일09:00 - 13:00,09:00 - 13:00,정기휴무 (매주 일요일),,,,정형외과,051-323-8200
09:00 - 18:00,09:00 - 19:00,,09:00 - 18:00,09:00 - 18:00,현백의료재단 사상고려병원,부산 사상구 사상로 282,,현충일 휴무,09:00 - 15:00,정기휴무 (매주 일요일),,,,"병원,의원",051-301-8275
"10:10 - 19:00
13:00 - 14:00 휴게시간
18:30 접수마감","10:10 - 19:00
13:00 - 14:00 휴게시간
18:30 접수마감",,"11:00 - 15:00
14:30 접수마감","10:10 - 19:00
13:00 - 14:00 휴게시간
18:30 접수마감",세인트치과의원,부산 사상구 사상로 200 M시티빌딩 6층 세인트치과의원,"10:10 - 19:00
13:00 - 14:00 휴게시간
18:30 접수마감",,"10:10 - 17:00
13:00 - 14:00 휴게시간
16:30 접수마감",정기휴무 (매주 일요일),,,,치과,051-316-1066
"09:00 - 18:30
13:00 - 14:00 휴게시간","09:00 - 18:30
13:00 - 14:00 휴게시간
접기",,09:00 - 13:00,"09:00 - 18:30
13:00 - 14:00 휴게시간",하나메디칼의원,부산 사상구 사상로 481,"09:00 - 18:30
13:00 - 14:00 휴게시간",,정기휴무 (매주 토요일),09:00 - 17:00,,,,내과,051-302-3307
"11:00 - 21:00
13:00 - 14:00 휴게시간
20:30 접수마감","09:00 - 13:00
12:30 접수마감",,"09:00 - 18:00
13:00 - 14:00 휴게시간
17:30 접수마감","09:00 - 18:00
13:00 - 14:00 휴게시간
17:30 접수마감",마음튼튼정신건강의학과의원,부산 사상구 사상로 194 9층,,현충일 휴무,"09:00 - 14:00
13:30 접수마감",정기휴무 (매주 일요일),,,,정신건강의학과,0507-1377-2711
"09:30 - 18:00
13:00 - 14:00 휴게시간","09:30 - 18:00
13:00 - 14:00 휴게시간",,"09:30 - 18:00
13:00 - 14:00 휴게시간","09:30 - 18:00
13:00 - 14:00 휴게시간",박지현산부인과의원,부산 사상구 가야대로 272,,현충일 휴무,09:30 - 13:00,정기휴무 (매주 일요일),,,,산부인과,051-328-3232
"09:00 - 20:00
12:30 - 14:00 휴게시간","09:00 - 20:00
12:30 - 14:00 휴게시간
접기",,"09:00 - 20:00
12:30 - 14:00 휴게시간","09:00 - 20:00
12:30 - 14:00 휴게시간",명진한의원,"부산 사상구 가야대로 290 2, 3층",,현충일09:00 - 14:00,09:00 - 14:00,09:00 - 14:00,,,,한의원,051-710-9088
09:00 - 18:00,09:00 - 19:00,,09:00 - 18:00,09:00 - 19:00,주례참조은의원,부산 사상구 냉정로 123,09:00 - 19:00,,09:00 - 14:00,정보없음,,,,내과,051-316-0875
"09:00 - 19:00
13:00 - 14:00 휴게시간",14:00 - 19:00,,"09:00 - 19:00
13:00 - 14:00 휴게시간","09:00 - 19:00
13:00 - 14:00 휴게시간",맑은유비뇨기과의원,부산 사상구 낙동대로 786 애진빌딩 502호,,현충일 휴무,09:00 - 14:00,정기휴무 (매주 일요일),,,,비뇨의학과,051-324-2481
08:30 - 19:00,08:30 - 19:00,,08:30 - 19:00,08:30 - 19:00,참좋은정형외과의원,부산 사상구 백양대로 893 궁전빌딩 402호 참좋은 정형외과의원,,08:30 - 13:00,08:30 - 13:00,정기휴무 (매주 일요일),,,,정형외과,0507-1310-7587
09:00 - 20:00,09:00 - 20:00,,09:00 - 20:00,09:00 - 20:00,신세계한방병원,부산 사상구 사상로 174,,현충일09:00 - 15:00,09:00 - 15:00,09:00 - 15:00,,,,한의원,051-327-1199
"09:00 - 18:00
12:30 - 14:00 휴게시간",정기휴무 (매주 목요일),,"09:00 - 18:00
12:30 - 14:00 휴게시간","09:00 - 18:00
12:30 - 14:00 휴게시간",봄내과의원,부산 사상구 가야대로 276,,현충일 휴무,09:00 - 13:00,정기휴무 (매주 일요일),,,,내과,051-715-5210
"09:00 - 18:00
13:00 - 14:00 휴게시간",09:00 - 13:00,,"09:00 - 18:00
13:00 - 14:00 휴게시간","09:00 - 18:00
13:00 - 14:00 휴게시간",김대영내과의원,부산 사상구 가야대로 274,,현충일 휴무,09:00 - 13:00,정기휴무 (매주 일요일),,,,내과,051-312-7588
"08:30 - 21:00
13:00 - 14:00 휴게시간","08:30 - 21:00
13:00 - 14:00 휴게시간",,"08:30 - 21:00
13:00 - 14:00 휴게시간","08:30 - 21:00
13:00 - 14:00 휴게시간",퍼스트이비인후과의원,부산 사상구 사상로 236 재원메디컬센터 3층,,현충일 휴무,09:00 - 14:00,정기휴무 (매주 일요일),,,,이비인후과,051-711-5522
"09:00 - 19:00
13:00 - 14:00 휴게시간","09:00 - 18:30
13:00 - 14:00 휴게시간",,"09:00 - 18:30
13:00 - 14:00 휴게시간","09:00 - 18:30
13:00 - 14:00 휴게시간",나상옥신경과의원,부산 사상구 가야대로 274,,현충일 휴무,09:00 - 13:00,정기휴무 (매주 일요일),,,,신경과,051-323-6226
"08:30 - 18:30
13:00 - 14:00 휴게시간","08:30 - 18:30
13:00 - 14:00 휴게시간",,"08:30 - 18:30
13:00 - 14:00 휴게시간","08:30 - 18:30
13:00 - 14:00 휴게시간",속편한희망내과의원,"부산 사상구 낙동대로 780 2, 3층",,현충일 휴무,08:30 - 13:30,정기휴무 (매주 일요일),,,,내과,051-715-7996
"09:00 - 18:00
13:00 - 14:00 휴게시간","09:00 - 18:00
13:00 - 14:00 휴게시간",,"09:00 - 18:00
13:00 - 14:00 휴게시간","09:00 - 18:00
13:00 - 14:00 휴게시간",송비뇨기과의원,부산 사상구 가야대로 278-1 2층,,현충일 휴무,09:00 - 13:00,정기휴무 (매주 일요일),,,,비뇨의학과,051-323-8979
"09:00 - 18:00
12:30 - 14:00 휴게시간","09:00 - 18:00
12:30 - 14:00 휴게시간",,"09:00 - 18:00
12:30 - 14:00 휴게시간","09:00 - 18:00
12:30 - 14:00 휴게시간",우리탑치과의원,부산 사상구 가야대로 290 4층,,현충일 휴무,09:00 - 13:00,정기휴무 (매주 일요일),,,,치과,0507-1420-2804
"09:30 - 19:00
13:00 - 14:00 휴게시간","09:30 - 13:00
접기",,"09:30 - 19:00
13:00 - 14:00 휴게시간","09:30 - 19:00
13:00 - 14:00 휴게시간",학장제일한의원,부산 사상구 대동로 95 3층 학장제일한의원,,현충일09:30 - 13:00,09:30 - 13:00,정기휴무 (매주 일요일),,,,한의원,051-316-7975
"09:00 - 18:00
13:00 - 14:00 휴게시간","09:00 - 18:00
13:00 - 14:00 휴게시간",,"09:00 - 18:00
13:00 - 14:00 휴게시간","09:00 - 18:00
13:00 - 14:00 휴게시간",김이태소아청소년과의원,부산 사상구 사상로 252 김이태소아과의원,,현충일 휴무,09:00 - 13:00,정기휴무 (매주 일요일),,,,소아청소년과,051-316-7271
09:00 - 18:00,"09:00 - 18:00
접기",,09:00 - 18:00,09:00 - 18:00,좋은부산요양병원,부산 사상구 학감대로39번길 67,09:00 - 18:00,,정보없음,정보없음,,,,요양병원,051-326-0900
,,,,,좋은삼선병원 응급의료센터,부산 사상구 가야대로 326,,,,,"00:00 - 24:00
접기",,,응급실,051-310-9109
09:30 - 13:00,"09:30 - 18:30
13:00 - 14:00 휴게시간
접기",,"09:30 - 18:30
13:00 - 14:00 휴게시간","09:30 - 18:30
13:00 - 14:00 휴게시간",강남비뇨의학과의원,부산 사상구 사상로 194 괘법동 메디컬센터 12층,"09:30 - 18:30
13:00 - 14:00 휴게시간",,09:30 - 13:00,정기휴무 (매주 일요일),,,,비뇨의학과,051-316-1175
"09:00 - 18:00
12:30 - 14:00 휴게시간","09:00 - 18:00
12:30 - 14:00 휴게시간",,"09:00 - 18:00
12:30 - 14:00 휴게시간","09:00 - 18:00
12:30 - 14:00 휴게시간",양영선내과의원,부산 사상구 가야대로 272 메디칼빌딩 5층,,현충일 휴무,09:00 - 13:00,정기휴무 (매주 일요일),,,,내과,051-328-7890
10:00 - 12:30,"10:00 - 18:00
12:30 - 13:30 휴게시간",,"10:00 - 18:00
12:30 - 13:30 휴게시간",,사상사랑성모안과의원,부산 사상구 사상로 200,,현충일 휴무,10:00 - 12:30,정기휴무 (매주 일요일),,,휴무,안과,051-314-0775
"09:30 - 18:15
12:30 - 13:30 휴게시간
18:00 접수마감","09:30 - 15:00
14:45 접수마감",,"09:30 - 18:15
12:30 - 13:30 휴게시간
18:00 접수마감","09:30 - 18:15
12:30 - 13:30 휴게시간
18:00 접수마감",우리항외과의원,부산 사상구 사상로 237,"09:30 - 18:15
12:30 - 13:30 휴게시간
18:00 접수마감",,"09:30 - 14:00
13:45 접수마감",정보없음,,,,"대장,항문과",051-323-6612
"09:00 - 21:00
12:30 - 14:00 휴게시간","09:00 - 21:00
12:30 - 14:00 휴게시간",,"09:00 - 21:00
12:30 - 14:00 휴게시간","09:00 - 21:00
12:30 - 14:00 휴게시간",토닥토닥한의원,부산 사상구 사상로 194 3층,,"현충일09:00 - 17:00
12:30 - 14:00 휴게시간","09:00 - 17:00
12:30 - 14:00 휴게시간","09:00 - 17:00
12:30 - 14:00 휴게시간",,,,한의원,0507-1477-8234
"09:00 - 18:00
12:30 - 13:30 휴게시간","09:00 - 18:00
12:30 - 13:30 휴게시간",,"09:00 - 18:00
12:30 - 13:30 휴게시간","09:00 - 18:00
12:30 - 13:30 휴게시간",부산시립정신병원,부산 사상구 학감대로39번길 104-36 부산시립신경정신병원,,현충일 휴무,09:00 - 13:00,정기휴무 (매주 일요일),,,,정신건강의학과,051-312-2288
"09:30 - 19:00
13:00 - 14:00 휴게시간","14:00 - 19:00
접기",,"09:30 - 19:00
13:00 - 14:00 휴게시간","09:30 - 19:00
13:00 - 14:00 휴게시간",소담한의원,부산 사상구 대동로 106 목화아파트상가101호,,현충일09:00 - 13:00,09:00 - 13:00,정기휴무 (매주 일요일),,,,한의원,051-314-4314
"10:00 - 20:00
12:40 - 14:00 휴게시간","10:00 - 20:00
12:40 - 14:00 휴게시간",,"10:00 - 20:00
12:40 - 14:00 휴게시간","10:00 - 20:00
12:40 - 14:00 휴게시간",행복나눔치과의원,부산 사상구 낙동대로 733 롯데마트엄궁점,"10:00 - 20:00
12:40 - 14:00 휴게시간",,10:00 - 14:00,정기휴무 (매주 일요일),,,,치과,051-316-7528
09:00 - 18:30,09:00 - 18:30,,09:00 - 18:30,09:00 - 18:30,윤상경소아청소년과의원,부산 사상구 백양대로 888,,현충일 휴무,09:00 - 13:00,정기휴무 (매주 일요일),,,,소아청소년과,051-317-7575
09:00 - 18:00,09:00 - 19:30,,09:00 - 18:00,09:00 - 18:00,모리아의원,부산 사상구 대동로 46 한나선교교회,,현충일 휴무,09:00 - 14:00,정기휴무 (매주 일요일),,,,내과,051-465-7257
09:00 - 13:00,"09:00 - 18:30
12:30 - 14:00 휴게시간",,"09:00 - 18:30
12:30 - 14:00 휴게시간","09:00 - 18:30
12:30 - 14:00 휴게시간",초록마취통증의학과내과의원,부산 사상구 대동로 95,,현충일 휴무,09:00 - 13:00,정기휴무 (매주 일요일),,,,마취통증의학과,051-311-0100
"09:00 - 18:30
12:30 - 14:00 휴게시간","09:00 - 18:30
12:30 - 14:00 휴게시간",,"09:00 - 18:30
12:30 - 14:00 휴게시간","09:00 - 18:30
12:30 - 14:00 휴게시간",정천규이비인후과의원,부산 사상구 가야대로 296,,현충일 휴무,09:00 - 13:00,정기휴무 (매주 일요일),,,,이비인후과,051-313-3993
,,,,,삼인요양병원,부산 사상구 대동로 95,,,,,,,,요양병원,051-327-3333
"09:30 - 20:00
13:00 - 14:00 휴게시간","09:30 - 18:30
13:00 - 14:00 휴게시간",,"09:30 - 18:30
13:00 - 14:00 휴게시간","09:30 - 18:30
13:00 - 14:00 휴게시간",포근한정신건강의학과의원,부산 사상구 사상로 246,,현충일 휴무,정기휴무 (매주 토요일),정기휴무 (매주 일요일),,,,정신건강의학과,051-717-2353
"09:00 - 18:30
12:40 - 14:00 휴게시간
18:20 접수마감","09:00 - 18:30
12:40 - 14:00 휴게시간
18:20 접수마감",,"09:00 - 18:30
12:40 - 14:00 휴게시간
18:20 접수마감","09:00 - 18:30
12:40 - 14:00 휴게시간
18:20 접수마감",정용학내과의원,부산 사상구 백양대로 900 3층 301호,,현충일09:00 - 12:00,"09:00 - 13:00
12:50 접수마감",정기휴무 (매주 일요일),,,,내과,051-323-7582
"09:00 - 18:30
13:00 - 14:00 휴게시간","09:00 - 18:30
13:00 - 14:00 휴게시간",,"09:00 - 18:30
13:00 - 14:00 휴게시간","09:00 - 18:30
13:00 - 14:00 휴게시간",우리성모안과의원,부산 사상구 낙동대로 786 애진빌딩 2층,,현충일 휴무,09:00 - 13:00,정기휴무 (매주 일요일),,,,안과,0507-1336-8220
"09:00 - 18:00
12:30 - 14:00 휴게시간","09:00 - 18:00
12:30 - 14:00 휴게시간",,"09:00 - 18:00
12:30 - 14:00 휴게시간","09:00 - 18:00
12:30 - 14:00 휴게시간",서현치과의원,부산 사상구 백양대로494번길 12 주례1차동일아파트,,현충일 휴무,09:00 - 13:00,정기휴무 (매주 일요일),,,,치과,051-311-2275
,"09:30 - 20:00
12:30 - 14:00 휴게시간",,"09:30 - 18:30
12:30 - 14:00 휴게시간",,시카고치과의원,부산 사상구 사상로 252 김이태소아과의원,,현충일 휴무,09:30 - 14:00,정기휴무 (매주 일요일),,09:30 - 12:30,휴무,치과,051-314-7019
"09:30 - 18:00
12:30 - 14:00 휴게시간","09:30 - 18:00
12:30 - 14:00 휴게시간",,"09:30 - 18:00
12:30 - 14:00 휴게시간","09:30 - 18:00
12:30 - 14:00 휴게시간",현대부부치과의원,부산 사상구 운산로 31 현대부부치과,,현충일 휴무,09:30 - 12:30,정기휴무 (매주 일요일),,,,치과,0507-1486-2886
"09:30 - 18:00
12:30 - 14:00 휴게시간","09:30 - 18:00
12:30 - 14:00 휴게시간",,"09:30 - 18:00
12:30 - 14:00 휴게시간","09:30 - 18:00
12:30 - 14:00 휴게시간",맥치과의원,부산 사상구 사상로 297,,현충일 휴무,09:30 - 14:00,정기휴무 (매주 일요일),,,,치과,051-303-0028
"09:00 - 18:00
12:30 - 13:30 휴게시간","09:00 - 18:00
12:30 - 13:30 휴게시간",,"09:00 - 18:00
12:30 - 13:30 휴게시간","09:00 - 18:00
12:30 - 13:30 휴게시간",사상스마트병원,부산 사상구 학감대로 269 사상스마트병원,,현충일 휴무,정기휴무 (매주 토요일),정기휴무 (매주 일요일),,,,재활의학과,051-322-3000
"09:00 - 18:00
12:30 - 13:30 휴게시간","09:00 - 18:00
12:30 - 13:30 휴게시간",,"09:00 - 18:00
12:30 - 13:30 휴게시간","09:00 - 18:00
12:30 - 13:30 휴게시간",스마트나라요양병원,부산 사상구 낙동대로 1026,,현충일 휴무,09:00 - 13:00,정기휴무 (매주 일요일),,,,요양병원,051-995-7799
"09:00 - 18:00
12:30 - 13:30 휴게시간","09:00 - 18:00
12:30 - 13:30 휴게시간
접기",,"09:00 - 18:00
12:30 - 13:30 휴게시간","09:00 - 18:00
12:30 - 13:30 휴게시간",큰솔2병원,부산 사상구 학장로 189 학장 큰솔2병원,"09:00 - 18:00
12:30 - 13:30 휴게시간",,09:00 - 13:00,정기휴무 (매주 일요일),,,,재활의학과,0507-1325-0302
"09:30 - 18:30
12:30 - 14:00 휴게시간","09:30 - 18:30
12:30 - 14:00 휴게시간",,"09:30 - 18:30
12:30 - 14:00 휴게시간","09:30 - 18:30
12:30 - 14:00 휴게시간",신모라치과의원,부산 사상구 백양대로 893 궁전빌딩,,현충일 휴무,09:30 - 13:00,정기휴무 (매주 일요일),,,,치과,051-328-1745
"14:00 - 20:30
17:00 - 17:30 휴게시간","09:30 - 18:30
12:30 - 14:00 휴게시간",,"09:30 - 18:30
12:30 - 14:00 휴게시간","09:30 - 18:30
12:30 - 14:00 휴게시간",주례정치과의원,부산 사상구 가야대로 274-3 JJ메디컬센터 3층,,현충일 휴무,09:30 - 13:30,정기휴무 (매주 일요일),,,,치과,051-327-7528
"09:00 - 18:30
12:30 - 14:00 휴게시간
18:10 접수마감","09:00 - 18:30
12:30 - 14:00 휴게시간
18:10 접수마감",,"09:00 - 18:30
12:30 - 14:00 휴게시간
18:10 접수마감","09:00 - 18:30
12:30 - 14:00 휴게시간
18:10 접수마감",모라성모의원,부산 사상구 백양대로 888,,현충일 휴무,"09:00 - 13:00
12:40 접수마감",정기휴무 (매주 일요일),,,,내과,051-311-9702
"09:30 - 18:30
12:30 - 14:00 휴게시간",정기휴무 (매주 목요일),,"09:30 - 18:30
12:30 - 14:00 휴게시간","09:30 - 18:30
12:30 - 14:00 휴게시간",굿모닝유치과의원,부산 사상구 낙동대로 751 2층 203호,,현충일 휴무,09:30 - 14:30,정기휴무 (매주 일요일),,,,치과,051-314-2875
"09:00 - 18:30
12:30 - 14:00 휴게시간","09:00 - 18:30
12:30 - 14:00 휴게시간",,"09:00 - 18:30
12:30 - 14:00 휴게시간","09:00 - 18:30
12:30 - 14:00 휴게시간",서이비인후과의원,부산 사상구 백양대로 893,,현충일 휴무,09:00 - 13:00,정기휴무 (매주 일요일),,,,이비인후과,No phone number available
"10:00 - 20:30
13:00 - 14:00 휴게시간
17:00 - 18:00 휴게시간
12:50, 16:50, 20:20 접수마감","14:00 - 20:30
17:00 - 18:00 휴게시간
16:50, 20:20 접수마감",,"10:00 - 20:30
13:00 - 14:00 휴게시간
17:00 - 18:00 휴게시간
12:50, 16:50, 20:20 접수마감","10:00 - 20:30
13:00 - 14:00 휴게시간
17:00 - 18:00 휴게시간
12:50, 16:50, 20:20 접수마감",온사랑의원,부산 사상구 낙동대로 733 롯데마트 4층,"10:00 - 20:30
13:00 - 14:00 휴게시간
17:00 - 18:00 휴게시간
12:50, 16:50, 20:20 접수마감",,"10:00 - 20:30
13:00 - 14:00 휴게시간
17:00 - 18:00 휴게시간
12:50, 16:50, 20:20 접수마감","10:00 - 20:30
13:00 - 14:00 휴게시간
17:00 - 18:00 휴게시간
12:50, 16:50, 20:20 접수마감",,,,"병원,의원",051-315-7553
,,,,,부산보훈요양병원 (2023년예정),부산 사상구 백양대로 420 보훈병원,,,,,,,,요양병원,051-601-6396
"09:30 - 18:40
12:20 - 14:00 휴게시간","09:30 - 20:00
12:20 - 14:00 휴게시간",,"09:30 - 18:40
12:20 - 14:00 휴게시간","09:30 - 18:40
12:20 - 14:00 휴게시간",예인부부치과의원,부산 사상구 사상로 246,,현충일 휴무,09:30 - 13:00,정기휴무 (매주 일요일),,,,치과,051-314-1400
09:00 - 19:00,"09:00 - 19:00
접기",,09:00 - 19:00,09:00 - 19:00,한결의원,부산 사상구 대동로 109-1,,현충일09:00 - 13:00,09:00 - 17:00,정보없음,,,,정형외과,051-315-8448
"09:30 - 21:00
13:00 - 14:00 휴게시간",정기휴무 (매주 목요일),,"09:30 - 19:00
13:00 - 14:00 휴게시간","09:30 - 19:00
13:00 - 14:00 휴게시간",그린치과의원,부산 사상구 백양대로 886 정예독서실,,현충일 휴무,09:30 - 14:00,정기휴무 (매주 일요일),,,,치과,051-323-2022
,,,,,곽치과의원,부산 사상구 사상로 489-1 곽치과,,,,,,,,치과,051-302-7575
13:00 - 20:00,"09:30 - 18:30
13:00 - 14:00 휴게시간",,"09:30 - 18:30
13:00 - 14:00 휴게시간","09:30 - 18:30
13:00 - 14:00 휴게시간",더편한정신건강의학과의원,부산 사상구 가야대로 272 10층,,현충일 휴무,09:30 - 14:00,정기휴무 (매주 일요일),,,,정신건강의학과,0507-1305-7751
"06:00 - 18:00
17:30 접수마감","06:00 - 15:30
15:00 접수마감",,"06:00 - 18:00
17:30 접수마감","06:00 - 18:00
17:30 접수마감",신우내과의원,부산 사상구 사상로 200 엠시티빌딩,,현충일 휴무,"06:00 - 15:30
15:00 접수마감",정기휴무 (매주 일요일),,,,내과,051-322-4816
"09:00 - 18:00
17:30 접수마감","09:00 - 18:00
17:30 접수마감",,"09:00 - 18:00
17:30 접수마감","09:00 - 18:00
17:30 접수마감",참소망연합의원,부산 사상구 가야대로 300,,현충일 휴무,"09:00 - 13:00
12:30 접수마감",정기휴무 (매주 일요일),,,,소아청소년과,051-315-5339
,,,,,학장성심요양병원,부산 사상구 대동로159번길 9,,,,,,,,요양병원,051-314-2280
"08:00 - 17:00
12:00 - 13:00 휴게시간","08:00 - 17:00
12:00 - 13:00 휴게시간
접기",,"08:00 - 17:00
12:00 - 13:00 휴게시간","08:00 - 17:00
12:00 - 13:00 휴게시간",생명선의원,"부산 사상구 사상로 194 괘법동메디컬센터 10층, 11층","08:00 - 17:00
12:00 - 13:00 휴게시간",,"09:00 - 14:00
12:00 - 13:00 휴게시간",정기휴무 (매주 일요일),,,,흉부외과,051-325-0119
09:00 - 19:00,09:00 - 19:00,,09:00 - 19:00,09:00 - 19:00,한세신경외과의원,부산 사상구 새벽로 163,,현충일 휴무,09:00 - 13:00,정기휴무 (매주 일요일),,,,신경외과,051-325-2060
"09:00 - 19:00
13:00 - 14:00 휴게시간",09:00 - 13:00,,"09:00 - 19:00
13:00 - 14:00 휴게시간","09:00 - 19:00
13:00 - 14:00 휴게시간",척바로마취통증의학과의원,부산 사상구 사상로 235 3층,,현충일 휴무,09:00 - 14:00,정기휴무 (매주 일요일),,,,정형외과,0507-1491-0069
"10:00 - 19:30
13:00 - 14:30 휴게시간","10:00 - 19:30
13:00 - 14:30 휴게시간",,"10:00 - 19:30
13:00 - 14:30 휴게시간","10:00 - 19:30
13:00 - 14:30 휴게시간",이앤이치과의원,부산 사상구 광장로 17 이마트 3층,,현충일10:00 - 17:00,10:00 - 17:00,10:00 - 17:00,,,,치과,0507-1387-7528
"09:00 - 18:00
13:00 - 14:00 휴게시간","09:00 - 18:00
13:00 - 14:00 휴게시간",,"09:00 - 18:00
13:00 - 14:00 휴게시간","09:00 - 18:00
13:00 - 14:00 휴게시간",참좋은내과의원,부산 사상구 백양대로 893 궁전빌딩 6층 601호 (모라동),,현충일 휴무,09:00 - 14:00,정기휴무 (매주 일요일),,,,"병원,의원",051-947-1000
16:00 - 19:00,"09:30 - 18:00
13:00 - 14:30 휴게시간",,"09:30 - 18:00
13:00 - 14:30 휴게시간","09:30 - 18:00
13:00 - 14:30 휴게시간",열린치과의원,부산 사상구 덕상로 14 대원빌딩,,현충일 휴무,09:30 - 13:00,정기휴무 (매주 일요일),,,,치과,051-305-2879
"09:00 - 18:30
12:40 - 14:00 휴게시간","09:00 - 18:30
12:40 - 14:00 휴게시간",,"09:00 - 18:30
12:40 - 14:00 휴게시간","09:00 - 18:30
12:40 - 14:00 휴게시간",연세김의원,부산 사상구 새벽시장로 70 보정프라자,,현충일 휴무,09:00 - 13:00,정기휴무 (매주 일요일),,,,내과,051-311-8275
"09:00 - 18:30
13:00 - 14:00 휴게시간",14:00 - 18:30,,"09:00 - 18:30
13:00 - 14:00 휴게시간","09:00 - 18:30
13:00 - 14:00 휴게시간",바른재활의학과의원,부산 사상구 가야대로 272,,현충일 휴무,09:00 - 13:00,정기휴무 (매주 일요일),,,,재활의학과,0507-1339-1553
"08:30 - 17:00
12:00 - 13:00 휴게시간","08:30 - 17:00
12:00 - 13:00 휴게시간",,"08:30 - 17:00
12:00 - 13:00 휴게시간","08:30 - 17:00
12:00 - 13:00 휴게시간",이너피스한방병원,부산 사상구 백양대로804번길 36 이너피스한방병원,,현충일 휴무,08:30 - 12:30,정기휴무 (매주 일요일),,,,한방병원,051-302-1100
09:00 - 19:00,09:00 - 19:00,,09:00 - 19:00,09:00 - 19:00,조은의원,부산 사상구 새벽로168번길 51 조은의원,,현충일 휴무,09:00 - 13:00,정기휴무 (매주 일요일),,,,"병원,의원",0507-1348-4042
"09:00 - 17:30
12:30 - 14:00 휴게시간
17:20 접수마감","09:00 - 17:30
12:30 - 14:00 휴게시간
17:20 접수마감",,"09:00 - 17:30
12:30 - 14:00 휴게시간
17:20 접수마감","09:00 - 17:30
12:30 - 14:00 휴게시간
17:20 접수마감",우일의원,부산 사상구 백양대로494번길 12,,현충일 휴무,"09:00 - 12:30
12:20 접수마감",정기휴무 (매주 일요일),,,,가정의학과,051-326-1411
"09:30 - 18:30
13:00 - 14:00 휴게시간","09:30 - 18:30
13:00 - 14:00 휴게시간
접기",,"09:30 - 18:30
13:00 - 14:00 휴게시간","09:30 - 18:30
13:00 - 14:00 휴게시간",삼대한의원,부산 사상구 사상로 149,,현충일09:30 - 13:00,09:30 - 13:00,정기휴무 (매주 일요일),,,,한의원,051-328-1133
"09:00 - 19:00
13:00 - 14:00 휴게시간",14:00 - 19:00,,"09:00 - 19:00
13:00 - 14:00 휴게시간","09:00 - 19:00
13:00 - 14:00 휴게시간",부산신경외과의원,부산 사상구 낙동대로 786,,현충일 휴무,09:00 - 14:00,정기휴무 (매주 일요일),,,,신경외과,051-715-3301
"09:30 - 18:30
12:30 - 14:00 휴게시간","09:30 - 18:30
12:30 - 14:00 휴게시간",,"09:30 - 18:30
12:30 - 14:00 휴게시간","09:30 - 18:30
12:30 - 14:00 휴게시간",민강한의원,부산 사상구 백양대로 490 동일1차 아파트상가 2층,,현충일 휴무,09:30 - 14:00,정기휴무 (매주 일요일),,,,한의원,051-312-3121
"09:00 - 18:20
12:50 - 14:10 휴게시간","09:00 - 18:20
12:50 - 14:10 휴게시간",,"09:00 - 18:20
12:50 - 14:10 휴게시간","09:00 - 18:20
12:50 - 14:10 휴게시간",학장성심의원,부산 사상구 대동로 159,,현충일 휴무,09:00 - 13:00,정기휴무 (매주 일요일),,,,정형외과,0507-1423-2290
"09:30 - 18:30
12:30 - 14:00 휴게시간","09:30 - 18:30
12:30 - 14:00 휴게시간",,"09:30 - 18:30
12:30 - 14:00 휴게시간","09:30 - 18:30
12:30 - 14:00 휴게시간",고운이치과의원,부산 사상구 낙동대로 786 애진빌딩 4층 고운e치과,,현충일 휴무,정기휴무 (매주 토요일),정기휴무 (매주 일요일),,,,치과,0507-1308-7528
09:00 - 17:00,09:00 - 17:00,,09:00 - 17:00,09:00 - 17:00,의료법인 길정의료재단 대남병원 길정병원,부산 사상구 학감대로39번길 116,,현충일 휴무,정기휴무 (매주 토요일),정기휴무 (매주 일요일),,,,"병원,의원",051-324-2227
"09:00 - 18:30
12:30 - 14:00 휴게시간","09:00 - 18:30
12:30 - 14:00 휴게시간",,"09:00 - 18:30
12:30 - 14:00 휴게시간","09:00 - 18:30
12:30 - 14:00 휴게시간",연세내과의원,부산 사상구 사상로 287,,현충일 휴무,09:00 - 13:00,정기휴무 (매주 일요일),,,,내과,051-303-6894
,,,,,길의원,부산 사상구 사상로 517 뉴월드직업전문학교,,,,,,,,내과,051-302-1117
"09:00 - 18:30
12:45 - 14:00 휴게시간","09:00 - 18:30
12:45 - 14:00 휴게시간",,"09:00 - 18:30
12:45 - 14:00 휴게시간","09:00 - 18:30
12:45 - 14:00 휴게시간",배현호내과의원,부산 사상구 낙동대로 774,,현충일 휴무,09:00 - 13:00,정기휴무 (매주 일요일),,,,내과,051-328-0075
09:00 - 12:00,"09:00 - 18:30
13:00 - 14:00 휴게시간",,"09:00 - 18:30
13:00 - 14:00 휴게시간","09:00 - 18:30
13:00 - 14:00 휴게시간",가야신경정신과의원,부산 사상구 가야대로 288,,현충일 휴무,09:00 - 12:00,정기휴무 (매주 일요일),,,,정신건강의학과,051-322-1300
09:00 - 18:30,09:00 - 18:30,,09:00 - 18:30,09:00 - 18:30,김내과의원,부산 사상구 대동로 94 학장반도보라타운,,현충일 휴무,09:00 - 13:00,정기휴무 (매주 일요일),,,,내과,051-322-9210
"09:30 - 20:00
13:00 - 14:30 휴게시간",09:30 - 13:00,,"09:30 - 19:00
13:00 - 14:30 휴게시간","09:30 - 19:00
13:00 - 14:30 휴게시간",고운치과의원,부산 사상구 사상로 236,,현충일 휴무,09:30 - 13:00,정기휴무 (매주 일요일),,,,치과,051-315-2080
정기휴무 (매주 수요일),"09:30 - 18:00
13:00 - 14:30 휴게시간",,"09:30 - 18:00
13:00 - 14:30 휴게시간","09:30 - 18:00
13:00 - 14:30 휴게시간",노창진치과의원,부산 사상구 냉정로 115-1,,현충일 휴무,09:30 - 13:00,정기휴무 (매주 일요일),,,,치과,051-312-6425
09:30 - 18:30,09:30 - 18:30,,09:30 - 18:30,09:30 - 18:30,순산부인과의원,부산 사상구 가야대로 288,,현충일 휴무,09:30 - 14:00,정기휴무 (매주 일요일),,,,산부인과,051-323-0555
"10:00 - 20:00
13:00 - 14:00 휴게시간
12:30, 19:30 접수마감","10:00 - 20:00
13:00 - 14:00 휴게시간
12:30, 19:30 접수마감",,"10:00 - 20:00
13:00 - 14:00 휴게시간
12:30, 19:30 접수마감","10:00 - 20:00
13:00 - 14:00 휴게시간
12:30, 19:30 접수마감",예담한의원,부산 사상구 낙동대로 733 롯데마트 사상점 4층 예담한의원,,"현충일10:00 - 17:00
13:00 - 14:00 휴게시간","10:00 - 17:00
13:00 - 14:00 휴게시간
12:30, 16:30 접수마감","10:00 - 17:00
13:00 - 14:00 휴게시간
12:30, 16:30 접수마감",,,,한의원,051-403-4080
,,,,,사회복지법인한국혈우재단부산의원,부산 사상구 가야대로 272 메디칼센터 7층,,,,,,,,내과,051-328-6611
,,,,,강림요양병원,부산 사상구 낙동대로 792,,,,,,,,요양병원,051-329-9000
"09:00 - 18:00
12:30 - 13:30 휴게시간
17:30 접수마감","09:00 - 18:00
12:30 - 13:30 휴게시간
17:30 접수마감",,"09:00 - 18:00
12:30 - 13:30 휴게시간
17:30 접수마감","09:00 - 18:00
12:30 - 13:30 휴게시간
17:30 접수마감",김판석정형외과의원,부산 사상구 사상로 359,,현충일 휴무,"09:00 - 13:00
12:30 접수마감",정기휴무 (매주 일요일),,,,정형외과,051-302-1011
"09:00 - 18:00
13:00 - 14:00 휴게시간",09:00 - 13:00,,"09:00 - 18:00
13:00 - 14:00 휴게시간","09:00 - 18:00
13:00 - 14:00 휴게시간",팔팔마취통증의학과의원,부산 사상구 가야대로 272-1 2층,,현충일 휴무,09:00 - 13:00,정기휴무 (매주 일요일),,,,마취통증의학과,051-311-7301
,,,,,선린태항외과의원,부산 사상구 가야대로 272-1,,,,,,,,외과,051-335-1119
09:00 - 18:00,14:00 - 18:00,,09:00 - 18:00,09:00 - 18:00,김용준소아청소년과의원,부산 사상구 가야대로 288,,현충일 휴무,09:00 - 13:00,정기휴무 (매주 일요일),,,,소아청소년과,0507-1441-6012
"09:30 - 18:00
12:00 - 14:00 휴게시간",정기휴무 (매주 목요일),,"09:30 - 18:00
12:00 - 14:00 휴게시간","09:30 - 18:00
12:00 - 14:00 휴게시간",해맑은치과의원,부산 사상구 학감대로 120 현재빌딩,,현충일 휴무,09:30 - 12:00,정기휴무 (매주 일요일),,,,치과,051-322-1928
09:00 - 12:30,"09:00 - 17:30
12:30 - 14:00 휴게시간",,"09:00 - 17:30
12:30 - 14:00 휴게시간","09:00 - 17:30
12:30 - 14:00 휴게시간",바로척신경외과의원,부산 사상구 가야대로 276 엠스퀘어빌딩 6층 (엘리트치과병원 건물),,현충일 휴무,09:00 - 12:30,정기휴무 (매주 일요일),,,,신경외과,0507-1420-7900
"09:00 - 18:30
13:00 - 14:00 휴게시간","09:00 - 18:30
13:00 - 14:00 휴게시간",,"09:00 - 18:30
13:00 - 14:00 휴게시간","09:00 - 18:30
13:00 - 14:00 휴게시간",서강정형외과의원,부산 사상구 낙동대로 776,,현충일 휴무,09:00 - 14:00,정기휴무 (매주 일요일),,,,정형외과,051-327-2223
"10:00 - 18:00
12:30 - 14:00 휴게시간","10:00 - 18:00
12:30 - 14:00 휴게시간",,"10:00 - 18:00
12:30 - 14:00 휴게시간","10:00 - 18:00
12:30 - 14:00 휴게시간",안은영치과의원,부산 사상구 가야대로 296,,현충일 휴무,10:00 - 13:00,정기휴무 (매주 일요일),,,,치과,051-327-2827
09:00 - 18:00,09:00 - 18:00,,09:00 - 18:00,09:00 - 18:00,민정식소아청소년과의원,부산 사상구 사상로 293 천냥프라자,,현충일 휴무,09:00 - 13:00,정기휴무 (매주 일요일),,,,소아청소년과,051-301-9701
"09:30 - 19:30
13:00 - 14:00 휴게시간
19:00 접수마감","14:00 - 19:30
19:00 접수마감",,"09:30 - 19:30
13:00 - 14:00 휴게시간
19:00 접수마감","09:30 - 19:30
13:00 - 14:00 휴게시간
19:00 접수마감",백양한의원,부산 사상구 백양대로 900 백양빌딩,,현충일 휴무,"09:30 - 15:00
14:30 접수마감",정기휴무 (매주 일요일),,,,한의원,051-316-2002
09:30 - 18:30,09:30 - 18:30,,09:30 - 18:30,09:30 - 18:30,김상정내과의원,부산 사상구 백양대로 884 우신모라아파트,,현충일 휴무,09:30 - 13:00,정기휴무 (매주 일요일),,,,내과,051-327-7575
"10:30 - 19:00
13:00 - 14:30 휴게시간",정기휴무 (매주 목요일),,"10:30 - 19:00
13:00 - 14:30 휴게시간","10:00 - 19:00
13:00 - 14:30 휴게시간",강철민한의원,부산 사상구 운산로 47-1,,현충일 휴무,"10:00 - 17:00
13:00 - 14:30 휴게시간",정기휴무 (매주 일요일),,,,한의원,051-314-1723
09:00 - 19:00,09:00 - 19:00,,09:00 - 19:00,09:00 - 19:00,기운찬명성마취통증의학과의원,부산 사상구 새벽로 166,,현충일 휴무,09:00 - 13:00,정기휴무 (매주 일요일),,,,마취통증의학과,051-992-5660
,,,,,부산구치소부속의원,부산 사상구 학장로 268 (주례동),,,,,,,,"병원,의원",051-309-8705
09:00 - 18:00,"09:00 - 18:00
접기",,09:00 - 18:00,09:00 - 18:00,사랑의요양병원,부산 사상구 대동로 2,09:00 - 18:00,,09:00 - 15:00,정보없음,,,,요양병원,051-327-9000
09:30 - 18:00,09:30 - 18:00,,09:30 - 18:00,09:30 - 18:00,부산센텀치과의원,부산 사상구 새벽로 228 센텀약국,,현충일 휴무,09:30 - 13:00,정기휴무 (매주 일요일),,,,치과,051-322-7528
"09:00 - 18:30
13:00 - 14:00 휴게시간","09:00 - 18:30
13:00 - 14:00 휴게시간",,"09:00 - 18:30
13:00 - 14:00 휴게시간","09:00 - 18:30
13:00 - 14:00 휴게시간",김교진비뇨기과의원,부산 사상구 새벽로 166,,현충일 휴무,09:00 - 13:00,정기휴무 (매주 일요일),,,,비뇨의학과,051-325-8582
"09:30 - 19:00
13:00 - 14:00 휴게시간
18:20 접수마감","09:30 - 19:00
13:00 - 14:00 휴게시간
18:20 접수마감",,"09:30 - 19:00
13:00 - 14:00 휴게시간
18:20 접수마감","09:30 - 19:00
13:00 - 14:00 휴게시간
18:20 접수마감",늘벗한의원,부산 사상구 사상로 515 늘벗한의원,,현충일 휴무,"09:30 - 13:00
12:20 접수마감",정기휴무 (매주 일요일),,,,한의원,051-302-6225
"09:30 - 18:00
13:00 - 14:00 휴게시간","09:30 - 18:00
13:00 - 14:00 휴게시간
접기",,"09:30 - 18:00
13:00 - 14:00 휴게시간","09:30 - 18:00
13:00 - 14:00 휴게시간",창명한의원,부산 사상구 사상로310번길 9 창명한의원,,현충일09:00 - 17:00,09:00 - 13:00,정기휴무 (매주 일요일),,,,한의원,051-301-0635
"09:30 - 12:30
12:00 접수마감","09:30 - 17:30
13:00 - 14:00 휴게시간
17:00 접수마감",,"09:30 - 17:30
13:00 - 14:00 휴게시간
17:00 접수마감","09:30 - 17:30
13:00 - 14:00 휴게시간
17:00 접수마감",아름다운치과의원,부산 사상구 사상로 201 사상아울렛 별관 5층,,현충일 휴무,"09:30 - 12:30
12:00 접수마감",정기휴무 (매주 일요일),,,,치과,051-323-2875
,,,,,단디치과의원,부산 사상구 학감대로 117 (주)세원,,,,,,,,치과,051-714-1588
"09:00 - 18:00
13:00 - 14:00 휴게시간","09:00 - 18:00
13:00 - 14:00 휴게시간",,"09:00 - 18:00
13:00 - 14:00 휴게시간","09:00 - 18:00
13:00 - 14:00 휴게시간",정희내과의원,부산 사상구 사상로 246,,현충일 휴무,09:00 - 13:00,정기휴무 (매주 일요일),,,,내과,051-325-9955
"09:00 - 19:00
13:00 - 14:30 휴게시간",09:00 - 14:00,,"09:00 - 19:00
13:00 - 14:30 휴게시간","09:00 - 19:00
13:00 - 14:30 휴게시간",봄한의원,부산 사상구 가야대로 278-1 3층,,현충일 휴무,09:00 - 14:00,정기휴무 (매주 일요일),,,,한의원,051-321-1075
"09:00 - 19:00
13:00 - 14:00 휴게시간","09:00 - 19:00
13:00 - 14:00 휴게시간",,"09:00 - 19:00
13:00 - 14:00 휴게시간","09:00 - 19:00
13:00 - 14:00 휴게시간",주례용한의원,부산 사상구 가야대로282번길 1,,현충일 휴무,09:00 - 13:00,정기휴무 (매주 일요일),,,,한의원,051-327-8275
"09:00 - 18:00
12:00 - 14:00 휴게시간","09:00 - 18:00
12:00 - 14:00 휴게시간",,"09:00 - 18:00
12:00 - 14:00 휴게시간","09:00 - 18:00
12:00 - 14:00 휴게시간",허용진내과의원,부산 사상구 학감대로 120 현재빌딩,,현충일 휴무,09:00 - 13:00,정기휴무 (매주 일요일),,,,내과,051-316-3603
"09:00 - 16:00
11:00 - 13:30 휴게시간","09:00 - 13:00
11:00 - 11:30 휴게시간",,"09:00 - 13:00
11:00 - 11:30 휴게시간","09:00 - 16:00
11:00 - 13:30 휴게시간",박경호치과의원,부산 사상구 가야대로 272-1,,현충일 휴무,09:30 - 11:00,정기휴무 (매주 일요일),,,,치과,051-322-5093
09:30 - 19:00,09:30 - 20:30,,09:30 - 19:00,09:30 - 20:30,엄궁치과의원,부산 사상구 엄궁동 99,,현충일 휴무,09:30 - 13:00,정기휴무 (매주 일요일),,,,치과,051-311-5928
"09:30 - 19:00
13:00 - 14:00 휴게시간","정기휴무 (매주 목요일)
접기",,"09:30 - 19:00
13:00 - 14:00 휴게시간","09:30 - 19:00
13:00 - 14:00 휴게시간",청남한의원,부산 사상구 대동로 91,,현충일09:30 - 13:00,09:30 - 13:00,정기휴무 (매주 일요일),,,,한의원,051-324-0363
"09:00 - 17:00
13:00 - 14:00 휴게시간","09:00 - 19:00
13:00 - 14:00 휴게시간",,"09:00 - 19:00
13:00 - 14:00 휴게시간","09:00 - 19:00
13:00 - 14:00 휴게시간",성심마취통증의학과의원,부산 사상구 사상로 301 성심통증의원,,현충일 휴무,09:00 - 14:00,정기휴무 (매주 일요일),,,,마취통증의학과,051-305-0061
"09:30 - 17:00
13:00 - 14:00 휴게시간","09:30 - 18:00
13:00 - 14:00 휴게시간",,"09:30 - 18:00
13:00 - 14:00 휴게시간","09:30 - 18:00
13:00 - 14:00 휴게시간",장태섭정신건강의학과의원,부산 사상구 광장로 77,,현충일 휴무,09:30 - 13:00,정기휴무 (매주 일요일),,,,정신건강의학과,051-313-0795
09:00 - 18:00,"09:00 - 18:00
접기",,09:00 - 18:00,09:00 - 18:00,모라3동 마을건강센터,부산 사상구 모라로110번길 99 2층,09:00 - 18:00,,정보없음,정보없음,,,,보건소,051-310-5291
,,,,,길내과정형외과의원 원무과,부산 사상구 사상로 517,,,,,,,,정형외과,051-302-2522
"09:00 - 17:00
12:30 - 14:00 휴게시간","09:00 - 17:00
12:30 - 14:00 휴게시간",,"09:00 - 17:00
12:30 - 14:00 휴게시간","09:00 - 17:00
12:30 - 14:00 휴게시간",패밀리치과의원,"부산 사상구 가야대로282번길 1 4층,패밀리치과",,현충일 휴무,09:00 - 12:00,정기휴무 (매주 일요일),,,,치과,051-322-2879
"09:00 - 17:00
12:30 - 13:30 휴게시간","09:00 - 17:00
12:30 - 13:30 휴게시간",,"09:00 - 17:00
12:30 - 13:30 휴게시간","09:00 - 17:00
12:30 - 13:30 휴게시간",의료법인주현의료재단사상중앙병원,부산 사상구 삼덕로5번길 85,,현충일 휴무,정기휴무 (매주 토요일),정기휴무 (매주 일요일),,,,정신건강의학과,051-305-7001
09:30 - 18:30,"09:30 - 18:30
접기",,09:30 - 18:30,09:30 - 18:30,금비뇨기과의원,부산 사상구 백양대로 880 우신아파트,,현충일09:30 - 12:30,09:30 - 13:00,정기휴무 (매주 일요일),,,,비뇨의학과,051-315-3106
09:00 - 18:00,09:00 - 18:00,,09:00 - 18:00,09:00 - 18:00,배가정의학과의원,부산 사상구 괘감로 115 광명당약국,,현충일 휴무,09:00 - 13:00,정기휴무 (매주 일요일),,,,가정의학과,051-323-2468
"09:30 - 18:30
12:30 - 14:00 휴게시간","09:30 - 18:30
12:30 - 14:00 휴게시간",,"09:30 - 18:30
12:30 - 14:00 휴게시간","09:30 - 18:30
12:30 - 14:00 휴게시간",김영문안과의원,부산 사상구 백양대로 884 우신모라아파트,,현충일 휴무,09:30 - 13:00,정기휴무 (매주 일요일),,,,안과,051-316-3049
09:00 - 17:00,"09:00 - 17:00
접기",,09:00 - 17:00,09:00 - 17:00,한국요양병원,부산 사상구 광장로 33,09:00 - 17:00,,정보없음,정보없음,,,,요양병원,051-328-8251
,,,,,권대식내과,부산 사상구 사상로 236,,,,,,,,내과,No phone number available
"08:30 - 18:00
12:30 - 14:00 휴게시간","08:30 - 18:00
12:30 - 14:00 휴게시간",,"08:30 - 18:00
12:30 - 14:00 휴게시간","08:30 - 18:00
12:30 - 14:00 휴게시간",경희새힘한의원,부산 사상구 사상로 272,,현충일 휴무,09:00 - 14:00,정기휴무 (매주 일요일),,,,한의원,051-714-2002
"09:30 - 17:30
12:30 - 14:00 휴게시간","09:30 - 17:30
12:30 - 14:00 휴게시간",,"09:30 - 17:30
12:30 - 14:00 휴게시간","09:30 - 17:30
12:30 - 14:00 휴게시간",덕성치과의원,"부산 사상구 대동로 137 , 3층",,현충일 휴무,09:00 - 12:00,정기휴무 (매주 일요일),,,,치과,051-324-2277
"09:30 - 18:30
12:30 - 14:00 휴게시간","09:30 - 18:30
12:30 - 14:00 휴게시간",,"09:30 - 18:30
12:30 - 14:00 휴게시간","09:30 - 18:30
12:30 - 14:00 휴게시간",강치과의원,부산 사상구 대동로 100-1 청운독서실,,현충일 휴무,09:30 - 14:00,정기휴무 (매주 일요일),,,,치과,051-326-0874
09:00 - 17:30,09:00 - 17:30,,09:00 - 17:30,09:00 - 17:30,박승원소아청소년과의원,부산 사상구 가야대로 290-8,,현충일 휴무,09:00 - 14:30,정기휴무 (매주 일요일),,,,소아청소년과,051-315-7516
09:30 - 20:30,"09:00 - 13:00
접기",,"09:30 - 18:30
13:00 - 14:00 휴게시간","09:30 - 18:30
13:00 - 14:00 휴게시간",김세일한의원,부산 사상구 낙동대로 768,,현충일09:00 - 13:00,09:00 - 13:00,정기휴무 (매주 일요일),,,,한의원,051-315-6969
"09:30 - 18:00
12:30 - 14:00 휴게시간","09:30 - 18:00
12:30 - 14:00 휴게시간",,"09:30 - 18:00
12:30 - 14:00 휴게시간","09:30 - 18:00
12:30 - 14:00 휴게시간",미래소아청소년과의원,부산 사상구 백양대로 372-15,,현충일 휴무,09:30 - 13:00,정기휴무 (매주 일요일),,,,소아청소년과,051-322-7582
09:00 - 18:00,09:00 - 18:00,,09:00 - 18:00,09:00 - 18:00,시티요양병원,부산 사상구 백양대로907번길 11,,현충일 휴무,09:00 - 17:00,정기휴무 (매주 일요일),,,,요양병원,051-317-0080
"09:30 - 18:00
12:30 - 14:00 휴게시간","09:30 - 18:00
12:30 - 14:00 휴게시간",,"09:30 - 18:00
12:30 - 14:00 휴게시간","09:30 - 18:00
12:30 - 14:00 휴게시간",푸른가정의학과의원,부산 사상구 운산로 31 푸른비만에스테틱,,현충일 휴무,09:30 - 12:30,정기휴무 (매주 일요일),,,,가정의학과,0507-1399-7704
"09:30 - 20:00
13:00 - 14:00 휴게시간
19:00 접수마감","09:30 - 14:00
13:00 접수마감",,"09:30 - 20:00
13:00 - 14:00 휴게시간
19:00 접수마감","09:30 - 20:00
13:00 - 14:00 휴게시간
19:00 접수마감",마이비한의원,부산 사상구 엄궁북로 26,,현충일 휴무,"09:30 - 14:00
13:00 접수마감",정기휴무 (매주 일요일),,,,한의원,051-311-5567
09:30 - 13:30,"09:30 - 18:00
13:00 - 14:00 휴게시간",,"09:30 - 18:00
13:00 - 14:00 휴게시간","09:30 - 18:00
13:00 - 14:00 휴게시간",다정부부치과의원,부산 사상구 가야대로 278,,현충일 휴무,09:00 - 13:30,정기휴무 (매주 일요일),,,,치과,051-317-2080
"09:00 - 18:20
12:40 - 14:00 휴게시간","09:00 - 18:20
12:40 - 14:00 휴게시간",,"09:00 - 18:20
12:40 - 14:00 휴게시간","09:00 - 18:20
12:40 - 14:00 휴게시간",조안영의원,부산 사상구 학감대로49번길 34 구학마을아파트상가 2층,,현충일 휴무,09:00 - 12:40,정기휴무 (매주 일요일),,,,가정의학과,051-323-1434
09:00 - 18:00,09:00 - 18:00,,09:00 - 18:00,09:00 - 18:00,전봉균내과의원,부산 사상구 대동로 100-1 2층 전봉균내과,,현충일 휴무,09:00 - 13:00,정기휴무 (매주 일요일),,,,내과,051-324-3882
"09:30 - 18:00
12:00 - 14:00 휴게시간","09:30 - 18:00
12:00 - 14:00 휴게시간",,"09:30 - 18:00
12:00 - 14:00 휴게시간","09:30 - 18:00
12:00 - 14:00 휴게시간",박성진치과의원,부산 사상구 백양대로 921,,현충일 휴무,09:30 - 12:00,정기휴무 (매주 일요일),,,,치과,051-327-2804
"09:00 - 18:30
13:00 - 14:00 휴게시간","09:00 - 18:30
13:00 - 14:00 휴게시간",,"09:00 - 18:30
13:00 - 14:00 휴게시간","09:00 - 18:30
13:00 - 14:00 휴게시간",효성정형외과의원,부산 사상구 백양대로 945,,현충일 휴무,09:00 - 13:00,정기휴무 (매주 일요일),,,,정형외과,051-323-0066
"09:30 - 17:30
17:15 접수마감","09:30 - 17:30
17:15 접수마감",,"09:30 - 17:30
17:15 접수마감","09:30 - 17:30
17:15 접수마감",정승진내과의원,부산 사상구 새벽로 167,,현충일 휴무,정기휴무 (매주 토요일),정기휴무 (매주 일요일),,,,내과,051-311-7575
"09:30 - 18:30
13:00 - 14:00 휴게시간","09:30 - 20:00
13:00 - 14:00 휴게시간",,"09:30 - 18:30
13:00 - 14:00 휴게시간","09:30 - 18:30
13:00 - 14:00 휴게시간",태웅한의원,부산 사상구 백양대로342번길 22 LG신주례아파트 상가 2층,,현충일 휴무,09:30 - 14:00,정기휴무 (매주 일요일),,,,한의원,051-311-3225
09:00 - 18:00,"09:00 - 18:00
접기",,09:00 - 18:00,09:00 - 18:00,의료법인현백의료재단 사상제일요양병원,부산 사상구 사상로 280 사상제일요양병원,09:00 - 18:00,,정보없음,정보없음,,,,요양병원,051-301-0011
09:00 - 17:30,09:00 - 17:30,,09:00 - 17:30,09:00 - 17:30,의료법인지석의료재단효성프라임요양병원,부산 사상구 백양대로 764,,현충일 휴무,정기휴무 (매주 토요일),정기휴무 (매주 일요일),,,,요양병원,051-304-1002
"09:00 - 17:30
12:30 - 14:00 휴게시간","09:00 - 17:30
12:30 - 14:00 휴게시간",,"09:00 - 17:30
12:30 - 14:00 휴게시간","09:00 - 17:30
12:30 - 14:00 휴게시간",이승재의원,부산 사상구 모라로110번길 85 모라영구임대아파트,,현충일 휴무,09:00 - 12:30,정기휴무 (매주 일요일),,,,외과,051-305-7582
"09:00 - 18:00
13:00 - 14:00 휴게시간
17:30 접수마감","09:00 - 18:00
13:00 - 14:00 휴게시간
17:30 접수마감",,"09:00 - 18:00
13:00 - 14:00 휴게시간
17:30 접수마감","09:00 - 18:00
13:00 - 14:00 휴게시간
17:30 접수마감",해밀한의원,부산 사상구 모라로 22 부산벤처타워 지하 1층,,현충일 휴무,"09:00 - 13:00
12:30 접수마감",정기휴무 (매주 일요일),,,,한의원,051-609-9511
10:00 - 20:30,10:00 - 18:30,,10:00 - 18:30,10:00 - 18:30,에이스부부치과의원,부산 사상구 사상로 218,,현충일 휴무,10:00 - 13:00,정기휴무 (매주 일요일),,,,치과,051-315-1500
"09:00 - 18:00
12:30 - 14:00 휴게시간","09:00 - 18:00
12:30 - 14:00 휴게시간",,"09:00 - 18:00
12:30 - 14:00 휴게시간","09:00 - 18:00
12:30 - 14:00 휴게시간",현당한의원,부산 사상구 사상로 241,,현충일 휴무,09:00 - 13:00,정기휴무 (매주 일요일),,,,한의원,051-326-6888
09:00 - 18:00,"09:00 - 18:00
접기",,09:00 - 18:00,09:00 - 18:00,의료법인 서원의료재단 감로수요양병원,부산 사상구 덕상로 116-38,09:00 - 18:00,,정보없음,정보없음,,,,요양병원,051-315-0030
09:30 - 18:00,"09:30 - 18:00
접기",,09:30 - 18:00,09:30 - 18:00,강훈산부인과의원,부산 사상구 사상로 288-1,,현충일09:30 - 13:00,09:30 - 13:00,정기휴무 (매주 일요일),,,,산부인과,051-303-2015
09:00 - 18:00,09:00 - 18:00,,09:00 - 18:00,09:00 - 18:00,늘행복요양병원,부산 사상구 엄궁북로 32,,현충일 휴무,09:00 - 13:00,정기휴무 (매주 일요일),,,,요양병원,051-328-8275
"09:30 - 19:00
13:00 - 14:30 휴게시간","09:30 - 19:00
13:00 - 14:30 휴게시간",,"09:30 - 19:00
13:00 - 14:30 휴게시간","09:30 - 19:00
13:00 - 14:30 휴게시간",이상주치과의원,부산 사상구 엄궁북로 19,,현충일 휴무,09:30 - 13:00,정기휴무 (매주 일요일),,,,치과,051-323-3118
"09:30 - 20:00
13:00 - 14:00 휴게시간
19:00 접수마감","09:30 - 18:00
13:00 - 14:00 휴게시간
17:00 접수마감",,"09:30 - 18:00
13:00 - 14:00 휴게시간
17:00 접수마감","09:30 - 20:00
13:00 - 14:00 휴게시간
19:00 접수마감",맑은미소치과의원,부산 사상구 백양대로 945 2층,,현충일 휴무,"09:30 - 13:00
12:00 접수마감",정기휴무 (매주 일요일),,,,치과,051-316-2879
"09:00 - 18:00
11:30 - 13:00 휴게시간
17:30 접수마감","09:00 - 18:00
11:30 - 13:00 휴게시간
17:30 접수마감",,"09:00 - 18:00
11:30 - 13:00 휴게시간
17:30 접수마감","09:00 - 18:00
11:30 - 13:00 휴게시간
17:30 접수마감",동서스포츠클리닉센터,부산 사상구 주례로 47 산학협력관 3층,,현충일 휴무,정기휴무 (매주 토요일),정기휴무 (매주 일요일),,,,재활의학과,0507-1366-2684
09:00 - 18:00,"09:00 - 18:00
접기",,09:00 - 18:00,09:00 - 18:00,모라1동 마을건강센터,부산 사상구 사상로 483 모라1동 마을건강센터,09:00 - 18:00,,정보없음,정보없음,,,,보건소,051-310-5248
,,,,,보훈공단 부산보훈병원 응급실,부산 사상구 백양대로 420,,,,,,,,병원부속시설,051-601-6180
"09:00 - 19:00
13:00 - 14:00 휴게시간
18:40 접수마감","09:00 - 19:00
13:00 - 14:00 휴게시간
18:40 접수마감
접기",,"09:00 - 19:00
13:00 - 14:00 휴게시간
18:40 접수마감","09:00 - 19:00
13:00 - 14:00 휴게시간
18:40 접수마감",신모라대추나무한의원,부산 사상구 백양대로 888 2층,,현충일09:00 - 13:00,"09:00 - 13:00
12:40 접수마감",정기휴무 (매주 일요일),,,,한의원,051-314-8275
09:30 - 18:00,09:30 - 18:00,,09:30 - 18:00,09:30 - 18:00,김덕근내과의원,부산 사상구 사상로 271,,현충일 휴무,09:30 - 14:00,정기휴무 (매주 일요일),,,,내과,051-305-0550
"09:30 - 18:30
12:30 - 14:30 휴게시간","09:30 - 18:30
12:30 - 14:30 휴게시간
접기",,"09:30 - 18:30
12:30 - 14:30 휴게시간","09:30 - 18:30
12:30 - 14:30 휴게시간",이명학치과의원,부산 사상구 백양대로 884 우신모라아파트,"09:30 - 18:30
12:30 - 14:30 휴게시간",,09:30 - 12:30,정보없음,,,,치과,051-314-2275
"09:00 - 18:00
12:00 - 14:00 휴게시간","09:00 - 18:00
12:00 - 14:00 휴게시간
접기",,"09:00 - 18:00
12:00 - 14:00 휴게시간","09:00 - 18:00
12:00 - 14:00 휴게시간",광명한의원,부산 사상구 모라로110번길 25 사상중앙한의원,,현충일09:00 - 12:00,09:00 - 12:00,정기휴무 (매주 일요일),,,,한의원,051-313-1075
09:30 - 20:30,09:30 - 17:30,,09:30 - 17:30,09:30 - 20:30,조은치과의원,부산 사상구 광장로 77,,현충일 휴무,정기휴무 (매주 토요일),정기휴무 (매주 일요일),,,,치과,051-313-2877
"09:30 - 18:30
13:00 - 14:00 휴게시간","09:30 - 18:30
13:00 - 14:00 휴게시간",,"09:30 - 18:30
13:00 - 14:00 휴게시간","09:30 - 18:30
13:00 - 14:00 휴게시간",부광한의원,부산 사상구 백양대로 949-6 세발유통,,현충일 휴무,09:30 - 13:30,정기휴무 (매주 일요일),,,,한의원,051-314-1075
"10:00 - 18:00
13:00 - 14:00 휴게시간","10:00 - 18:00
13:00 - 14:00 휴게시간",,"10:00 - 18:00
13:00 - 14:00 휴게시간","10:00 - 18:00
13:00 - 14:00 휴게시간",김정숙치과의원,부산 사상구 사상로 226 김정숙치과2층,,현충일 휴무,10:00 - 13:00,정기휴무 (매주 일요일),,,,치과,051-326-9858
"09:30 - 19:00
13:00 - 14:00 휴게시간","09:30 - 13:00
접기",,"09:30 - 19:00
13:00 - 14:00 휴게시간","09:30 - 19:00
13:00 - 14:00 휴게시간",제일한의원,부산 사상구 가야대로 282,,현충일09:30 - 13:00,09:30 - 13:00,정기휴무 (매주 일요일),,,,한의원,051-311-7577
"10:30 - 17:30
13:00 - 14:20 휴게시간","10:30 - 17:30
13:00 - 14:20 휴게시간
접기",,"10:30 - 17:30
13:00 - 14:20 휴게시간","10:30 - 17:30
13:00 - 14:20 휴게시간",신주례부부치과,부산 사상구 백양대로342번길 21 엘지신주례아파트 상가,"10:30 - 17:30
13:00 - 14:20 휴게시간",,10:30 - 13:00,정보없음,,,,치과,051-324-5877
"09:20 - 19:00
13:00 - 14:00 휴게시간","09:20 - 19:00
13:00 - 14:00 휴게시간
접기",,"09:20 - 19:00
13:00 - 14:00 휴게시간","09:20 - 19:00
13:00 - 14:00 휴게시간",자연한의원,부산 사상구 새벽로 166 4층,,현충일09:30 - 13:00,09:30 - 13:00,정기휴무 (매주 일요일),,,,한의원,051-315-1075
,,,,,화인정형외과,부산 사상구 낙동대로 790 서울약국,,,,,,,,정형외과,051-323-8200
"09:30 - 18:30
12:30 - 14:00 휴게시간","09:30 - 18:30
12:30 - 14:00 휴게시간",,"09:30 - 18:30
12:30 - 14:00 휴게시간","09:30 - 18:30
12:30 - 14:00 휴게시간",하나부부치과의원,부산 사상구 가야대로 272,,현충일 휴무,09:30 - 13:00,정기휴무 (매주 일요일),,,,치과,051-312-8275
"10:30 - 19:00
13:30 - 14:30 휴게시간","10:30 - 19:00
13:30 - 14:30 휴게시간",,"10:30 - 19:00
13:30 - 14:30 휴게시간","10:30 - 19:00
13:30 - 14:30 휴게시간",우성한의원,부산 사상구 광장로 22,,현충일 휴무,정기휴무 (매주 토요일),정기휴무 (매주 일요일),,,,한의원,051-717-3115
,,,,,부산보훈병원신체검사장,부산 사상구 백양대로 420,,,,,,,,병원부속시설,No phone number available
"09:00 - 18:30
12:30 - 14:00 휴게시간","09:00 - 18:30
12:30 - 14:00 휴게시간",,"09:00 - 18:30
12:30 - 14:00 휴게시간","09:00 - 18:30
12:30 - 14:00 휴게시간",송제한의원,부산 사상구 낙동대로 751 동일타워 3층,,현충일 휴무,09:00 - 13:00,정기휴무 (매주 일요일),,,,한의원,051-322-1075
"09:30 - 17:00
12:30 - 13:30 휴게시간","09:30 - 17:00
12:30 - 13:30 휴게시간",,"09:30 - 17:00
12:30 - 13:30 휴게시간","09:30 - 17:00
12:30 - 13:30 휴게시간",주례자연병원,부산 사상구 학장로 325,,현충일 휴무,정기휴무 (매주 토요일),정기휴무 (매주 일요일),,,,정신건강의학과,051-324-1004
"10:00 - 18:30
13:00 - 14:30 휴게시간","10:00 - 18:30
13:00 - 14:30 휴게시간",,"10:00 - 18:30
13:00 - 14:30 휴게시간","10:00 - 18:30
13:00 - 14:30 휴게시간",이그린치과의원,부산 사상구 새벽로 166 종합의료센터,,현충일 휴무,10:00 - 13:00,정기휴무 (매주 일요일),,,,치과,0507-1487-2886
,,,,,몸편한한의원,부산 사상구 백양대로 893 궁전빌딩,,,,,,,,한의원,051-315-2333
"09:00 - 18:30
13:00 - 14:00 휴게시간","09:00 - 18:30
13:00 - 14:00 휴게시간",,"09:00 - 18:30
13:00 - 14:00 휴게시간","09:00 - 18:30
13:00 - 14:00 휴게시간",부영한의원,부산 사상구 낙동대로1210번길 96,,현충일 휴무,09:00 - 13:00,정기휴무 (매주 일요일),,,,한의원,051-317-7536
,,,,,부산광역시노인건강센터,부산 사상구 학감대로39번길 129,,,,,,,,노인전문병원,No phone number available
"09:30 - 19:00
13:00 - 14:00 휴게시간","09:30 - 19:00
13:00 - 14:00 휴게시간",,"09:30 - 19:00
13:00 - 14:00 휴게시간","09:30 - 19:00
13:00 - 14:00 휴게시간",이성록한의원,부산 사상구 대동로 107 명정빌딩 3층 이성록한의원,,현충일 휴무,09:30 - 14:00,정기휴무 (매주 일요일),,,,한의원,0507-1399-8575
09:00 - 18:30,"09:00 - 18:30
접기",,09:00 - 18:30,09:00 - 18:30,인화마취통증의학과의원,부산 사상구 엄궁로 91 인화소아과,09:00 - 18:30,,09:00 - 13:00,정보없음,,,,마취통증의학과,051-315-2730
,,,,,사상중앙요양병원,부산 사상구 삼덕로5번길 85 사상중앙병원,,,,,,,,요양병원,No phone number available
"09:30 - 17:30
12:00 - 14:00 휴게시간","09:30 - 15:00
12:00 - 14:00 휴게시간",,"09:30 - 17:30
12:00 - 14:00 휴게시간","09:30 - 17:30
12:00 - 14:00 휴게시간",고려한의원,부산 사상구 사상로 297 황금당,,현충일 휴무,09:30 - 13:00,정기휴무 (매주 일요일),,,,한의원,051-301-0384
"09:30 - 18:00
12:30 - 14:00 휴게시간",09:30 - 13:00,,"09:30 - 18:00
12:30 - 14:00 휴게시간","09:30 - 18:00
12:30 - 14:00 휴게시간",바른강치과의원,부산 사상구 사상로 325 부산정형외과 2층,,현충일 휴무,09:30 - 13:00,정기휴무 (매주 일요일),,,,치과,051-305-0114
,,,,,길정형외과,부산 사상구 사상로 517,,,,,,,,정형외과,No phone number available
"09:30 - 18:00
13:00 - 14:00 휴게시간","09:30 - 18:00
13:00 - 14:00 휴게시간",,"09:30 - 18:00
13:00 - 14:00 휴게시간","09:30 - 18:00
13:00 - 14:00 휴게시간",김황세외과의원,부산 사상구 괘감로 100-1 가나소주방,,현충일 휴무,09:30 - 13:00,정기휴무 (매주 일요일),,,,외과,051-325-2233
"08:30 - 17:30
13:00 - 14:00 휴게시간","08:30 - 17:30
13:00 - 14:00 휴게시간
접기",,"08:30 - 17:30
13:00 - 14:00 휴게시간","08:30 - 17:30
13:00 - 14:00 휴게시간",황성윤한의원,부산 사상구 학감대로 124,,현충일08:30 - 13:00,08:30 - 13:00,정기휴무 (매주 일요일),,,,한의원,051-313-9743
09:00 - 18:00,09:00 - 18:00,,09:00 - 18:00,09:00 - 18:00,박애의원,부산 사상구 사상로 289 박애가정의원,,현충일 휴무,09:00 - 13:00,정기휴무 (매주 일요일),,,,내과,051-302-4433
09:30 - 19:00,14:00 - 20:00,,09:30 - 19:00,09:30 - 19:00,참조은한의원,부산 사상구 사상로 243-1 2층 참조은한의원,,현충일09:30 - 13:00,09:30 - 13:00,정기휴무 (매주 일요일),,,,한의원,051-325-1199
,,,,,의료법인길정의료재단 길정병원,부산 사상구 학감대로39번길 120 길정병원,,,,,,,,"병원,의원",051-320-6451
"09:30 - 19:30
13:00 - 14:00 휴게시간
19:00 접수마감",정기휴무 (매주 목요일),,"09:30 - 19:30
13:00 - 14:00 휴게시간
19:00 접수마감","09:30 - 19:30
13:00 - 14:00 휴게시간
19:00 접수마감",용한의원,부산 사상구 사상로 299 2층 용 한의원,,현충일 휴무,"09:30 - 13:00
12:30 접수마감",정기휴무 (매주 일요일),,,,한의원,051-303-8275
"09:30 - 18:00
12:30 - 14:00 휴게시간","09:30 - 18:00
12:30 - 14:00 휴게시간",,"09:30 - 18:00
12:30 - 14:00 휴게시간","09:30 - 18:00
12:30 - 14:00 휴게시간",최가정의원,부산 사상구 모라로192번길 24 모라3단지 가동 종합상가,,현충일 휴무,09:30 - 13:00,정기휴무 (매주 일요일),,,,"병원,의원",051-301-5575
"10:00 - 15:00
12:40 - 14:00 휴게시간","10:00 - 18:00
12:40 - 14:00 휴게시간",,"10:00 - 18:00
12:40 - 14:00 휴게시간","10:00 - 18:00
12:40 - 14:00 휴게시간",학장치과의원,부산 사상구 학감대로 132,,현충일 휴무,10:00 - 13:00,정기휴무 (매주 일요일),,,,치과,051-314-2730
09:30 - 13:30,"09:30 - 18:30
13:00 - 14:30 휴게시간",,"09:30 - 18:30
13:00 - 14:30 휴게시간","09:30 - 18:30
13:00 - 14:30 휴게시간",주례치과의원,부산 사상구 가야대로 278-1,,현충일 휴무,09:30 - 13:30,정기휴무 (매주 일요일),,,,치과,051-327-9799
"09:00 - 18:30
12:30 - 14:00 휴게시간","09:00 - 18:30
12:30 - 14:00 휴게시간",,"09:00 - 18:30
12:30 - 14:00 휴게시간","09:00 - 18:30
12:30 - 14:00 휴게시간",송원당한의원,부산 사상구 사상로250번길 14,,현충일 휴무,09:00 - 14:00,정기휴무 (매주 일요일),,,,한의원,051-311-2475
09:00 - 13:00,"09:00 - 18:30
13:00 - 14:00 휴게시간",,"09:00 - 18:30
13:00 - 14:00 휴게시간","09:00 - 18:30
13:00 - 14:00 휴게시간",김영길한의원,부산 사상구 삼덕로46번길 103,,현충일 휴무,09:00 - 13:00,정보없음,,,,한의원,051-309-0505
09:00 - 19:00,09:00 - 19:00,,09:00 - 19:00,09:00 - 19:00,아동의원,부산 사상구 학감대로49번길 34 구학마을아파트상가 1층,,현충일 휴무,09:00 - 14:00,정기휴무 (매주 일요일),,,,"병원,의원",051-323-2236
"10:00 - 18:30
12:30 - 14:00 휴게시간","10:00 - 18:30
12:30 - 14:00 휴게시간",,"10:00 - 18:30
12:30 - 14:00 휴게시간","10:00 - 18:30
12:30 - 14:00 휴게시간",하얀이치과의원,부산 사상구 사상로 478 모라약국,,현충일 휴무,10:00 - 13:00,정기휴무 (매주 일요일),,,,치과,051-305-9667
"09:30 - 18:00
12:30 - 14:00 휴게시간","09:30 - 18:00
12:30 - 14:00 휴게시간",,"09:30 - 18:00
12:30 - 14:00 휴게시간","09:30 - 18:00
12:30 - 14:00 휴게시간",박용수치과의원,부산 사상구 백양대로 887,,현충일 휴무,정기휴무 (매주 토요일),정기휴무 (매주 일요일),,,,치과,051-327-3036
,,,,,한국병원,부산 사상구 광장로 33,,,,,,,,"병원,의원",No phone number available
"09:30 - 18:00
12:30 - 14:00 휴게시간","09:30 - 18:00
12:30 - 14:00 휴게시간",,"09:30 - 18:00
12:30 - 14:00 휴게시간","09:30 - 18:00
12:30 - 14:00 휴게시간",조세규치과의원,부산 사상구 새벽로 167,,현충일 휴무,정기휴무 (매주 토요일),정기휴무 (매주 일요일),,,,치과,051-326-2882
"09:30 - 18:00
12:30 - 14:00 휴게시간","09:30 - 18:00
12:30 - 14:00 휴게시간",,"10:00 - 20:30
12:30 - 14:00 휴게시간","09:30 - 18:00
12:30 - 14:00 휴게시간",김상근치과의원,부산 사상구 백양대로 888 김상근치과,,현충일 휴무,정기휴무 (매주 토요일),정기휴무 (매주 일요일),,,,치과,051-862-9911
"09:30 - 18:00
13:00 - 14:00 휴게시간","09:30 - 18:00
13:00 - 14:00 휴게시간",,"09:30 - 18:00
13:00 - 14:00 휴게시간","09:30 - 18:00
13:00 - 14:00 휴게시간",김대영치과의원,부산 사상구 대동로 91,,현충일 휴무,09:30 - 13:00,정기휴무 (매주 일요일),,,,치과,051-324-5355
"09:30 - 18:30
12:30 - 14:00 휴게시간","09:30 - 21:00
12:30 - 14:00 휴게시간
18:00 - 18:30 휴게시간",,"09:30 - 18:30
12:30 - 14:00 휴게시간","09:30 - 18:30
12:30 - 14:00 휴게시간",유플러스치과의원,부산 사상구 가야대로 256 한빛빌딩 5층,,현충일 휴무,정보없음,정기휴무 (매주 일요일),,,,치과,051-208-7928
,,,,,조윤일치과의원,부산 사상구 엄궁북로 21,,,,,,,,치과,051-322-2804
,,,,,미래치과의원,부산 사상구 사상로 295,,,,,,,,치과,051-305-2875
"09:30 - 18:00
13:00 - 14:00 휴게시간","09:30 - 18:00
13:00 - 14:00 휴게시간",,"09:30 - 18:00
13:00 - 14:00 휴게시간","09:30 - 18:00
13:00 - 14:00 휴게시간",엄궁한의원,부산 사상구 엄궁북로 23,,현충일 휴무,09:30 - 13:00,정기휴무 (매주 일요일),,,,한의원,051-313-1354
09:00 - 19:00,09:00 - 19:00,,09:00 - 19:00,09:00 - 19:00,드림한의원,부산 사상구 사상로 289-4 정할인마트,,현충일 휴무,09:00 - 15:00,정기휴무 (매주 일요일),,,,한의원,051-305-1075
,,,,,한국건강관리협회 건강증진의원,부산 사상구 학감대로 230 3층,,,,,,,,치과,051-601-9700
,,,,,부산보훈병원재활센터,부산 사상구 백양대로 420 보훈병원,,,,,,,,병원부속시설,No phone number available
"09:30 - 17:00
12:30 - 14:00 휴게시간","09:30 - 17:00
12:30 - 14:00 휴게시간",,"09:30 - 17:00
12:30 - 14:00 휴게시간","09:30 - 17:00
12:30 - 14:00 휴게시간",모라에덴치과의원,부산 사상구 모라로110번길 121,,현충일 휴무,09:30 - 12:30,정기휴무 (매주 일요일),,,,치과,051-304-2828
"09:30 - 18:00
12:00 - 12:30 휴게시간","09:30 - 18:00
12:00 - 12:30 휴게시간",,"09:30 - 18:00
12:00 - 12:30 휴게시간","09:30 - 18:00
12:00 - 12:30 휴게시간",스마일치과의원,부산 사상구 낙동대로 782,,현충일 휴무,정기휴무 (매주 토요일),정기휴무 (매주 일요일),,,,치과,051-313-3689
"09:30 - 18:00
12:30 - 14:00 휴게시간
17:30 접수마감","09:30 - 18:00
12:30 - 14:00 휴게시간
17:30 접수마감",,"09:30 - 18:00
12:30 - 14:00 휴게시간
17:30 접수마감","09:30 - 18:00
12:30 - 14:00 휴게시간
17:30 접수마감",은행나무한의원,부산 사상구 엄궁로203번길 40 송학빌딩,,현충일 휴무,"09:30 - 13:00
12:30 접수마감",정기휴무 (매주 일요일),,,,한의원,051-325-1075
"09:00 - 17:30
12:00 - 13:00 휴게시간","09:00 - 17:30
12:00 - 13:00 휴게시간
접기",,"09:00 - 17:30
12:00 - 13:00 휴게시간","09:00 - 17:30
12:00 - 13:00 휴게시간",사상구보건소 선별진료소,부산 사상구 학감대로 242,,현충일09:00 - 13:00,09:00 - 13:00,09:00 - 13:00,,,,선별진료소,051-310-4791
09:00 - 18:30,09:00 - 18:30,,09:00 - 18:30,09:00 - 18:30,인덕의원,부산 사상구 덕상로 22,,현충일 휴무,09:00 - 14:00,정기휴무 (매주 일요일),,,,"병원,의원",051-305-0355
,,,,,노송의료재단,부산 사상구 백양대로907번길 11,,,,,,,,요양병원,051-317-0081
"10:00 - 18:30
13:00 - 14:30 휴게시간",정기휴무 (매주 목요일),,"10:00 - 18:30
13:00 - 14:30 휴게시간","10:00 - 18:30
13:00 - 14:30 휴게시간",부산유펜치과의원,부산 사상구 대동로 94 학장반도보라타운,,현충일 휴무,10:00 - 13:00,정기휴무 (매주 일요일),,,,치과,051-322-2333
"09:30 - 18:30
12:30 - 14:00 휴게시간","09:30 - 18:30
12:30 - 14:00 휴게시간
접기",,"09:30 - 18:30
12:30 - 14:00 휴게시간","09:30 - 18:30
12:30 - 14:00 휴게시간",경희배한의원,부산 사상구 백양대로 884,,현충일09:30 - 12:30,09:30 - 12:30,09:30 - 12:30,,,,한의원,051-312-0022
"09:00 - 18:00
12:30 - 13:30 휴게시간","09:00 - 18:00
12:30 - 13:30 휴게시간",,"09:00 - 18:00
12:30 - 13:30 휴게시간","09:00 - 18:00
12:30 - 13:30 휴게시간",사상치과의원,부산 사상구 사상로 215 사상치과,,현충일09:00 - 14:00,09:00 - 14:00,정기휴무 (매주 일요일),,,,치과,051-315-2243
"10:00 - 18:30
13:00 - 14:00 휴게시간","10:00 - 18:30
13:00 - 14:00 휴게시간",,"10:00 - 18:30
13:00 - 14:00 휴게시간","10:00 - 18:30
13:00 - 14:00 휴게시간",월드치과의원,부산 사상구 학감대로 116 월드빌딩,,현충일 휴무,10:00 - 13:00,정기휴무 (매주 일요일),,,,치과,051-315-2355
09:00 - 18:00,"09:00 - 18:00
접기",,09:00 - 18:00,09:00 - 18:00,북부의원,부산 사상구 사상로367번길 35,09:00 - 18:00,,09:00 - 13:00,정보없음,,,,"병원,의원",051-303-2250
"09:00 - 19:00
12:30 - 14:00 휴게시간","09:00 - 20:00
12:30 - 14:00 휴게시간",,"09:00 - 19:00
12:30 - 14:00 휴게시간","09:00 - 20:00
12:30 - 14:00 휴게시간",화목한의원,부산 사상구 백양대로 905 세브란스소아과의원,,현충일 휴무,09:00 - 14:00,정기휴무 (매주 일요일),,,,한의원,051-311-3135
,,,,,편한의원,부산 사상구 덕상로 7,,,,,,,,가정의학과,No phone number available
"09:00 - 17:00
12:30 - 13:30 휴게시간","09:00 - 17:00
12:30 - 13:30 휴게시간
접기",,"09:00 - 17:00
12:30 - 13:30 휴게시간","09:00 - 18:00
12:30 - 13:30 휴게시간",좋은삼선병원 스포츠운동치료센터,부산 사상구 가야대로 326,"09:00 - 17:00
12:30 - 13:30 휴게시간",,09:00 - 13:00,정보없음,,,,병원부속시설,051-310-9535
,,,,,이재화치과의원,부산 사상구 대동로 94,,,,,,,,치과,No phone number available
,,,,,동인요양병원 원무과,부산 사상구 엄궁동 569-1,,,,,,,,요양병원,051-329-9008
09:30 - 12:00,09:30 - 17:30,,정기휴무 (매주 금요일),09:30 - 17:30,부영치과의원,부산 사상구 학감대로123번길 76 부영병원,,현충일 휴무,09:30 - 12:00,정기휴무 (매주 일요일),,,,치과,051-320-6875
"10:00 - 18:00
12:00 - 13:30 휴게시간","10:00 - 18:00
12:00 - 13:30 휴게시간",,"10:00 - 18:00
12:00 - 13:30 휴게시간","10:00 - 18:00
12:00 - 13:30 휴게시간",무림한의원,부산 사상구 학감대로 105 명진빌딩,"10:00 - 18:00
12:00 - 13:30 휴게시간",,정보없음,정보없음,,,,한의원,051-313-7575
"10:00 - 18:00
13:00 - 14:30 휴게시간","10:00 - 18:00
13:00 - 14:30 휴게시간",,"10:00 - 18:00
13:00 - 14:30 휴게시간","10:00 - 18:00
13:00 - 14:30 휴게시간",박찬석치과의원,부산 사상구 엄궁북로 2,,현충일 휴무,10:00 - 12:30,정기휴무 (매주 일요일),,,,치과,051-323-6596
,,,,,용운선원요양병원,부산 사상구 덕상로 116-38,,,,,,,,요양병원,No phone number available
,,,,,새한빛병원,부산 사상구 가야대로 256,,,,,,,,"병원,의원",No phone number available
,,,,,좋은부산요양병원별관,부산 사상구 학감대로39번길 67 좋은부산요양병원,,,,,,,,병원부속시설,No phone number available
,,,,,부산보훈병원재활체육관,부산 사상구 백양대로 420,,,,,,,,병원부속시설,No phone number available
,,,,,연세시병원,부산 사상구 사상로 174,,,,,,,,"병원,의원",No phone number available
,,,,,현백요양병원,부산 사상구 사상로 280,,,,,,,,요양병원,No phone number available
,,,,,엄궁유일병원,부산 사상구 낙동대로 792,,,,,,,,"병원,의원",No phone number available
08:30 - 17:30,08:30 - 17:30,,08:30 - 17:30,08:30 - 17:30,부산보훈병원 선별진료소,부산 사상구 백양대로 420,,현충일 휴무,정기휴무 (매주 토요일),정기휴무 (매주 일요일),,,,선별진료소,051-601-6000
10:30 - 18:00,10:30 - 18:00,,정기휴무 (매주 금요일),10:30 - 18:00,정선한의원,부산 사상구 모라로110번길 85 모라영구임대아파트,,현충일 휴무,정기휴무 (매주 토요일),정기휴무 (매주 일요일),,,,한의원,051-304-3819
,,,,,부산보훈병원동관동,부산 사상구 백양대로 420,,,,,,,,병원부속시설,No phone number available
,,,,,다남한의원,부산 사상구 사상로 289-4,,,,,,,,한의원,051-305-1074
,,,,,부산보훈병원별관동,부산 사상구 백양대로 420,,,,,,,,병원부속시설,No phone number available
09:00 - 16:00,09:00 - 16:00,,09:00 - 16:00,09:00 - 16:00,좋은삼선병원 선별진료소,부산 사상구 가야대로 326,,현충일 휴무,09:00 - 12:00,정기휴무 (매주 일요일),,,,선별진료소,051-310-9205
"09:30 - 18:30
12:30 - 14:00 휴게시간","09:30 - 18:30
12:30 - 14:00 휴게시간",,"09:30 - 18:30
12:30 - 14:00 휴게시간","09:30 - 18:30
12:30 - 14:00 휴게시간",모라중앙치과의원,부산 사상구 백양대로 884 우신모라아파트,,현충일 휴무,09:30 - 12:30,정기휴무 (매주 일요일),,,,치과,No phone number available
,,,,,부산보훈병원본관동,부산 사상구 백양대로 420,,,,,,,,병원부속시설,No phone number available
,,,,,좋은삼선병원 인공신장센터,부산 사상구 가야대로 326 좋은삼선병원,,,,,,,,병원부속시설,No phone number available
"09:00 - 17:00
13:00 - 14:00 휴게시간","09:00 - 17:00
13:00 - 14:00 휴게시간",,"09:00 - 17:00
13:00 - 14:00 휴게시간","09:00 - 18:00
13:00 - 14:00 휴게시간",미래여성병원,부산 부산진구 가야대로 459 미래여성병원,"09:00 - 17:00
13:00 - 14:00 휴게시간",,09:05 - 13:00,10:00 - 13:00,,,,산부인과,051-890-9999
"08:30 - 17:30
12:30 - 13:30 휴게시간","08:30 - 17:30
12:30 - 13:30 휴게시간",,08:30 - 12:30,"08:30 - 17:30
12:30 - 13:30 휴게시간",삼육부산병원,부산 서구 대티로 170,,현충일 휴무,정기휴무 (매주 토요일),"08:30 - 17:30
12:30 - 13:30 휴게시간",,,,종합병원,1566-3675
"09:00 - 18:30
13:00 - 14:00 휴게시간","09:00 - 18:30
13:00 - 14:00 휴게시간",,"09:00 - 18:30
13:00 - 14:00 휴게시간","09:00 - 18:30
13:00 - 14:00 휴게시간",열린이비인후과의원,부산 북구 백양대로 1202 4층 열린이비인후과,,현충일 휴무,09:00 - 13:00,정기휴무 (매주 일요일),,,,이비인후과,051-334-8899
,,,,,미래로병원,부산 북구 금곡대로 15,,,,,,,,산부인과,051-330-5000
"08:30 - 18:00
13:00 - 14:00 휴게시간","08:30 - 18:00
13:00 - 14:00 휴게시간",,"08:30 - 18:00
13:00 - 14:00 휴게시간","08:30 - 18:00
13:00 - 14:00 휴게시간",선내과의원,부산 부산진구 냉정로 215,,현충일 휴무,08:30 - 12:00,정기휴무 (매주 일요일),,,,내과,051-898-2233
"09:00 - 20:00
12:30 - 14:00 휴게시간
17:30 - 18:00 휴게시간","09:00 - 20:00
12:30 - 14:00 휴게시간
17:30 - 18:00 휴게시간
접기",,"09:00 - 20:00
12:30 - 14:00 휴게시간
17:30 - 18:00 휴게시간","09:00 - 20:00
12:30 - 14:00 휴게시간
17:30 - 18:00 휴게시간",미래연합소아청소년과의원,"부산 부산진구 가야대로 460 2,6,7,8층",,현충일09:00 - 13:00,09:00 - 13:00,09:00 - 13:00,,,,소아청소년과,051-890-7520
,,,,,큐병원,부산 사하구 낙동남로 1401,,,,,,,,"병원,의원",051-207-4343
"09:30 - 19:00
13:00 - 14:00 휴게시간","09:30 - 19:00
13:00 - 14:00 휴게시간",,"09:30 - 19:00
13:00 - 14:00 휴게시간","09:30 - 19:00
13:00 - 14:00 휴게시간",올리브피부과의원,부산 북구 만덕대로27번길 3 세빈빌딩 6층,,현충일 휴무,09:30 - 14:30,정기휴무 (매주 일요일),,,,피부과,0507-1406-3344
"10:00 - 19:30
13:00 - 14:00 휴게시간","10:00 - 19:30
13:00 - 14:00 휴게시간",,"10:00 - 19:30
13:00 - 14:00 휴게시간","10:00 - 19:30
13:00 - 14:00 휴게시간",피브엔의원,부산 부산진구 가야대로 494 대도빌딩 5층,,현충일 휴무,09:00 - 15:00,정기휴무 (매주 일요일),,,,피부과,051-892-0005
"08:00 - 17:00
12:00 - 13:30 휴게시간","08:00 - 17:00
12:00 - 13:30 휴게시간",,"08:00 - 17:00
12:00 - 13:30 휴게시간","08:00 - 17:00
12:00 - 13:30 휴게시간",인제대학교부산백병원,부산 부산진구 복지로 75,"08:00 - 17:00
12:00 - 13:30 휴게시간",,08:00 - 12:00,정기휴무 (매주 일요일),,,,종합병원,051-890-6114
,,,,,윤종주정형외과 조현정내과의원,부산 사하구 낙동남로 1417 락희빌딩 3층(내과) 4층(정형외과),,,,,,,,정형외과,051-714-7105
